predicate,kind,shape,declared,status,hypothesis_sites,hypothesis_sites_in_cone,suppliers,suppliers_in_cone,files_using,declared_in_cone,unique_short_name,negative_reliable,chain,hint_supplied_parent,route4_chain,hint_in_proof_ascription,hint,example_sites,example_suppliers,hypothesis_sites_ambiguous,hypothesis_sites_ambiguous_in_cone,supplied_by
DifferentialGeometry.CheegerGromovCompactness.MetricCompactnessAssumptions,structure,bundle,DifferentialGeometry/Geometry/Compactness/CheegerGromov/Gluing/MetricCompactness/Assumptions.lean:342,conditional,124,84,11,4,30,True,True,,DifferentialGeometry.CheegerGromovCompactness.MetricCompactnessAssumptions <= DifferentialGeometry/Geometry/Compactness/CheegerGromov/Gluing/CenterMap/Construction/Support.lean:321 [concl] needs DifferentialGeometry.CheegerGromovCompactness.MetricCompactBase; DifferentialGeometry.CheegerGromovCompactness.MetricCompactBase: no supplier in cone,,,,suppliers: concl 4; route2-apply? DifferentialGeometry/Geometry/Compactness/CheegerGromov/Gluing/CenterMap/Construction/Fill.lean:1590 via toSeedWithDivisor,DifferentialGeometry/Geometry/Compactness/CheegerGromov/ApproximateIsometry/InverseChartConvergence/StageJet.lean:166; DifferentialGeometry/Geometry/Compactness/CheegerGromov/ApproximateIsometry/InverseCovariantDerivativeComponents/StageJet.lean:34; DifferentialGeometry/Geometry/Compactness/CheegerGromov/ApproximateIsometry/LocalPullbackBounds/StageJet.lean:50; DifferentialGeometry/Geometry/Compactness/CheegerGromov/ApproximateIsometry/MetricApproximation/StageJet.lean:159,DifferentialGeometry/Geometry/Compactness/CheegerGromov/Gluing/CenterMap/Construction/Support.lean:321; DifferentialGeometry/Geometry/Compactness/CheegerGromov/Gluing/CenterMap/Construction/Support.lean:593; DifferentialGeometry/Geometry/Compactness/CheegerGromov/Gluing/CenterMap/Construction/Support.lean:846,0,0,
DifferentialGeometry.CheegerGromovCompactness.NormalCoordMetricBounds,structure,bundle,DifferentialGeometry/Geometry/Compactness/CheegerGromov/NormalCoordinates/Metric/Bounds.lean:128,conditional,122,80,2,1,34,True,True,,DifferentialGeometry.CheegerGromovCompactness.NormalCoordMetricBounds <= DifferentialGeometry/Geometry/Compactness/CheegerGromov/NormalCoordinates/Metric/Convergence.lean:178 [route2-let] needs DifferentialGeometry.CheegerGromovCompactness.MetricCompactnessAssumptions; DifferentialGeometry.CheegerGromovCompactness.MetricCompactnessAssumptions <= DifferentialGeometry/Geometry/Compactness/CheegerGromov/Gluing/CenterMap/Construction/Support.lean:321 [concl] needs DifferentialGeometry.CheegerGromovCompactness.MetricCompactBase; DifferentialGeometry.CheegerGromovCompactness.MetricCompactBase: no supplier in cone,,DifferentialGeometry.CheegerGromovCompactness.NormalCoordMetricBounds <- DifferentialGeometry.CheegerGromovCompactness.MetricCompactBase (no supplied container at any level; 2 walked),DifferentialGeometry/Geometry/Compactness/CheegerGromov/Gluing/AtomWeights/Convergence.lean:488; DifferentialGeometry/Geometry/Compactness/CheegerGromov/Gluing/CenterMap/Convergence/CenterAverage.lean:599,route4-refuted; route2?; suppliers: route2-let 1; route2-apply? DifferentialGeometry/Geometry/Compactness/CheegerGromov/Gluing/CenterMap/Construction/Support.lean:321 via exists_hat_center_of_mass_min,DifferentialGeometry/Geometry/Compactness/CheegerGromov/BoundedGeometry/NormalCoordinates/RadiusProfile.lean:25; DifferentialGeometry/Geometry/Compactness/CheegerGromov/BoundedGeometry/NormalCoordinates/RadiusProfile.lean:43; DifferentialGeometry/Geometry/Compactness/CheegerGromov/BoundedGeometry/NormalCoordinates/RadiusProfile.lean:67; DifferentialGeometry/Geometry/Compactness/CheegerGromov/BoundedGeometry/NormalCoordinates/RadiusProfile.lean:74,DifferentialGeometry/Geometry/Compactness/CheegerGromov/NormalCoordinates/Metric/Convergence.lean:70; DifferentialGeometry/Geometry/Compactness/CheegerGromov/NormalCoordinates/Metric/Convergence.lean:178,0,0,
DifferentialGeometry.PDE.RicciFlow.Perelman.CanonicalNeighborhood.FiniteHorn,structure,bundle,DifferentialGeometry/Geometry/Flow/RicciFlow/Perelman/CanonicalNeighborhood/FiniteHornDefs.lean:144,no_supplier_in_cone,293,58,1,0,58,True,True,,DifferentialGeometry.PDE.RicciFlow.Perelman.CanonicalNeighborhood.FiniteHorn: no supplier in cone,,DifferentialGeometry.PDE.RicciFlow.Perelman.CanonicalNeighborhood.FiniteHorn <- DifferentialGeometry.PDE.RicciFlow.Perelman.CanonicalNeighborhood.FiniteHorn.HornOnLimit (no supplied container at any level; 2 walked),,route4-refuted; route2-apply? DifferentialGeometry/Geometry/Flow/RicciFlow/Perelman/CanonicalNeighborhood/FiniteHornEndGeometryDepth.lean:41 via exists_finiteHorn_end_geometry_depth,DifferentialGeometry/Geometry/Flow/RicciFlow/Perelman/CanonicalNeighborhood/ConeConvergence.lean:26; DifferentialGeometry/Geometry/Flow/RicciFlow/Perelman/CanonicalNeighborhood/ConeConvergence.lean:371; DifferentialGeometry/Geometry/Flow/RicciFlow/Perelman/CanonicalNeighborhood/ConeConvergence.lean:386; DifferentialGeometry/Geometry/Flow/RicciFlow/Perelman/CanonicalNeighborhood/ConeConvergence.lean:395,DifferentialGeometry/Geometry/Flow/RicciFlow/Perelman/CanonicalNeighborhood/FiniteHornEndFrontier.lean:94,0,0,
DifferentialGeometry.PDE.RicciFlow.Perelman.CanonicalNeighborhood.FiniteHorn.EndRay,structure,bundle,DifferentialGeometry/Geometry/Flow/RicciFlow/Perelman/CanonicalNeighborhood/FiniteHornDefs.lean:26,conditional,223,48,23,5,53,True,True,,DifferentialGeometry.PDE.RicciFlow.Perelman.CanonicalNeighborhood.FiniteHorn.EndRay <= DifferentialGeometry/Geometry/Flow/RicciFlow/Perelman/CanonicalNeighborhood/FiniteHornIntrinsicRays.lean:109 [concl] needs DifferentialGeometry.PDE.RicciFlow.Perelman.CanonicalNeighborhood.FiniteHorn; DifferentialGeometry.PDE.RicciFlow.Perelman.CanonicalNeighborhood.FiniteHorn: no supplier in cone,,DifferentialGeometry.PDE.RicciFlow.Perelman.CanonicalNeighborhood.FiniteHorn.EndRay <- DifferentialGeometry.PDE.RicciFlow.Perelman.CanonicalNeighborhood.FiniteHorn (no supplied container at any level; 9 walked),DifferentialGeometry/Geometry/Flow/RicciFlow/Perelman/CanonicalNeighborhood/FiniteHornEndAngle.lean:161; DifferentialGeometry/Geometry/Flow/RicciFlow/Perelman/CanonicalNeighborhood/FiniteHornRayApproximation.lean:30,"route4-refuted; route2?; suppliers: concl 3, route2-let 2; route2-apply? DifferentialGeometry/Geometry/Flow/RicciFlow/Perelman/CanonicalNeighborhood/FiniteHornDefs.lean:258 via endComparisonAngle",DifferentialGeometry/Geometry/Flow/RicciFlow/Perelman/CanonicalNeighborhood/ConeConvergence.lean:26; DifferentialGeometry/Geometry/Flow/RicciFlow/Perelman/CanonicalNeighborhood/ConeConvergence.lean:371; DifferentialGeometry/Geometry/Flow/RicciFlow/Perelman/CanonicalNeighborhood/ConeConvergence.lean:386; DifferentialGeometry/Geometry/Flow/RicciFlow/Perelman/CanonicalNeighborhood/ConeConvergence.lean:395,DifferentialGeometry/Geometry/Flow/RicciFlow/Perelman/CanonicalNeighborhood/ConeConvergence.lean:109; DifferentialGeometry/Geometry/Flow/RicciFlow/Perelman/CanonicalNeighborhood/EndRayCompactness.lean:33; DifferentialGeometry/Geometry/Flow/RicciFlow/Perelman/CanonicalNeighborhood/EndRayCompactness.lean:72,0,0,
DifferentialGeometry.CheegerGromovCompactness.NormalRadiusProfile,structure,bundle,DifferentialGeometry/Geometry/Compactness/CheegerGromov/BoundedGeometry/NormalCoordinates/RadiusProfile.lean:25,no_supplier,46,31,0,0,13,True,True,,DifferentialGeometry.CheegerGromovCompactness.NormalRadiusProfile: no supplier,,DifferentialGeometry.CheegerGromovCompactness.NormalRadiusProfile <- DifferentialGeometry.CheegerGromovCompactness.MetricCompactBase (no supplied container at any level; 2 walked),,route4-refuted; route2-apply? DifferentialGeometry/Geometry/Compactness/CheegerGromov/Gluing/CenterMap/Construction/Support.lean:321 via exists_hat_center_of_mass_min,DifferentialGeometry/Geometry/Compactness/CheegerGromov/BoundedGeometry/NormalCoordinates/RadiusProfile.lean:43; DifferentialGeometry/Geometry/Compactness/CheegerGromov/BoundedGeometry/NormalCoordinates/RadiusProfile.lean:67; DifferentialGeometry/Geometry/Compactness/CheegerGromov/BoundedGeometry/NormalCoordinates/RadiusProfile.lean:74; DifferentialGeometry/Geometry/Compactness/CheegerGromov/BoundedGeometry/NormalCoordinates/RadiusProfile.lean:82,,0,0,
DifferentialGeometry.PDE.RicciFlow.Extinction.CurveShortening.SmoothMetricWindow,structure,bundle,DifferentialGeometry/Geometry/Flow/RicciFlow/Extinction/CurveShortening/Basic.lean:161,no_supplier_in_cone,100,29,4,0,37,True,True,,DifferentialGeometry.PDE.RicciFlow.Extinction.CurveShortening.SmoothMetricWindow: no supplier in cone [hint: route4 via DifferentialGeometry.PDE.RicciFlow.Extinction.CurveShortening.RicciBackground],DifferentialGeometry.PDE.RicciFlow.Extinction.CurveShortening.SmoothMetricWindow <- DifferentialGeometry.PDE.RicciFlow.Extinction.CurveShortening.RicciBackground (supplied),DifferentialGeometry.PDE.RicciFlow.Extinction.CurveShortening.SmoothMetricWindow <- DifferentialGeometry.PDE.RicciFlow.Extinction.CurveShortening.RicciBackground (supplied),,route4; route2-apply? DifferentialGeometry/Geometry/Flow/RicciFlow/Extinction/CurveShortening/AreaEvolution/MinimizingDisk.lean:129 via rfs_plateau_upper_comparison,DifferentialGeometry/Geometry/Flow/RicciFlow/Extinction/CurveShortening/Basic.lean:167; DifferentialGeometry/Geometry/Flow/RicciFlow/Extinction/CurveShortening/Basic.lean:247; DifferentialGeometry/Geometry/Flow/RicciFlow/Extinction/CurveShortening/CompactFamilyExistence.lean:19; DifferentialGeometry/Geometry/Flow/RicciFlow/Extinction/CurveShortening/CompactFamilyExistence.lean:115,DifferentialGeometry/Geometry/Flow/RicciFlow/Extinction/CurveShortening/LocalExistenceDimensionOne.lean:105; DifferentialGeometry/Geometry/Flow/RicciFlow/Extinction/CurveShortening/LocalExistenceDimensionOne.lean:112; DifferentialGeometry/Geometry/Flow/RicciFlow/Extinction/CurveShortening/LocalExistenceDimensionOne.lean:118,0,0,
DifferentialGeometry.CheegerGromovCompactness.HasSupportedCenterMapConvergence,def,predicate,DifferentialGeometry/Geometry/Compactness/CheegerGromov/Gluing/CenterMap/Convergence/Support.lean:51,conditional,28,26,6,5,7,True,True,,DifferentialGeometry.CheegerGromovCompactness.HasSupportedCenterMapConvergence <= DifferentialGeometry/Geometry/Compactness/CheegerGromov/Gluing/CenterMap/Construction/Support.lean:321 [concl] needs DifferentialGeometry.CheegerGromovCompactness.MetricCompactBase; DifferentialGeometry.CheegerGromovCompactness.MetricCompactBase: no supplier in cone,,,,"suppliers: concl 3, route2-have 1, stmt-def 1; route2-apply? DifferentialGeometry/Geometry/Compactness/CheegerGromov/Gluing/CenterMap/Construction/Support.lean:593 via subseq",DifferentialGeometry/Geometry/Compactness/CheegerGromov/ApproximateIsometry/LocalPullbackBounds/StageJet.lean:50; DifferentialGeometry/Geometry/Compactness/CheegerGromov/Gluing/CenterMap/Construction/Fill.lean:539; DifferentialGeometry/Geometry/Compactness/CheegerGromov/Gluing/CenterMap/Construction/Fill.lean:1520; DifferentialGeometry/Geometry/Compactness/CheegerGromov/Gluing/CenterMap/Construction/Fill.lean:1681,DifferentialGeometry/Geometry/Compactness/CheegerGromov/Gluing/CenterMap/Construction/Support.lean:321; DifferentialGeometry/Geometry/Compactness/CheegerGromov/Gluing/CenterMap/Construction/Support.lean:593; DifferentialGeometry/Geometry/Compactness/CheegerGromov/Gluing/CenterMap/Construction/Support.lean:764,0,0,
OrientationAssembly.AtlasLeft,abbrev,predicate,DifferentialGeometry/Topology/ThreeManifold/ConnectedSum/SeamOrientationGlue.lean:85,no_supplier,27,25,0,0,1,True,True,,OrientationAssembly.AtlasLeft: no supplier,,,,route2-apply? DifferentialGeometry/Topology/ThreeManifold/ConnectedSum/SeamOrientationGlue.lean:1629 via SO_L,DifferentialGeometry/Topology/ThreeManifold/ConnectedSum/SeamOrientationGlue.lean:579; DifferentialGeometry/Topology/ThreeManifold/ConnectedSum/SeamOrientationGlue.lean:832; DifferentialGeometry/Topology/ThreeManifold/ConnectedSum/SeamOrientationGlue.lean:1609; DifferentialGeometry/Topology/ThreeManifold/ConnectedSum/SeamOrientationGlue.lean:114,,0,0,
OrientationAssembly.AtlasRight,abbrev,predicate,DifferentialGeometry/Topology/ThreeManifold/ConnectedSum/SeamOrientationGlue.lean:92,no_supplier,26,25,0,0,1,True,True,,OrientationAssembly.AtlasRight: no supplier,,,,route2-apply? DifferentialGeometry/Topology/ThreeManifold/ConnectedSum/SeamOrientationGlue.lean:1011 via gR,DifferentialGeometry/Topology/ThreeManifold/ConnectedSum/SeamOrientationGlue.lean:833; DifferentialGeometry/Topology/ThreeManifold/ConnectedSum/SeamOrientationGlue.lean:1009; DifferentialGeometry/Topology/ThreeManifold/ConnectedSum/SeamOrientationGlue.lean:1073; DifferentialGeometry/Topology/ThreeManifold/ConnectedSum/SeamOrientationGlue.lean:1134,,0,0,
DifferentialGeometry.Analysis.Sobolev.Euclidean.SmoothDiffeoBounded,structure,bundle,DifferentialGeometry/Analysis/Sobolev/Euclidean/ChainRule/Defs.lean:15,no_supplier,26,20,0,0,4,True,True,,DifferentialGeometry.Analysis.Sobolev.Euclidean.SmoothDiffeoBounded: no supplier,,,,,DifferentialGeometry/Analysis/Sobolev/Euclidean/ChainRule/ChainRuleHigherK.lean:24; DifferentialGeometry/Analysis/Sobolev/Euclidean/ChainRule/ChainRuleHigherK.lean:27; DifferentialGeometry/Analysis/Sobolev/Euclidean/ChainRule/ChainRuleHigherK.lean:33; DifferentialGeometry/Analysis/Sobolev/Euclidean/ChainRule/ChainRuleHigherK.lean:38,,0,0,
DifferentialGeometry.CheegerGromovCompactness.HasStageJetConvergence,def,predicate,DifferentialGeometry/Geometry/Compactness/CheegerGromov/Gluing/StageComparison/Basic.lean:3236,conditional,18,13,4,4,9,True,True,,DifferentialGeometry.CheegerGromovCompactness.HasStageJetConvergence <= DifferentialGeometry/Geometry/Compactness/CheegerGromov/Gluing/StageComparison/Basic.lean:3489 [concl] needs DifferentialGeometry.CheegerGromovCompactness.MetricCompactBase; DifferentialGeometry.CheegerGromovCompactness.MetricCompactBase: no supplier in cone,,DifferentialGeometry.CheegerGromovCompactness.HasStageJetConvergence <- DifferentialGeometry.CheegerGromovCompactness.StageConvergenceSelection (no supplied container at any level; 1 walked),,"route4-refuted; suppliers: concl 2, stmt-def 2",DifferentialGeometry/Geometry/Compactness/CheegerGromov/ApproximateIsometry/InverseChartConvergence/StageJet.lean:166; DifferentialGeometry/Geometry/Compactness/CheegerGromov/ApproximateIsometry/InverseCovariantDerivativeComponents/StageJet.lean:34; DifferentialGeometry/Geometry/Compactness/CheegerGromov/ApproximateIsometry/MetricApproximation/StageJet.lean:159; DifferentialGeometry/Geometry/Compactness/CheegerGromov/ApproximateIsometry/MetricConvergence/StageJet.lean:325,DifferentialGeometry/Geometry/Compactness/CheegerGromov/Gluing/StageComparison/Basic.lean:3489; DifferentialGeometry/Geometry/Compactness/CheegerGromov/Gluing/StageConstruction/Diagonal.lean:225; DifferentialGeometry/Geometry/Compactness/CheegerGromov/Gluing/StageConstruction/RadiusTail.lean:371,0,0,
DifferentialGeometry.CoerciveBilinInverse,class,class,DifferentialGeometry/Geometry/Metric/TensorInner/Fiber/CoerciveBilinearInverse.lean:10,no_supplier_in_cone,14,13,2,0,4,True,True,,DifferentialGeometry.CoerciveBilinInverse: no supplier in cone,,,,route2-apply? DifferentialGeometry/Geometry/Compactness/CheegerGromov/ApproximateIsometry/MetricDerivativeBounds/BoundedGeometry.lean:687 via koszulVec,DifferentialGeometry/Geometry/Compactness/CheegerGromov/BoundedGeometry/NormalCoordinates/TransitionBounds.lean:262; DifferentialGeometry/Geometry/Compactness/CheegerGromov/BoundedGeometry/NormalCoordinates/TransitionBounds.lean:1510; DifferentialGeometry/Geometry/Compactness/CheegerGromov/BoundedGeometry/NormalCoordinates/TransitionBounds.lean:1615; DifferentialGeometry/Geometry/Compactness/CheegerGromov/BoundedGeometry/NormalCoordinates/TransitionBounds.lean:1650,DifferentialGeometry/Geometry/Metric/TensorInner/Fiber/CoerciveBilinearInverse.lean:101; DifferentialGeometry/Geometry/Metric/TensorInner/Fiber/CoerciveBilinearInverse.lean:116,0,0,
DifferentialGeometry.CheegerGromovCompactness.HasStageSeedOn,def,predicate,DifferentialGeometry/Geometry/Compactness/CheegerGromov/Gluing/StageConstruction/Seed.lean:86,conditional,12,11,5,2,4,True,True,,DifferentialGeometry.CheegerGromovCompactness.HasStageSeedOn <= DifferentialGeometry/Geometry/Compactness/CheegerGromov/Gluing/StageComparison/HigherRegularity.lean:1358 [concl] needs DifferentialGeometry.CheegerGromovCompactness.IsStableNet; DifferentialGeometry.CheegerGromovCompactness.IsStableNet: no supplier,,,,"suppliers: concl 1, route2-have 1",DifferentialGeometry/Geometry/Compactness/CheegerGromov/ApproximateIsometry/PairwiseApproximation/BoundedGeometry.lean:192; DifferentialGeometry/Geometry/Compactness/CheegerGromov/Gluing/StageConstruction/Diagonal.lean:273; DifferentialGeometry/Geometry/Compactness/CheegerGromov/Gluing/StageConstruction/Diagonal.lean:289; DifferentialGeometry/Geometry/Compactness/CheegerGromov/Gluing/StageConstruction/Diagonal.lean:299,DifferentialGeometry/Geometry/Compactness/CheegerGromov/Gluing/StageComparison/HigherRegularity.lean:1358; DifferentialGeometry/Geometry/Compactness/CheegerGromov/Gluing/StageComparison/HigherRegularity.lean:1374; DifferentialGeometry/Geometry/Compactness/CheegerGromov/Gluing/StageComparison/HigherRegularity.lean:1382,0,0,
DifferentialGeometry.CheegerGromovCompactness.HasStageSeed,def,predicate,DifferentialGeometry/Geometry/Compactness/CheegerGromov/Gluing/StageConstruction/Seed.lean:77,no_supplier_in_cone,10,10,2,0,3,True,True,,DifferentialGeometry.CheegerGromovCompactness.HasStageSeed: no supplier in cone,,,,route2-apply? DifferentialGeometry/Geometry/Compactness/CheegerGromov/ApproximateIsometry/PairwiseApproximation/BoundedGeometry.lean:94 via geom_tail,DifferentialGeometry/Geometry/Compactness/CheegerGromov/Gluing/StageConstruction/Diagonal.lean:171; DifferentialGeometry/Geometry/Compactness/CheegerGromov/Gluing/StageConstruction/Diagonal.lean:185; DifferentialGeometry/Geometry/Compactness/CheegerGromov/Gluing/StageConstruction/Diagonal.lean:194; DifferentialGeometry/Geometry/Compactness/CheegerGromov/Gluing/StageConstruction/Diagonal.lean:203,DifferentialGeometry/Geometry/Compactness/CheegerGromov/Gluing/StageConstruction/Diagonal.lean:385; DifferentialGeometry/Geometry/Compactness/CheegerGromov/Gluing/StageConstruction/Seed.lean:138,0,0,
DifferentialGeometry.CheegerGromovCompactness.MetricCompactBase,structure,bundle,DifferentialGeometry/Geometry/Compactness/CheegerGromov/Gluing/MetricCompactness/Assumptions.lean:171,no_supplier_in_cone,18,10,2,0,8,True,True,,DifferentialGeometry.CheegerGromovCompactness.MetricCompactBase: no supplier in cone,,,,route2-apply? DifferentialGeometry/Geometry/Compactness/CheegerGromov/Gluing/MetricCompactness/Assumptions.lean:193 via toSeed,DifferentialGeometry/Geometry/Compactness/CheegerGromov/ApproximateIsometry/PairwiseApproximation/BoundedGeometry.lean:331; DifferentialGeometry/Geometry/Compactness/CheegerGromov/Gluing/CenterMap/Construction/Support.lean:321; DifferentialGeometry/Geometry/Compactness/CheegerGromov/Gluing/CenterMap/Construction/Support.lean:593; DifferentialGeometry/Geometry/Compactness/CheegerGromov/Gluing/MetricCompactness/Assumptions.lean:183,DifferentialGeometry/Geometry/Compactness/CheegerGromov/Gluing/MetricCompactness/Assumptions.lean:193; DifferentialGeometry/Geometry/Compactness/CheegerGromov/Gluing/MetricCompactness/Assumptions.lean:384,0,0,
DifferentialGeometry.PDE.RicciFlow.Perelman.CanonicalNeighborhood.FiniteHorn.GlobalNeckTube,structure,bundle,DifferentialGeometry/Geometry/Flow/RicciFlow/Perelman/CanonicalNeighborhood/FiniteHornDefs.lean:39,no_supplier_in_cone,12,10,1,0,3,True,True,,DifferentialGeometry.PDE.RicciFlow.Perelman.CanonicalNeighborhood.FiniteHorn.GlobalNeckTube: no supplier in cone,,DifferentialGeometry.PDE.RicciFlow.Perelman.CanonicalNeighborhood.FiniteHorn.GlobalNeckTube <- DifferentialGeometry.PDE.RicciFlow.Perelman.CanonicalNeighborhood.FiniteHorn <- DifferentialGeometry.PDE.RicciFlow.Perelman.CanonicalNeighborhood.FiniteHorn.HornOnLimit (no supplied container at any level; 6 walked),,route4-refuted; route2-apply? DifferentialGeometry/Geometry/Flow/RicciFlow/Perelman/CanonicalNeighborhood/FiniteHornRadialNeighborhood.lean:45 via sectionSet,DifferentialGeometry/Geometry/Flow/RicciFlow/Perelman/CanonicalNeighborhood/FiniteHornDefs.lean:47; DifferentialGeometry/Geometry/Flow/RicciFlow/Perelman/CanonicalNeighborhood/FiniteHornDefs.lean:50; DifferentialGeometry/Geometry/Flow/RicciFlow/Perelman/CanonicalNeighborhood/FiniteHornDefs.lean:58; DifferentialGeometry/Geometry/Flow/RicciFlow/Perelman/CanonicalNeighborhood/FiniteHornDefs.lean:65,DifferentialGeometry/Geometry/Flow/RicciFlow/Perelman/CanonicalNeighborhood/FiniteHornStructure.lean:233,0,0,
LeanEval.Topology.ClassificationOfSurfaces.Moise.FinitePLHomeomorphBetween,structure,bundle,DifferentialGeometry/External/ClassificationOfSurfaces/Moise/FinitePLHomeomorph.lean:34,no_supplier,17,10,0,0,1,True,True,,LeanEval.Topology.ClassificationOfSurfaces.Moise.FinitePLHomeomorphBetween: no supplier [hint: route2? DifferentialGeometry/External/ClassificationOfSurfaces/Moise/FinitePLHomeomorph.lean:333],,,DifferentialGeometry/External/ClassificationOfSurfaces/Moise/FinitePLHomeomorph.lean:333,route2?,DifferentialGeometry/External/ClassificationOfSurfaces/Moise/FinitePLHomeomorph.lean:237; DifferentialGeometry/External/ClassificationOfSurfaces/Moise/FinitePLHomeomorph.lean:49; DifferentialGeometry/External/ClassificationOfSurfaces/Moise/FinitePLHomeomorph.lean:53; DifferentialGeometry/External/ClassificationOfSurfaces/Moise/FinitePLHomeomorph.lean:70,,0,0,
DifferentialGeometry.Geometry.Connection.LinearIsometricTransport,structure,bundle,DifferentialGeometry/Geometry/Connection/ParallelTransport/Cone/Invariant.lean:13,no_supplier_in_cone,35,9,1,0,5,True,True,,DifferentialGeometry.Geometry.Connection.LinearIsometricTransport: no supplier in cone,,,,,DifferentialGeometry/Geometry/Connection/ParallelTransport/Cone/Invariant.lean:60; DifferentialGeometry/Geometry/Connection/ParallelTransport/Cone/Invariant.lean:65; DifferentialGeometry/Geometry/Connection/ParallelTransport/Kernel.lean:106; DifferentialGeometry/Geometry/Connection/ParallelTransport/Kernel.lean:166,DifferentialGeometry/Geometry/Connection/ParallelTransport/Cone/Invariant.lean:37,0,0,
DifferentialGeometry.CheegerGromovCompactness.HasCurvDerivBound,def,predicate,DifferentialGeometry/Geometry/Compactness/CheegerGromov/Pointed/Bounds/BoundedGeometry.lean:27,no_supplier_in_cone,15,8,1,0,6,True,True,,DifferentialGeometry.CheegerGromovCompactness.HasCurvDerivBound: no supplier in cone [hint: route4 via DifferentialGeometry.CheegerGromovCompactness.BoundedGeometry],DifferentialGeometry.CheegerGromovCompactness.HasCurvDerivBound <- DifferentialGeometry.CheegerGromovCompactness.BoundedGeometry (supplied),DifferentialGeometry.CheegerGromovCompactness.HasCurvDerivBound <- DifferentialGeometry.CheegerGromovCompactness.BoundedGeometry (supplied),,route4; route2-apply? DifferentialGeometry/Geometry/Compactness/CheegerGromov/NormalCoordinates/Jacobi/JetBounds.lean:1082 via curv_op_n_le,DifferentialGeometry/Geometry/Compactness/CheegerGromov/NormalCoordinates/Jacobi/JetBounds.lean:821; DifferentialGeometry/Geometry/Compactness/CheegerGromov/Pointed/Bounds/BoundedGeometry.lean:58; DifferentialGeometry/Geometry/Compactness/CheegerGromov/Pointed/Bounds/BoundedGeometry.lean:94; DifferentialGeometry/Geometry/Compactness/CheegerGromov/Pointed/Bounds/BoundedGeometry.lean:224,DifferentialGeometry/Geometry/Flow/RicciFlow/Perelman/KappaSolutions/StaircaseCompactnessReduction.lean:24,0,0,
DifferentialGeometry.CheegerGromovCompactness.NestedSubseq,structure,bundle,DifferentialGeometry/Geometry/Compactness/CheegerGromov/Gluing/StageConstruction/Diagonal.lean:31,conditional,8,8,2,2,1,True,True,,DifferentialGeometry.CheegerGromovCompactness.NestedSubseq <= DifferentialGeometry/Geometry/Compactness/CheegerGromov/Gluing/StageConstruction/Diagonal.lean:318 [concl] needs DifferentialGeometry.CheegerGromovCompactness.HasStageSeedOn; DifferentialGeometry.CheegerGromovCompactness.HasStageSeedOn <= DifferentialGeometry/Geometry/Compactness/CheegerGromov/Gluing/StageComparison/HigherRegularity.lean:1358 [concl] needs DifferentialGeometry.CheegerGromovCompactness.IsStableNet; DifferentialGeometry.CheegerGromovCompactness.IsStableNet: no supplier,,,,suppliers: concl 2,DifferentialGeometry/Geometry/Compactness/CheegerGromov/Gluing/StageConstruction/Diagonal.lean:41; DifferentialGeometry/Geometry/Compactness/CheegerGromov/Gluing/StageConstruction/Diagonal.lean:43; DifferentialGeometry/Geometry/Compactness/CheegerGromov/Gluing/StageConstruction/Diagonal.lean:47; DifferentialGeometry/Geometry/Compactness/CheegerGromov/Gluing/StageConstruction/Diagonal.lean:50,DifferentialGeometry/Geometry/Compactness/CheegerGromov/Gluing/StageConstruction/Diagonal.lean:211; DifferentialGeometry/Geometry/Compactness/CheegerGromov/Gluing/StageConstruction/Diagonal.lean:318,0,0,
ContinuousMultilinearMap.IsSymmetric,def,predicate,DifferentialGeometry/Tensor/Multilinear/Polarization.lean:17,no_supplier,7,7,0,0,1,True,False,,ContinuousMultilinearMap.IsSymmetric: no supplier [hint: route2? DifferentialGeometry/Geometry/Compactness/CheegerGromov/NormalCoordinates/Metric/JetBounds.lean:271],,,DifferentialGeometry/Geometry/Compactness/CheegerGromov/NormalCoordinates/Metric/JetBounds.lean:271,route2?; route2-apply? DifferentialGeometry/Geometry/Compactness/CheegerGromov/NormalCoordinates/Metric/JetBounds.lean:195 via opNorm_le_diag_unit,DifferentialGeometry/Tensor/Multilinear/Polarization.lean:21; DifferentialGeometry/Tensor/Multilinear/Polarization.lean:101; DifferentialGeometry/Tensor/Multilinear/Polarization.lean:112; DifferentialGeometry/Tensor/Multilinear/Polarization.lean:165,,2,0,
DifferentialGeometry.Analysis.Spectral.DeTurckCoefficients.HasChartJetLip,structure,predicate,DifferentialGeometry/Analysis/Spectral/Intrinsic/DeTurckCoefficients/Chart/JetLipschitzClosure.lean:26,no_supplier_in_cone,9,7,22,0,1,True,True,,DifferentialGeometry.Analysis.Spectral.DeTurckCoefficients.HasChartJetLip: no supplier in cone,,,,route2-apply? DifferentialGeometry/Analysis/Spectral/Intrinsic/DeTurckCoefficients/Chart/RicciRHSRealizeJet.lean:33 via add,DifferentialGeometry/Analysis/Spectral/Intrinsic/DeTurckCoefficients/Chart/JetLipschitzClosure.lean:41; DifferentialGeometry/Analysis/Spectral/Intrinsic/DeTurckCoefficients/Chart/JetLipschitzClosure.lean:51; DifferentialGeometry/Analysis/Spectral/Intrinsic/DeTurckCoefficients/Chart/JetLipschitzClosure.lean:63; DifferentialGeometry/Analysis/Spectral/Intrinsic/DeTurckCoefficients/Chart/JetLipschitzClosure.lean:118,DifferentialGeometry/Analysis/Spectral/Intrinsic/DeTurckCoefficients/Chart/JetLipschitzClosure.lean:364; DifferentialGeometry/Analysis/Spectral/Intrinsic/DeTurckCoefficients/Chart/JetLipschitzClosure.lean:424; DifferentialGeometry/Analysis/Spectral/Intrinsic/DeTurckCoefficients/Chart/JetLipschitzClosure.lean:450,0,0,
DifferentialGeometry.CheegerGromovCompactness.ExponentialRadiusScaleAt,def,predicate,DifferentialGeometry/Geometry/Compactness/CheegerGromov/Covering/ExponentialBallCovering.lean:198,conditional,13,7,7,4,5,True,True,,DifferentialGeometry.CheegerGromovCompactness.ExponentialRadiusScaleAt <= DifferentialGeometry/Geometry/Compactness/CheegerGromov/Covering/ExponentialBallCovering.lean:212 [stmt-def ExponentialRadiusScaleTail] needs DifferentialGeometry.CheegerGromovCompactness.ExponentialRadiusScaleTail; DifferentialGeometry.CheegerGromovCompactness.ExponentialRadiusScaleTail <= DifferentialGeometry/Geometry/Compactness/CheegerGromov/Gluing/CenterMap/Convergence/Support.lean:537 [route2-have] needs DifferentialGeometry.CheegerGromovCompactness.MetricCompactnessAssumptions; DifferentialGeometry.CheegerGromovCompactness.MetricCompactnessAssumptions <= DifferentialGeometry/Geometry/Compactness/CheegerGromov/Gluing/CenterMap/Construction/Support.lean:321 [concl] needs DifferentialGeometry.CheegerGromovCompactness.MetricCompactBase; DifferentialGeometry.CheegerGromovCompactness.MetricCompactBase: no supplier in cone,,,,"suppliers: route2-have 3, stmt-def 1; route2-apply? DifferentialGeometry/Geometry/Compactness/CheegerGromov/Gluing/CenterMap/Construction/Fill.lean:1783 via stagePointsSub_eq_of_weight_ne_zero",DifferentialGeometry/Geometry/Compactness/CheegerGromov/Gluing/AtomWeights/Basic.lean:251; DifferentialGeometry/Geometry/Compactness/CheegerGromov/Gluing/AtomWeights/Convergence.lean:198; DifferentialGeometry/Geometry/Compactness/CheegerGromov/Gluing/AtomWeights/Convergence.lean:229; DifferentialGeometry/Geometry/Compactness/CheegerGromov/Gluing/CenterMap/Construction/Fill.lean:588,DifferentialGeometry/Geometry/Compactness/CheegerGromov/Covering/ExponentialBallCovering.lean:212; DifferentialGeometry/Geometry/Compactness/CheegerGromov/Covering/ExponentialBallCovering.lean:217; DifferentialGeometry/Geometry/Compactness/CheegerGromov/Gluing/AtomWeights/SmoothLimit.lean:403,0,0,
DifferentialGeometry.CheegerGromovCompactness.HasControlledNormalBranch,def,predicate,DifferentialGeometry/Geometry/Compactness/CheegerGromov/NormalCoordinates/DiagonalInverse/BranchScale.lean:45,conditional,11,7,6,5,4,True,True,,DifferentialGeometry.CheegerGromovCompactness.HasControlledNormalBranch <= DifferentialGeometry/Geometry/Compactness/CheegerGromov/CenterOfMass/Construction/Branch.lean:38 [stmt-def HasControlledLiveNormalBranches] needs DifferentialGeometry.CheegerGromovCompactness.HasControlledLiveNormalBranches; DifferentialGeometry.CheegerGromovCompactness.HasControlledLiveNormalBranches <= DifferentialGeometry/Geometry/Compactness/CheegerGromov/Gluing/CenterMap/Construction/Support.lean:321 [concl] needs DifferentialGeometry.CheegerGromovCompactness.MetricCompactBase; DifferentialGeometry.CheegerGromovCompactness.MetricCompactBase: no supplier in cone,,,,"suppliers: concl 3, stmt-def 1, route2-have 1; route2-apply? DifferentialGeometry/Geometry/Compactness/CheegerGromov/Gluing/CenterMap/Selection/Equation.lean:755 via exists_hat_center_of_mass_solution_at",DifferentialGeometry/Geometry/Compactness/CheegerGromov/CenterOfMass/Construction/Branch.lean:453; DifferentialGeometry/Geometry/Compactness/CheegerGromov/CenterOfMass/Construction/Branch.lean:658; DifferentialGeometry/Geometry/Compactness/CheegerGromov/CenterOfMass/Construction/Branch.lean:1067; DifferentialGeometry/Geometry/Compactness/CheegerGromov/CenterOfMass/Construction/Branch.lean:1251,DifferentialGeometry/Geometry/Compactness/CheegerGromov/CenterOfMass/Construction/Branch.lean:38; DifferentialGeometry/Geometry/Compactness/CheegerGromov/CenterOfMass/Construction/Branch.lean:55; DifferentialGeometry/Geometry/Compactness/CheegerGromov/CenterOfMass/Construction/Branch.lean:257,0,0,
DifferentialGeometry.CheegerGromovCompactness.NormalCoordMetricEquivOn,def,predicate,DifferentialGeometry/Geometry/Compactness/CheegerGromov/NormalCoordinates/Metric/Bounds.lean:50,conditional,16,7,14,11,6,True,True,,"DifferentialGeometry.CheegerGromovCompactness.NormalCoordMetricEquivOn <= DifferentialGeometry/Geometry/Compactness/CheegerGromov/ApproximateIsometry/InverseCovariantDerivativeComponents/StageJet.lean:461 [route2-have] needs DifferentialGeometry.CheegerGromovCompactness.HasStageJetConvergence, DifferentialGeometry.CheegerGromovCompactness.MetricCompactnessAssumptions; DifferentialGeometry.CheegerGromovCompactness.HasStageJetConvergence <= DifferentialGeometry/Geometry/Compactness/CheegerGromov/Gluing/StageComparison/Basic.lean:3489 [concl] needs DifferentialGeometry.CheegerGromovCompactness.MetricCompactBase; DifferentialGeometry.CheegerGromovCompactness.MetricCompactBase: no supplier in cone",,,,suppliers: route2-have 11; route2-apply? DifferentialGeometry/Geometry/Compactness/CheegerGromov/ApproximateIsometry/LocalPullbackBounds/StageJet.lean:50 via symm_dist_le,DifferentialGeometry/Geometry/Compactness/CheegerGromov/Gluing/Source/Buffer.lean:86; DifferentialGeometry/Geometry/Compactness/CheegerGromov/Gluing/Source/Buffer.lean:295; DifferentialGeometry/Geometry/Compactness/CheegerGromov/NormalCoordinates/DistanceComparison.lean:435; DifferentialGeometry/Geometry/Compactness/CheegerGromov/NormalCoordinates/DistanceComparison.lean:547,DifferentialGeometry/Geometry/Compactness/CheegerGromov/ApproximateIsometry/InverseCovariantDerivativeComponents/StageJet.lean:461; DifferentialGeometry/Geometry/Compactness/CheegerGromov/ApproximateIsometry/LocalPullbackBounds/StageJet.lean:156; DifferentialGeometry/Geometry/Compactness/CheegerGromov/ApproximateIsometry/MetricConvergence/StageJet.lean:270,0,0,
DifferentialGeometry.CheegerGromovCompactness.OpenMetricConvergenceData,structure,bundle,DifferentialGeometry/Geometry/Flow/RicciFlow/Compactness/Fields/Open/Convergence.lean:263,no_supplier_in_cone,18,7,2,0,9,True,True,,DifferentialGeometry.CheegerGromovCompactness.OpenMetricConvergenceData: no supplier in cone,,,,route2-apply? DifferentialGeometry/Geometry/Flow/RicciFlow/Compactness/Fields/Open/Existence.lean:24 via complete_at,DifferentialGeometry/Geometry/Flow/RicciFlow/Compactness/Fields/Open/Convergence.lean:283; DifferentialGeometry/Geometry/Flow/RicciFlow/Compactness/Fields/Open/CurvatureConvergence.lean:30; DifferentialGeometry/Geometry/Flow/RicciFlow/Compactness/Fields/Open/Equation.lean:29; DifferentialGeometry/Geometry/Flow/RicciFlow/Compactness/Fields/Open/FlowLimit.lean:36,DifferentialGeometry/Geometry/Flow/RicciFlow/Compactness/Fields/Open/Convergence.lean:319; DifferentialGeometry/Geometry/Flow/RicciFlow/Compactness/Fields/Open/Convergence.lean:389,0,0,
DifferentialGeometry.Geometry.Curvature.TensorSmooth,abbrev,predicate,DifferentialGeometry/Geometry/Curvature/CurvatureOperator/Derivatives/Slotwise.lean:306,no_supplier,18,7,0,0,2,True,False,,DifferentialGeometry.Geometry.Curvature.TensorSmooth: no supplier [hint: route2? DifferentialGeometry/Geometry/Curvature/CurvatureOperator/Derivatives/Slotwise.lean:387],,,DifferentialGeometry/Geometry/Curvature/CurvatureOperator/Derivatives/Slotwise.lean:387; DifferentialGeometry/Geometry/Curvature/CurvatureOperator/Derivatives/Slotwise.lean:565,route2?; route2-apply? DifferentialGeometry/Geometry/Curvature/Bochner/Tensor/Pointwise/FirstOrder/Bounds.lean:1558 via frame_sum_nablaTensor0SCurv_diag_baseSlot_eval,DifferentialGeometry/Geometry/Curvature/CurvatureOperator/Derivatives/Slotwise.lean:348; DifferentialGeometry/Geometry/Curvature/CurvatureOperator/Derivatives/Slotwise.lean:361; DifferentialGeometry/Geometry/Curvature/CurvatureOperator/Derivatives/Slotwise.lean:396; DifferentialGeometry/Geometry/Curvature/CurvatureOperator/Derivatives/Slotwise.lean:494,,0,0,
DifferentialGeometry.PDE.RicciFlow.Extinction.CurveShortening.curveShorteningLocalUniqueness,def,predicate,DifferentialGeometry/Geometry/Flow/RicciFlow/Extinction/CurveShortening/LocalExistence.lean:331,conditional,14,7,4,3,7,True,True,,DifferentialGeometry.PDE.RicciFlow.Extinction.CurveShortening.curveShorteningLocalUniqueness <= DifferentialGeometry/Geometry/Flow/RicciFlow/Extinction/CurveShortening/LocalUniqueness.lean:16 [concl] needs DifferentialGeometry.PDE.RicciFlow.Extinction.CurveShortening.SmoothMetricWindow; DifferentialGeometry.PDE.RicciFlow.Extinction.CurveShortening.SmoothMetricWindow: no supplier in cone [hint: route4 via DifferentialGeometry.PDE.RicciFlow.Extinction.CurveShortening.RicciBackground],,,,suppliers: concl 3; route2-apply? DifferentialGeometry/Geometry/Flow/RicciFlow/Extinction/CurveShortening/CompactFamilyExistence.lean:115 via exists_continuous_compact_solution_family_of_localUniformDependence,DifferentialGeometry/Geometry/Flow/RicciFlow/Extinction/CurveShortening/CompactFamilyExistence.lean:19; DifferentialGeometry/Geometry/Flow/RicciFlow/Extinction/CurveShortening/Continuation.lean:125; DifferentialGeometry/Geometry/Flow/RicciFlow/Extinction/CurveShortening/FamilyDependence.lean:126; DifferentialGeometry/Geometry/Flow/RicciFlow/Extinction/CurveShortening/FamilyDependence.lean:355,DifferentialGeometry/Geometry/Flow/RicciFlow/Extinction/CurveShortening/LocalExistence.lean:381; DifferentialGeometry/Geometry/Flow/RicciFlow/Extinction/CurveShortening/LocalUniqueness.lean:16; DifferentialGeometry/Geometry/Flow/RicciFlow/Extinction/CurveShortening/ParabolicUniqueness.lean:20,0,0,
DifferentialGeometry.Topology.MarkedManifoldGraph,structure,bundle,DifferentialGeometry/Topology/ThreeManifold/PartialGraphRealization.lean:43,no_supplier_in_cone,40,7,20,0,9,True,True,,DifferentialGeometry.Topology.MarkedManifoldGraph: no supplier in cone,,DifferentialGeometry.Topology.MarkedManifoldGraph <- DifferentialGeometry.Topology.SphericalCutCapTransition.CutComponentCollaredQuotientGluingBridge (no supplied container at any level; 1 walked),,route4-refuted; route2-apply? DifferentialGeometry/Topology/ThreeManifold/CutCapCollaredQuotientGluing.lean:132 via PartialRealization,DifferentialGeometry/Topology/ThreeManifold/PartialGraphRealization.lean:117; DifferentialGeometry/Topology/ThreeManifold/PartialGraphRealization.lean:240; DifferentialGeometry/Topology/ThreeManifold/PartialGraphRealization.lean:227; DifferentialGeometry/Topology/ThreeManifold/PartialRealizationAnalytic.lean:31,DifferentialGeometry/Topology/ThreeManifold/CutCapMarkedGraphBridge.lean:158; DifferentialGeometry/Topology/ThreeManifold/MarkedBallTubeProducer.lean:131; DifferentialGeometry/Topology/ThreeManifold/MarkedBallTubeProducer.lean:136,0,0,
DifferentialGeometry.Topology.PiecewiseLinear.IsCircleCapping,def,predicate,DifferentialGeometry/Topology/PiecewiseLinear/CanonicalSurfaceSplit.lean:17,no_supplier,7,7,0,0,7,True,True,,DifferentialGeometry.Topology.PiecewiseLinear.IsCircleCapping: no supplier [hint: route4 via DifferentialGeometry.Topology.PiecewiseLinear.IsCanonicalNullSplit; route2? DifferentialGeometry/Topology/PiecewiseLinear/ComponentSubsurfaceEmbedding.lean:80],DifferentialGeometry.Topology.PiecewiseLinear.IsCircleCapping <- DifferentialGeometry.Topology.PiecewiseLinear.IsCanonicalNullSplit (supplied),DifferentialGeometry.Topology.PiecewiseLinear.IsCircleCapping <- DifferentialGeometry.Topology.PiecewiseLinear.IsCanonicalNullSplit (supplied),DifferentialGeometry/Topology/PiecewiseLinear/ComponentSubsurfaceEmbedding.lean:80,route4; route2?; route2-apply? DifferentialGeometry/Topology/PiecewiseLinear/CanonicalSurfaceEssentialBoundaryTransport.lean:67 via capping_preserves_component_circles,DifferentialGeometry/Topology/PiecewiseLinear/CanonicalSurfaceEssentialBoundaryTransport.lean:16; DifferentialGeometry/Topology/PiecewiseLinear/CircleCappingBoundary.lean:44; DifferentialGeometry/Topology/PiecewiseLinear/CircleCappingComponentInvariants.lean:58; DifferentialGeometry/Topology/PiecewiseLinear/CircleCappingMarkedComponents.lean:15,,0,0,
DifferentialGeometry.CheegerGromovCompactness.BumpMetricConvergence,structure,predicate,DifferentialGeometry/Geometry/Flow/RicciFlow/Compactness/Fields/Open/Convergence.lean:29,no_supplier_in_cone,15,6,6,0,6,True,True,,DifferentialGeometry.CheegerGromovCompactness.BumpMetricConvergence: no supplier in cone,,,,route2-apply? DifferentialGeometry/Geometry/Flow/RicciFlow/Compactness/Fields/Open/HalfLineConvergence.lean:134 via comp,DifferentialGeometry/Geometry/Flow/RicciFlow/Compactness/Fields/Open/Convergence.lean:65; DifferentialGeometry/Geometry/Flow/RicciFlow/Compactness/Fields/Open/Convergence.lean:134; DifferentialGeometry/Geometry/Flow/RicciFlow/Compactness/Fields/Open/Convergence.lean:188; DifferentialGeometry/Geometry/Flow/RicciFlow/Compactness/Fields/Open/Convergence.lean:215,DifferentialGeometry/Geometry/Flow/RicciFlow/Compactness/Fields/Open/Convergence.lean:251; DifferentialGeometry/Geometry/Flow/RicciFlow/Compactness/Fields/Open/Convergence.lean:302; DifferentialGeometry/Geometry/Flow/RicciFlow/Compactness/Fields/Open/EndpointConvergence.lean:123,0,0,
Schoenflies.InitialData,structure,bundle,DifferentialGeometry/External/Schoenflies/InitialPair.lean:1293,no_supplier_in_cone,6,6,5,0,3,True,True,,Schoenflies.InitialData: no supplier in cone [hint: route4 via Schoenflies.AnchoredInitialData],Schoenflies.InitialData <- Schoenflies.AnchoredInitialData (supplied),Schoenflies.InitialData <- Schoenflies.AnchoredInitialData (supplied),,route4; route2-apply? DifferentialGeometry/External/Schoenflies/InitialPair.lean:1449 via skelMap,DifferentialGeometry/External/Schoenflies/InitialGenerated.lean:749; DifferentialGeometry/External/Schoenflies/InitialPair.lean:1327; DifferentialGeometry/External/Schoenflies/InitialPair.lean:1440; DifferentialGeometry/External/Schoenflies/InitialPair.lean:1445,DifferentialGeometry/External/Schoenflies/InitialPair.lean:1817; DifferentialGeometry/External/Schoenflies/InitialPair.lean:1897; DifferentialGeometry/External/Schoenflies/InitialPairFixed.lean:556,0,0,
DifferentialGeometry.Analysis.Parabolic.TensorSpectral.EigenvectorChartRightHandSideDifferentiatedSharpWkpBoundsUpToOrder,structure,bundle,DifferentialGeometry/Analysis/Spectral/Tensor/EllipticBridge/EigenvectorWeakSolution/RightHandSide/Differentiated/Eigenvalue/FiniteOrderBound.lean:45,no_supplier,10,5,0,0,2,True,True,,DifferentialGeometry.Analysis.Parabolic.TensorSpectral.EigenvectorChartRightHandSideDifferentiatedSharpWkpBoundsUpToOrder: no supplier,,,,route2-apply? DifferentialGeometry/Analysis/Spectral/Tensor/EllipticBridge/EigenvectorWeakSolution/Component/ArbitraryOrderSobolevBound.lean:299 via eigenvectorChartRHSDiff_wkpNorm_le_chartcpt_sharp_bdd_explicit,DifferentialGeometry/Analysis/Spectral/Tensor/EllipticBridge/EigenvectorWeakSolution/RightHandSide/Differentiated/Eigenvalue/ExplicitBound.lean:97; DifferentialGeometry/Analysis/Spectral/Tensor/EllipticBridge/EigenvectorWeakSolution/RightHandSide/Differentiated/Eigenvalue/ExplicitBound.lean:714; DifferentialGeometry/Analysis/Spectral/Tensor/EllipticBridge/EigenvectorWeakSolution/RightHandSide/Differentiated/Eigenvalue/ExplicitBound.lean:1202; DifferentialGeometry/Analysis/Spectral/Tensor/EllipticBridge/EigenvectorWeakSolution/RightHandSide/Differentiated/Eigenvalue/ExplicitBound.lean:1216,,0,0,
DifferentialGeometry.Geometry.hasPositiveSectionalCurvature,def,predicate,DifferentialGeometry/Geometry/Curvature/PositiveSectional.lean:28,no_supplier,26,5,0,0,6,True,True,,DifferentialGeometry.Geometry.hasPositiveSectionalCurvature: no supplier,,,,route2-apply? DifferentialGeometry/Geometry/Comparison/Soul/PositiveSoulDiffeomorph.lean:70 via no_compact_geodesic_carrier,DifferentialGeometry/Geometry/Comparison/CompactGeodesicCarrier.lean:32; DifferentialGeometry/Geometry/Comparison/FarPoint.lean:98; DifferentialGeometry/Geometry/Curvature/CompactPositive.lean:282; DifferentialGeometry/Geometry/Curvature/CompactPositive.lean:317,,0,0,
DifferentialGeometry.PDE.RicciFlow.Extinction.CurveShortening.curveShorteningLocalUniformDependence,def,predicate,DifferentialGeometry/Geometry/Flow/RicciFlow/Extinction/CurveShortening/LocalExistence.lean:339,conditional,7,5,1,1,3,True,True,,DifferentialGeometry.PDE.RicciFlow.Extinction.CurveShortening.curveShorteningLocalUniformDependence <= DifferentialGeometry/Geometry/Flow/RicciFlow/Extinction/CurveShortening/FamilyDependence.lean:1920 [concl] needs DifferentialGeometry.PDE.RicciFlow.Extinction.CurveShortening.SmoothMetricWindow; DifferentialGeometry.PDE.RicciFlow.Extinction.CurveShortening.SmoothMetricWindow: no supplier in cone [hint: route4 via DifferentialGeometry.PDE.RicciFlow.Extinction.CurveShortening.RicciBackground],,,,suppliers: concl 1; route2-apply? DifferentialGeometry/Geometry/Flow/RicciFlow/Extinction/CurveShortening/CompactFamilyExistence.lean:115 via exists_continuous_compact_solution_family_of_localUniformDependence,DifferentialGeometry/Geometry/Flow/RicciFlow/Extinction/CurveShortening/CompactFamilyExistence.lean:19; DifferentialGeometry/Geometry/Flow/RicciFlow/Extinction/CurveShortening/FamilyDependence.lean:126; DifferentialGeometry/Geometry/Flow/RicciFlow/Extinction/CurveShortening/FamilyDependence.lean:222; DifferentialGeometry/Geometry/Flow/RicciFlow/Extinction/CurveShortening/FamilyDependence.lean:451,DifferentialGeometry/Geometry/Flow/RicciFlow/Extinction/CurveShortening/FamilyDependence.lean:1920,0,0,
DifferentialGeometry.PDE.RicciFlow.Extinction.Families.ScalarComparisonHypotheses,structure,predicate,DifferentialGeometry/Geometry/Flow/RicciFlow/Extinction/Families/ScalarComparison.lean:13,no_supplier_in_cone,9,5,4,0,3,True,True,,DifferentialGeometry.PDE.RicciFlow.Extinction.Families.ScalarComparisonHypotheses: no supplier in cone [hint: route4 via DifferentialGeometry.PDE.RicciFlow.Surgery.Topology.ObservedComparisonRecord],DifferentialGeometry.PDE.RicciFlow.Extinction.Families.ScalarComparisonHypotheses <- DifferentialGeometry.PDE.RicciFlow.Surgery.Topology.ObservedComparisonRecord (supplied),DifferentialGeometry.PDE.RicciFlow.Extinction.Families.ScalarComparisonHypotheses <- DifferentialGeometry.PDE.RicciFlow.Surgery.Topology.ObservedComparisonRecord (supplied),,route4; route2-apply? DifferentialGeometry/Geometry/Flow/RicciFlow/Extinction/Families/ObservedComparison.lean:41 via scalarComparison_horizon_le_threshold,DifferentialGeometry/Geometry/Flow/RicciFlow/Extinction/Families/ScalarComparison.lean:78; DifferentialGeometry/Geometry/Flow/RicciFlow/Extinction/Families/ScalarComparison.lean:91; DifferentialGeometry/Geometry/Flow/RicciFlow/Extinction/Families/ScalarComparison.lean:131; DifferentialGeometry/Geometry/Flow/RicciFlow/Extinction/Families/ScalarComparison.lean:148,DifferentialGeometry/Geometry/Flow/RicciFlow/Extinction/Width/WidthEvolutionReduction.lean:116; DifferentialGeometry/Geometry/Flow/RicciFlow/Extinction/Width/WidthEvolutionReduction.lean:201; DifferentialGeometry/Geometry/Flow/RicciFlow/Surgery/Topology/RetainedCoreUniformRecords.lean:45,0,0,
DifferentialGeometry.PDE.RicciFlow.Perelman.CanonicalNeighborhood.FiniteHorn.EndAngles,structure,bundle,DifferentialGeometry/Geometry/Flow/RicciFlow/Perelman/CanonicalNeighborhood/FiniteHornDefs.lean:258,conditional,64,5,7,2,17,True,True,,"DifferentialGeometry.PDE.RicciFlow.Perelman.CanonicalNeighborhood.FiniteHorn.EndAngles <= DifferentialGeometry/Geometry/Flow/RicciFlow/Perelman/CanonicalNeighborhood/FiniteHornEndAngle.lean:149 [concl] needs DifferentialGeometry.PDE.RicciFlow.Perelman.CanonicalNeighborhood.FiniteHorn, DifferentialGeometry.PDE.RicciFlow.Perelman.CanonicalNeighborhood.FiniteHorn.EndRay; DifferentialGeometry.PDE.RicciFlow.Perelman.CanonicalNeighborhood.FiniteHorn: no supplier in cone",,DifferentialGeometry.PDE.RicciFlow.Perelman.CanonicalNeighborhood.FiniteHorn.EndAngles <- DifferentialGeometry.PDE.RicciFlow.Perelman.CanonicalNeighborhood.FiniteHorn.HornOnLimit (no supplied container at any level; 2 walked),,"route4-refuted; suppliers: concl 1, route2-let 1; route2-apply? DifferentialGeometry/Geometry/Flow/RicciFlow/Perelman/CanonicalNeighborhood/FiniteHornEndGeometryDepth.lean:41 via exists_finiteHorn_end_geometry_depth",DifferentialGeometry/Geometry/Flow/RicciFlow/Perelman/CanonicalNeighborhood/ConeConvergence.lean:26; DifferentialGeometry/Geometry/Flow/RicciFlow/Perelman/CanonicalNeighborhood/ConeConvergence.lean:371; DifferentialGeometry/Geometry/Flow/RicciFlow/Perelman/CanonicalNeighborhood/ConeConvergence.lean:395; DifferentialGeometry/Geometry/Flow/RicciFlow/Perelman/CanonicalNeighborhood/ConeConvergence.lean:415,DifferentialGeometry/Geometry/Flow/RicciFlow/Perelman/CanonicalNeighborhood/FiniteHornEndAngle.lean:149; DifferentialGeometry/Geometry/Flow/RicciFlow/Perelman/CanonicalNeighborhood/FiniteHornEndAngle.lean:192; DifferentialGeometry/Geometry/Flow/RicciFlow/Perelman/CanonicalNeighborhood/FiniteHornEndAngleMonotone.lean:202,0,0,
DifferentialGeometry.PDE.RicciFlow.Surgery.Topology.HasRecenterConstants,def,predicate,DifferentialGeometry/Geometry/Flow/RicciFlow/Surgery/Topology/GeometricCutoffFrontier.lean:84,no_supplier_in_cone,24,5,1,0,10,True,True,,DifferentialGeometry.PDE.RicciFlow.Surgery.Topology.HasRecenterConstants: no supplier in cone,,DifferentialGeometry.PDE.RicciFlow.Surgery.Topology.HasRecenterConstants <- DifferentialGeometry.PDE.RicciFlow.Surgery.Topology.GeometricCutoffFrontierReduction (no supplied container at any level; 3 walked),,route4-refuted; route2-apply? DifferentialGeometry/Geometry/Flow/RicciFlow/Surgery/Contract/UniformDebitSurgeryStepOfFineCutNeckSupplyStrong.lean:21 via exists_horn_cutoff_record_of_fineCutNecks_of_le,DifferentialGeometry/Geometry/Flow/RicciFlow/Surgery/Contract/TerminalCorePresentationOfSpatiallyCanonical.lean:816; DifferentialGeometry/Geometry/Flow/RicciFlow/Surgery/Contract/TerminalCorePresentationOfSpatiallyCanonical.lean:907; DifferentialGeometry/Geometry/Flow/RicciFlow/Surgery/Contract/TerminalCorePresentationOfSpatiallyCanonical.lean:1044; DifferentialGeometry/Geometry/Flow/RicciFlow/Surgery/Contract/UniformDebitSurgeryStepOfFactory.lean:39,DifferentialGeometry/Geometry/Flow/RicciFlow/Surgery/Topology/GeometricCutoffFrontier.lean:105,0,0,
DifferentialGeometry.Topology.HasInvarianceOfDomain,class,class,DifferentialGeometry/External/ClassificationOfSurfaces/Topology/InvarianceOfDomain.lean:514,no_supplier_in_cone,7,5,1,0,1,True,True,,DifferentialGeometry.Topology.HasInvarianceOfDomain: no supplier in cone,,,,route2-apply? DifferentialGeometry/Topology/InvarianceOfDomainManifold.lean:121 via isBoundaryPoint_iff_any_chart,DifferentialGeometry/External/ClassificationOfSurfaces/Topology/InvarianceOfDomain.lean:520; DifferentialGeometry/External/ClassificationOfSurfaces/Topology/InvarianceOfDomain.lean:541; DifferentialGeometry/External/ClassificationOfSurfaces/Topology/InvarianceOfDomain.lean:615; DifferentialGeometry/External/ClassificationOfSurfaces/Topology/InvarianceOfDomain.lean:630,DifferentialGeometry/External/ClassificationOfSurfaces/Topology/InvarianceOfDomain.lean:528,0,0,
DifferentialGeometry.Topology.PiecewiseLinear.IsCanonicalConfiguration,structure,predicate,DifferentialGeometry/Topology/PiecewiseLinear/CanonicalConfiguration.lean:279,no_supplier_in_cone,5,5,2,0,5,True,True,,DifferentialGeometry.Topology.PiecewiseLinear.IsCanonicalConfiguration: no supplier in cone [hint: route4 via DifferentialGeometry.Topology.PiecewiseLinear.IsCanonicalTower],DifferentialGeometry.Topology.PiecewiseLinear.IsCanonicalConfiguration <- DifferentialGeometry.Topology.PiecewiseLinear.IsCanonicalTower (supplied),DifferentialGeometry.Topology.PiecewiseLinear.IsCanonicalConfiguration <- DifferentialGeometry.Topology.PiecewiseLinear.IsCanonicalTower (supplied),,route4; route2-apply? DifferentialGeometry/Topology/PiecewiseLinear/Section31CanonicalConfiguration.lean:550 via moise314_pair,DifferentialGeometry/Topology/PiecewiseLinear/AnnularChainRimCoordinates.lean:268; DifferentialGeometry/Topology/PiecewiseLinear/CanonicalConfiguration.lean:310; DifferentialGeometry/Topology/PiecewiseLinear/CanonicalTowerCarrierTorus.lean:49; DifferentialGeometry/Topology/PiecewiseLinear/CanonicalTowerPolygonCarriers.lean:17,DifferentialGeometry/Topology/PiecewiseLinear/CanonicalConfiguration.lean:325; DifferentialGeometry/Topology/PiecewiseLinear/Section31CanonicalConfiguration.lean:371,0,0,
DifferentialGeometry.Analysis.Sobolev.Euclidean.MemWkpHalfSpace,def,predicate,DifferentialGeometry/Analysis/Sobolev/Euclidean/SupportAndDomain/IteratedSobolevHalfSpace.lean:212,conditional,33,4,13,1,8,True,True,,DifferentialGeometry.Analysis.Sobolev.Euclidean.MemWkpHalfSpace <= DifferentialGeometry/Analysis/Sobolev/WithBoundary/Chart/Defs.lean:41 [stmt-def MemWkpChart] needs DifferentialGeometry.Analysis.Sobolev.WithBoundary.MemWkpChart; DifferentialGeometry.Analysis.Sobolev.WithBoundary.MemWkpChart: no supplier in cone,,,,suppliers: stmt-def 1; route2-apply? DifferentialGeometry/Analysis/Elliptic/WithBoundary/DirichletSobolev.lean:25 via chartPushed_tendstoInMeasure,DifferentialGeometry/Analysis/Sobolev/Euclidean/SupportAndDomain/IteratedSobolevHalfSpace.lean:241; DifferentialGeometry/Analysis/Sobolev/Euclidean/SupportAndDomain/IteratedSobolevHalfSpace.lean:253; DifferentialGeometry/Analysis/Sobolev/Euclidean/SupportAndDomain/IteratedSobolevHalfSpace.lean:276; DifferentialGeometry/Analysis/Sobolev/Euclidean/SupportAndDomain/IteratedSobolevHalfSpace.lean:286,DifferentialGeometry/Analysis/Elliptic/WithBoundary/DirichletSobolev.lean:68; DifferentialGeometry/Analysis/Sobolev/Euclidean/SupportAndDomain/IteratedSobolevHalfSpace.lean:215; DifferentialGeometry/Analysis/Sobolev/Euclidean/SupportAndDomain/IteratedSobolevHalfSpace.lean:220,0,0,
DifferentialGeometry.CheegerGromovCompactness.HasControlledLiveNormalBranches,def,predicate,DifferentialGeometry/Geometry/Compactness/CheegerGromov/CenterOfMass/Construction/Branch.lean:38,conditional,4,4,6,5,2,True,True,,DifferentialGeometry.CheegerGromovCompactness.HasControlledLiveNormalBranches <= DifferentialGeometry/Geometry/Compactness/CheegerGromov/Gluing/CenterMap/Construction/Support.lean:321 [concl] needs DifferentialGeometry.CheegerGromovCompactness.MetricCompactBase; DifferentialGeometry.CheegerGromovCompactness.MetricCompactBase: no supplier in cone,,,DifferentialGeometry/Geometry/Compactness/CheegerGromov/NormalCoordinates/DiagonalInverse/DiagonalSelection.lean:343,"route2?; suppliers: concl 3, route2-have 2",DifferentialGeometry/Geometry/Compactness/CheegerGromov/Gluing/StageComparison/Basic.lean:521; DifferentialGeometry/Geometry/Compactness/CheegerGromov/Gluing/StageComparison/Basic.lean:2193; DifferentialGeometry/Geometry/Compactness/CheegerGromov/Gluing/StageComparison/Basic.lean:2974; DifferentialGeometry/Geometry/Compactness/CheegerGromov/NormalCoordinates/DiagonalInverse/DiagonalSelection.lean:249,DifferentialGeometry/Geometry/Compactness/CheegerGromov/Gluing/CenterMap/Construction/Support.lean:321; DifferentialGeometry/Geometry/Compactness/CheegerGromov/Gluing/CenterMap/Construction/Support.lean:593; DifferentialGeometry/Geometry/Compactness/CheegerGromov/Gluing/CenterMap/Construction/Support.lean:792,0,0,
DifferentialGeometry.CheegerGromovCompactness.StageSubsequence,structure,bundle,DifferentialGeometry/Geometry/Compactness/CheegerGromov/Gluing/StageConstruction/Diagonal.lean:167,conditional,4,4,2,2,1,True,True,,DifferentialGeometry.CheegerGromovCompactness.StageSubsequence <= DifferentialGeometry/Geometry/Compactness/CheegerGromov/Gluing/StageConstruction/Diagonal.lean:299 [concl] needs DifferentialGeometry.CheegerGromovCompactness.HasStageSeedOn; DifferentialGeometry.CheegerGromovCompactness.HasStageSeedOn <= DifferentialGeometry/Geometry/Compactness/CheegerGromov/Gluing/StageComparison/HigherRegularity.lean:1358 [concl] needs DifferentialGeometry.CheegerGromovCompactness.IsStableNet; DifferentialGeometry.CheegerGromovCompactness.IsStableNet: no supplier,,,,suppliers: concl 2; route2-apply? DifferentialGeometry/Geometry/Compactness/CheegerGromov/Gluing/StageConstruction/Diagonal.lean:203 via choosePayload,DifferentialGeometry/Geometry/Compactness/CheegerGromov/Gluing/StageConstruction/Diagonal.lean:171; DifferentialGeometry/Geometry/Compactness/CheegerGromov/Gluing/StageConstruction/Diagonal.lean:185; DifferentialGeometry/Geometry/Compactness/CheegerGromov/Gluing/StageConstruction/Diagonal.lean:273; DifferentialGeometry/Geometry/Compactness/CheegerGromov/Gluing/StageConstruction/Diagonal.lean:289,DifferentialGeometry/Geometry/Compactness/CheegerGromov/Gluing/StageConstruction/Diagonal.lean:194; DifferentialGeometry/Geometry/Compactness/CheegerGromov/Gluing/StageConstruction/Diagonal.lean:299,0,0,
DifferentialGeometry.Geometry.Connection.Realization.MDiffAtDual,abbrev,predicate,DifferentialGeometry/Geometry/Connection/Realization/TensorNabla.lean:24,no_supplier_in_cone,6,4,6,0,1,True,True,,DifferentialGeometry.Geometry.Connection.Realization.MDiffAtDual: no supplier in cone,,,,route2-apply? DifferentialGeometry/Geometry/Connection/Realization/TensorNabla.lean:152 via Psi_tensorialAt_right,DifferentialGeometry/Geometry/Connection/Realization/TensorNabla.lean:36; DifferentialGeometry/Geometry/Connection/Realization/TensorNabla.lean:74; DifferentialGeometry/Geometry/Connection/Realization/TensorNabla.lean:99; DifferentialGeometry/Geometry/Connection/Realization/TensorNabla.lean:131,DifferentialGeometry/Geometry/Connection/Realization/TensorNabla.lean:140; DifferentialGeometry/Geometry/Connection/Realization/TensorNabla.lean:197; DifferentialGeometry/Geometry/Connection/Realization/TensorNabla.lean:198,0,0,
DifferentialGeometry.Geometry.Connection.TensorSmooth,abbrev,predicate,DifferentialGeometry/Geometry/Connection/TensorNabla/Curvature/Tensor0S.lean:28,no_supplier,4,4,0,0,1,True,False,,DifferentialGeometry.Geometry.Connection.TensorSmooth: no supplier [hint: route2? DifferentialGeometry/Geometry/Connection/TensorNabla/Curvature/Tensor0S.lean:309],,,DifferentialGeometry/Geometry/Connection/TensorNabla/Curvature/Tensor0S.lean:309,route2?; route2-apply? DifferentialGeometry/Analysis/Parabolic/RicciLinearization/PalatiniDecomposition/LinearizedCoreIdentity.lean:1515 via riemannSec_tensor0SCov_apply_eval,DifferentialGeometry/Geometry/Connection/TensorNabla/Curvature/Tensor0S.lean:45; DifferentialGeometry/Geometry/Connection/TensorNabla/Curvature/Tensor0S.lean:194; DifferentialGeometry/Geometry/Connection/TensorNabla/Curvature/Tensor0S.lean:241; DifferentialGeometry/Geometry/Connection/TensorNabla/Curvature/Tensor0S.lean:290,,0,0,
DifferentialGeometry.PDE.RicciFlow.Extinction.Width.InteriorSmoothDisk,structure,bundle,DifferentialGeometry/Geometry/Flow/RicciFlow/Extinction/Width/PlateauClassical.lean:61,no_supplier_in_cone,13,4,10,0,4,True,True,,DifferentialGeometry.PDE.RicciFlow.Extinction.Width.InteriorSmoothDisk: no supplier in cone [hint: route2? DifferentialGeometry/Geometry/Flow/RicciFlow/Extinction/Width/InteriorDiskTransport.lean:35],,DifferentialGeometry.PDE.RicciFlow.Extinction.Width.InteriorSmoothDisk <- DifferentialGeometry.PDE.RicciFlow.Extinction.Width.PlateauInteriorMinimizer (no supplied container at any level; 1 walked),DifferentialGeometry/Geometry/Flow/RicciFlow/Extinction/Width/InteriorDiskTransport.lean:35; DifferentialGeometry/Geometry/Flow/RicciFlow/Extinction/Width/InteriorDiskTransport.lean:67,route4-refuted; route2?; route2-apply? DifferentialGeometry/Geometry/Flow/RicciFlow/Extinction/Width/ConformalDiskFromMorrey.lean:27 via classical_plateau_boundary_regularity,DifferentialGeometry/Geometry/Flow/RicciFlow/Extinction/Width/PlateauBridge.lean:380; DifferentialGeometry/Geometry/Flow/RicciFlow/Extinction/Width/PlateauClassical.lean:66; DifferentialGeometry/Geometry/Flow/RicciFlow/Extinction/Width/PlateauClassical.lean:72; DifferentialGeometry/Geometry/Flow/RicciFlow/Extinction/Width/PlateauClassical.lean:81,DifferentialGeometry/Geometry/Flow/RicciFlow/Extinction/Width/ConformalDiskFromMorrey.lean:14; DifferentialGeometry/Geometry/Flow/RicciFlow/Extinction/Width/InteriorConstDiskWitness.lean:19; DifferentialGeometry/Geometry/Flow/RicciFlow/Extinction/Width/PlateauClassical/Morrey.lean:18,0,0,
DifferentialGeometry.PDE.RicciFlow.Perelman.IsLGeodesic,def,predicate,DifferentialGeometry/Geometry/Flow/RicciFlow/Perelman/LGeometry/Geodesic/Basic.lean:56,no_supplier_in_cone,12,4,1,0,3,True,True,,DifferentialGeometry.PDE.RicciFlow.Perelman.IsLGeodesic: no supplier in cone [hint: route2? DifferentialGeometry/Geometry/Flow/RicciFlow/Perelman/LGeometry/Geodesic/Basic.lean:179],,,DifferentialGeometry/Geometry/Flow/RicciFlow/Perelman/LGeometry/Geodesic/Basic.lean:179,route2?,DifferentialGeometry/Geometry/Flow/RicciFlow/Perelman/LGeometry/Geodesic/Basic.lean:77; DifferentialGeometry/Geometry/Flow/RicciFlow/Perelman/LGeometry/Geodesic/Basic.lean:86; DifferentialGeometry/Geometry/Flow/RicciFlow/Perelman/LGeometry/Geodesic/Basic.lean:95; DifferentialGeometry/Geometry/Flow/RicciFlow/Perelman/LGeometry/Geodesic/Basic.lean:124,DifferentialGeometry/Geometry/Flow/RicciFlow/Perelman/LGeometry/Geodesic/Basic.lean:200,0,0,
DifferentialGeometry.PDE.RicciFlow.Surgery.Topology.ObservedHistory.LWindowChain,structure,bundle,DifferentialGeometry/Geometry/Flow/RicciFlow/Surgery/Topology/HistoryLGeometry/Index.lean:303,no_supplier_in_cone,4,4,1,0,3,True,True,,DifferentialGeometry.PDE.RicciFlow.Surgery.Topology.ObservedHistory.LWindowChain: no supplier in cone [hint: route4 via DifferentialGeometry.PDE.RicciFlow.Surgery.Topology.ObservedHistory.LFamilyChain],DifferentialGeometry.PDE.RicciFlow.Surgery.Topology.ObservedHistory.LWindowChain <- DifferentialGeometry.PDE.RicciFlow.Surgery.Topology.ObservedHistory.LFamilyChain (supplied),DifferentialGeometry.PDE.RicciFlow.Surgery.Topology.ObservedHistory.LWindowChain <- DifferentialGeometry.PDE.RicciFlow.Surgery.Topology.ObservedHistory.LFamilyChain (supplied),,route4; route2-apply? DifferentialGeometry/Geometry/Flow/RicciFlow/Surgery/Topology/HistoryLGeometry/FamilyChainConjugate.lean:182 via eqOn_zero_of_conjugate_of_minimizer,DifferentialGeometry/Geometry/Flow/RicciFlow/Surgery/Topology/HistoryLGeometry/FamilyChain.lean:20; DifferentialGeometry/Geometry/Flow/RicciFlow/Surgery/Topology/HistoryLGeometry/Index.lean:352; DifferentialGeometry/Geometry/Flow/RicciFlow/Surgery/Topology/HistoryLGeometry/IndexChain.lean:556; DifferentialGeometry/Geometry/Flow/RicciFlow/Surgery/Topology/HistoryLGeometry/IndexChain.lean:581,DifferentialGeometry/Geometry/Flow/RicciFlow/Surgery/Topology/HistoryLGeometry/IndexChain.lean:394,0,0,
DifferentialGeometry.PDE.RicciFlow.Surgery.Topology.RetainedCoreHistory.isTerminalTracedRegion,def,predicate,DifferentialGeometry/Geometry/Flow/RicciFlow/Surgery/Topology/TracedRegion.lean:667,no_supplier,9,4,0,0,1,True,True,,DifferentialGeometry.PDE.RicciFlow.Surgery.Topology.RetainedCoreHistory.isTerminalTracedRegion: no supplier,,,,,DifferentialGeometry/Geometry/Flow/RicciFlow/Surgery/Topology/TracedRegion.lean:688; DifferentialGeometry/Geometry/Flow/RicciFlow/Surgery/Topology/TracedRegion.lean:706; DifferentialGeometry/Geometry/Flow/RicciFlow/Surgery/Topology/TracedRegion.lean:711; DifferentialGeometry/Geometry/Flow/RicciFlow/Surgery/Topology/TracedRegion.lean:716,,0,0,
DifferentialGeometry.Topology.BoundaryGluing,structure,bundle,DifferentialGeometry/Topology/Attachment/BoundaryGluing.lean:154,no_supplier_in_cone,43,4,4,0,2,True,True,,DifferentialGeometry.Topology.BoundaryGluing: no supplier in cone,,,,route2-apply? DifferentialGeometry/Geometry/Boundary/Manifold/BinaryGluing.lean:379 via instT2SpaceQuotient,DifferentialGeometry/Topology/Attachment/BoundaryGluing.lean:168; DifferentialGeometry/Topology/Attachment/BoundaryGluing.lean:174; DifferentialGeometry/Topology/Attachment/BoundaryGluing.lean:220; DifferentialGeometry/Topology/Attachment/BoundaryGluing.lean:323,DifferentialGeometry/Geometry/Boundary/Manifold/BinaryGluing.lean:373; DifferentialGeometry/Geometry/Boundary/Manifold/CollaredGluing.lean:85; DifferentialGeometry/Topology/Attachment/BoundaryGluing.lean:377,0,0,
DifferentialGeometry.Topology.PiecewiseLinear.CompactCoreExhaustion,structure,bundle,DifferentialGeometry/Topology/PiecewiseLinear/LocallyFiniteSupportedModification.lean:16,no_supplier_in_cone,11,4,3,0,2,False,True,,DifferentialGeometry.Topology.PiecewiseLinear.CompactCoreExhaustion: no supplier in cone,,,,,DifferentialGeometry/Topology/PiecewiseLinear/LocallyFiniteSupportedModification.lean:25; DifferentialGeometry/Topology/PiecewiseLinear/LocallyFiniteSupportedModification.lean:164; DifferentialGeometry/Topology/PiecewiseLinear/LocallyFiniteSupportedModification.lean:326; DifferentialGeometry/Topology/PiecewiseLinear/LocallyFiniteSupportedModification.lean:470,DifferentialGeometry/Topology/PiecewiseLinear/LocallyFiniteSolidTorusModification.lean:153; DifferentialGeometry/Topology/PiecewiseLinear/LocallyFiniteSupportedModification.lean:88; DifferentialGeometry/Topology/PiecewiseLinear/LocallyFiniteSupportedModification.lean:519,0,0,
DifferentialGeometry.Topology.PiecewiseLinear.IsPLBallPair,def,predicate,DifferentialGeometry/Topology/PiecewiseLinear/BallPair.lean:13,no_supplier_in_cone,4,4,25,0,1,True,True,,DifferentialGeometry.Topology.PiecewiseLinear.IsPLBallPair: no supplier in cone,,,,,DifferentialGeometry/Topology/PiecewiseLinear/BallPair.lean:18; DifferentialGeometry/Topology/PiecewiseLinear/BallPair.lean:23; DifferentialGeometry/Topology/PiecewiseLinear/BallPair.lean:28; DifferentialGeometry/Topology/PiecewiseLinear/BallPair.lean:38,DifferentialGeometry/Topology/PiecewiseLinear/ArcCellBallPair.lean:16; DifferentialGeometry/Topology/PiecewiseLinear/ArcCellUnionBallPair.lean:15; DifferentialGeometry/Topology/PiecewiseLinear/ArcCellUnionBallPair.lean:41,0,0,
DifferentialGeometry.Topology.PiecewiseLinear.IsPlanarCellChain,structure,predicate,DifferentialGeometry/Topology/PiecewiseLinear/CanonicalConfiguration.lean:257,no_supplier_in_cone,5,4,1,0,4,True,True,,DifferentialGeometry.Topology.PiecewiseLinear.IsPlanarCellChain: no supplier in cone [hint: route4 via DifferentialGeometry.Topology.PiecewiseLinear.IsRevolvedTorusChain],DifferentialGeometry.Topology.PiecewiseLinear.IsPlanarCellChain <- DifferentialGeometry.Topology.PiecewiseLinear.IsRevolvedTorusChain (supplied),DifferentialGeometry.Topology.PiecewiseLinear.IsPlanarCellChain <- DifferentialGeometry.Topology.PiecewiseLinear.IsRevolvedTorusChain (supplied),,route4; route2-apply? DifferentialGeometry/Topology/PiecewiseLinear/Section31CanonicalConfiguration.lean:550 via exists_isTopologicalCellWithInterior_union_consecutive,DifferentialGeometry/Topology/PiecewiseLinear/ConsecutiveCellUnion.lean:222; DifferentialGeometry/Topology/PiecewiseLinear/PlanarCellUnion.lean:184; DifferentialGeometry/Topology/PiecewiseLinear/PlanarChainUnion.lean:32; DifferentialGeometry/Topology/PiecewiseLinear/PlanarChainUnion.lean:59,DifferentialGeometry/Topology/PiecewiseLinear/CanonicalConfiguration.lean:399,0,0,
DifferentialGeometry.Topology.SphereSeparation.IsAxiallyOrientedAtZero,structure,predicate,DifferentialGeometry/Topology/SphereSeparation/BicollarOrientation.lean:126,no_supplier,8,4,0,0,4,True,True,,DifferentialGeometry.Topology.SphereSeparation.IsAxiallyOrientedAtZero: no supplier,,,,route2-apply? DifferentialGeometry/Geometry/Flow/RicciFlow/Perelman/CanonicalNeighborhood/NeckCap.lean:139 via bicollar_order_of_atZero,DifferentialGeometry/Topology/SphereSeparation/BicollarOrientation.lean:187; DifferentialGeometry/Topology/SphereSeparation/BicollarOrientation.lean:297; DifferentialGeometry/Topology/SphereSeparation/BicollarOrientation.lean:399; DifferentialGeometry/Topology/SphereSeparation/BicollarOrientation.lean:423,,0,0,
DifferentialGeometry.Analysis.ODE.IsVariationalSolution,def,predicate,DifferentialGeometry/Analysis/ODE/Flow/LinearODE/Variational.lean:23,no_supplier_in_cone,4,3,1,0,1,True,True,,DifferentialGeometry.Analysis.ODE.IsVariationalSolution: no supplier in cone,,,,,DifferentialGeometry/Analysis/ODE/Flow/LinearODE/Variational.lean:55; DifferentialGeometry/Analysis/ODE/Flow/LinearODE/Variational.lean:57; DifferentialGeometry/Analysis/ODE/Flow/LinearODE/Variational.lean:64; DifferentialGeometry/Analysis/ODE/Flow/LinearODE/Variational.lean:60,DifferentialGeometry/Geometry/Geodesic/Flow/FlatPhase.lean:46,0,0,
DifferentialGeometry.Analysis.Sobolev.Euclidean.IsHalfSpaceRelOpen,def,predicate,DifferentialGeometry/Analysis/Sobolev/Euclidean/SupportAndDomain/IteratedSobolevHalfSpace.lean:132,no_supplier_in_cone,40,3,4,0,7,True,True,,DifferentialGeometry.Analysis.Sobolev.Euclidean.IsHalfSpaceRelOpen: no supplier in cone,,,,route2-apply? DifferentialGeometry/Analysis/Elliptic/WithBoundary/DirichletSobolev.lean:25 via MemWkpHalfSpace_congr_ae,DifferentialGeometry/Analysis/Sobolev/Euclidean/SupportAndDomain/IteratedSobolevHalfSpace.lean:168; DifferentialGeometry/Analysis/Sobolev/Euclidean/SupportAndDomain/IteratedSobolevHalfSpace.lean:276; DifferentialGeometry/Analysis/Sobolev/Euclidean/SupportAndDomain/IteratedSobolevHalfSpace.lean:286; DifferentialGeometry/Analysis/Sobolev/Euclidean/SupportAndDomain/IteratedSobolevHalfSpace.lean:146,DifferentialGeometry/Analysis/Sobolev/Euclidean/SupportAndDomain/IteratedSobolevHalfSpace.lean:135; DifferentialGeometry/Analysis/Sobolev/Euclidean/SupportAndDomain/IteratedSobolevHalfSpace.lean:463; DifferentialGeometry/Analysis/Sobolev/WithBoundary/Chart/Defs.lean:35,0,0,
DifferentialGeometry.CheegerGromovCompactness.IsStableNet,def,predicate,DifferentialGeometry/Geometry/Compactness/CheegerGromov/Gluing/StageConstruction/Seed.lean:33,no_supplier,6,3,0,0,3,True,True,,DifferentialGeometry.CheegerGromovCompactness.IsStableNet: no supplier,,,,,DifferentialGeometry/Geometry/Compactness/CheegerGromov/Gluing/StageComparison/HigherRegularity.lean:1358; DifferentialGeometry/Geometry/Compactness/CheegerGromov/Gluing/StageConstruction/Seed.lean:96; DifferentialGeometry/Geometry/Compactness/CheegerGromov/Gluing/StageConstruction/Seed.lean:116; DifferentialGeometry/Geometry/Compactness/CheegerGromov/Gluing/StageComparison/HigherRegularity.lean:1382,,0,0,
DifferentialGeometry.Geometry.Curvature.PinchEigen3,structure,predicate,DifferentialGeometry/Geometry/Curvature/DimensionThree/Algebra/Pinching.lean:374,no_supplier_in_cone,5,3,1,0,2,True,True,,DifferentialGeometry.Geometry.Curvature.PinchEigen3: no supplier in cone,,,,route2-apply? DifferentialGeometry/Geometry/Curvature/DimensionThree/Algebra/Pinching.lean:430 via q_sub_nonneg,DifferentialGeometry/Geometry/Curvature/DimensionThree/Algebra/Pinching.lean:385; DifferentialGeometry/Geometry/Curvature/DimensionThree/Algebra/Pinching.lean:391; DifferentialGeometry/Geometry/Curvature/DimensionThree/Algebra/Pinching.lean:408; DifferentialGeometry/Geometry/Curvature/DimensionThree/Algebra/Pinching.lean:398,DifferentialGeometry/Geometry/Flow/RicciFlow/Preservation/Pinching/Definitions.lean:130,0,0,
DifferentialGeometry.Geometry.Curvature.admitsPositiveRicci,def,predicate,DifferentialGeometry/Geometry/Curvature/Metric/Conditions.lean:23,no_supplier,3,3,0,0,3,True,True,,DifferentialGeometry.Geometry.Curvature.admitsPositiveRicci: no supplier,,,,route2-apply? DifferentialGeometry/Geometry/Flow/RicciFlow/Perelman/KappaSolutions/CompactAncientSphericalCover.lean:24 via exists_spherical_cover_of_admits_positive_ricci,DifferentialGeometry/Geometry/Curvature/PositiveRicciCover.lean:16; DifferentialGeometry/Geometry/Flow/RicciFlow/DimensionThree/PositiveRicci/Classification.lean:171; DifferentialGeometry/Geometry/Flow/RicciFlow/DimensionThree/PositiveRicci/Hamilton.lean:29,,0,0,
DifferentialGeometry.Geometry.Neck.datumIsometry,structure,bundle,DifferentialGeometry/Geometry/Neck/NormalizedDatum.lean:167,no_supplier_in_cone,22,3,1,0,5,True,True,,DifferentialGeometry.Geometry.Neck.datumIsometry: no supplier in cone,,,,,DifferentialGeometry/Geometry/Neck/InsertionOrientation.lean:79; DifferentialGeometry/Geometry/Neck/NormalizedDatum.lean:187; DifferentialGeometry/Geometry/Neck/NormalizedDatum.lean:193; DifferentialGeometry/Geometry/Flow/RicciFlow/Surgery/StandardCap/NormalizedInsertionNaturality.lean:35,DifferentialGeometry/Geometry/Neck/NormalizedDatum.lean:198,0,0,
DifferentialGeometry.Geometry.roundThreeCylinderSolitonAutomorphism,def,predicate,DifferentialGeometry/Geometry/Metric/RicciSoliton/CylinderQuotients.lean:1272,no_supplier,4,3,0,0,1,True,True,,DifferentialGeometry.Geometry.roundThreeCylinderSolitonAutomorphism: no supplier,,,,route2-apply? DifferentialGeometry/Geometry/Metric/RicciSoliton/ModelCoverCylinderQuotient.lean:77 via roundThreeCylinderSolitonAutomorphism_subgroup_eq_trichotomy,DifferentialGeometry/Geometry/Metric/RicciSoliton/CylinderQuotients.lean:1299; DifferentialGeometry/Geometry/Metric/RicciSoliton/CylinderQuotients.lean:1464; DifferentialGeometry/Geometry/Metric/RicciSoliton/CylinderQuotients.lean:1558; DifferentialGeometry/Geometry/Metric/RicciSoliton/CylinderQuotients.lean:1285,,0,0,
DifferentialGeometry.PDE.RicciFlow.Perelman.CanonicalNeighborhood.FiniteHorn.StaticTerminalLimit,structure,bundle,DifferentialGeometry/Geometry/Flow/RicciFlow/Perelman/CanonicalNeighborhood/TerminalBackwardExtension.lean:45,no_supplier_in_cone,75,3,2,0,19,True,True,,DifferentialGeometry.PDE.RicciFlow.Perelman.CanonicalNeighborhood.FiniteHorn.StaticTerminalLimit: no supplier in cone,,,,route2-apply? DifferentialGeometry/Geometry/Flow/RicciFlow/Perelman/CanonicalNeighborhood/AncientExtensionTerminalSlab.lean:142 via slabLimit_isSolutionOn_of_spatialJets,DifferentialGeometry/Geometry/Flow/RicciFlow/Perelman/CanonicalNeighborhood/SlabRicciCoefficientLimit.lean:363; DifferentialGeometry/Geometry/Flow/RicciFlow/Perelman/CanonicalNeighborhood/TerminalBackwardExtension.lean:78; DifferentialGeometry/Geometry/Flow/RicciFlow/Perelman/CanonicalNeighborhood/TerminalBackwardExtension.lean:92; DifferentialGeometry/Geometry/Flow/RicciFlow/Compactness/Bounds/CovariantDerivative/TerminalTimeLipschitz.lean:139,DifferentialGeometry/Geometry/Flow/RicciFlow/Compactness/Metric/TerminalWindow.lean:22; DifferentialGeometry/Geometry/Flow/RicciFlow/Perelman/CanonicalNeighborhood/TerminalBackwardExtension.lean:281,0,0,
DifferentialGeometry.Topology.PiecewiseLinear.IsFreeDoubleGerm,def,predicate,DifferentialGeometry/Topology/PiecewiseLinear/FreeGermVocabulary.lean:24,conditional,3,3,2,1,2,True,True,,DifferentialGeometry.Topology.PiecewiseLinear.IsFreeDoubleGerm <= DifferentialGeometry/Topology/PiecewiseLinear/FreeGermVocabulary.lean:34 [stmt-def IsFreeInteriorDoubleGerm] needs DifferentialGeometry.Topology.PiecewiseLinear.IsFreeInteriorDoubleGerm; DifferentialGeometry.Topology.PiecewiseLinear.IsFreeInteriorDoubleGerm: no supplier in cone [hint: route2? DifferentialGeometry/Topology/PiecewiseLinear/WallProductBlocksOfWallGenericity.lean:169],,,,suppliers: stmt-def 1; route2-apply? DifferentialGeometry/Topology/PiecewiseLinear/GeneralPositionInDouble.lean:877 via exists_wallGenericVertexMap,DifferentialGeometry/Topology/PiecewiseLinear/WallGenericVertexMap.lean:245; DifferentialGeometry/Topology/PiecewiseLinear/WallGenericVertexMap.lean:634; DifferentialGeometry/Topology/PiecewiseLinear/WallProductBlocksOfWallGenericity.lean:24,DifferentialGeometry/Topology/PiecewiseLinear/FreeGermVocabulary.lean:34; DifferentialGeometry/Topology/PiecewiseLinear/GeneralPositionInDouble.lean:157,0,0,
DifferentialGeometry.Topology.PiecewiseLinear.IsFreeInteriorDoubleGerm,def,predicate,DifferentialGeometry/Topology/PiecewiseLinear/FreeGermVocabulary.lean:34,no_supplier_in_cone,3,3,1,0,2,True,True,,DifferentialGeometry.Topology.PiecewiseLinear.IsFreeInteriorDoubleGerm: no supplier in cone [hint: route2? DifferentialGeometry/Topology/PiecewiseLinear/WallProductBlocksOfWallGenericity.lean:169],,,DifferentialGeometry/Topology/PiecewiseLinear/WallProductBlocksOfWallGenericity.lean:169,route2?; route2-apply? DifferentialGeometry/Topology/PiecewiseLinear/GeneralPositionInDouble.lean:877 via exists_wallGenericVertexMap,DifferentialGeometry/Topology/PiecewiseLinear/WallGenericVertexMap.lean:359; DifferentialGeometry/Topology/PiecewiseLinear/WallGenericVertexMap.lean:634; DifferentialGeometry/Topology/PiecewiseLinear/WallProductBlocksOfWallGenericity.lean:24,DifferentialGeometry/Topology/PiecewiseLinear/GeneralPositionInDouble.lean:175,0,0,
DifferentialGeometry.Topology.SphericalCutCapTransition.localReconstruction,def,predicate,DifferentialGeometry/Topology/ThreeManifold/CutCapReconstruction.lean:176,conditional,12,3,15,1,5,True,True,,DifferentialGeometry.Topology.SphericalCutCapTransition.localReconstruction <= DifferentialGeometry/Topology/ThreeManifold/CutCapGluing.lean:183 [concl] needs DifferentialGeometry.Topology.SphericalCutCapTransition.componentConnectedSumDecomposition; DifferentialGeometry.Topology.SphericalCutCapTransition.componentConnectedSumDecomposition: no supplier in cone,,,,suppliers: concl 1,DifferentialGeometry/Topology/ThreeManifold/CutCapReconstruction.lean:210; DifferentialGeometry/Topology/ThreeManifold/CutCapReconstruction.lean:236; DifferentialGeometry/Topology/ThreeManifold/CutCapReconstruction.lean:252; DifferentialGeometry/Geometry/Flow/RicciFlow/Surgery/Contract/EndgameCongruenceCutReduction.lean:42,DifferentialGeometry/Geometry/Flow/RicciFlow/Surgery/Contract/ExtinctionContractReduction.lean:25; DifferentialGeometry/Topology/ThreeManifold/CutCapCutComponentRealizationReduction.lean:193; DifferentialGeometry/Topology/ThreeManifold/CutCapDecompositionAssembly.lean:18,0,0,
Graph.IsBridge,def,predicate,DifferentialGeometry/External/Schoenflies/Graph/Cycle.lean:290,no_supplier_in_cone,4,3,4,0,1,True,True,,Graph.IsBridge: no supplier in cone,,,,,DifferentialGeometry/External/Schoenflies/Graph/Cycle.lean:292; DifferentialGeometry/External/Schoenflies/Graph/Cycle.lean:294; DifferentialGeometry/External/Schoenflies/Graph/Cycle.lean:313; DifferentialGeometry/External/Schoenflies/Graph/Cycle.lean:297,DifferentialGeometry/External/Schoenflies/Graph/Cycle.lean:302; DifferentialGeometry/External/Schoenflies/Graph/Cycle.lean:308; DifferentialGeometry/External/Schoenflies/Graph/Cycle.lean:319,0,0,
Graph.IsK33Subdivision,structure,predicate,DifferentialGeometry/External/Schoenflies/Graph/K33Planar.lean:489,no_supplier,5,3,0,0,3,True,True,,Graph.IsK33Subdivision: no supplier,,,,,DifferentialGeometry/External/Schoenflies/Graph/K33Land.lean:884; DifferentialGeometry/External/Schoenflies/Graph/K33Planar.lean:510; DifferentialGeometry/External/Schoenflies/Graph/K33Planar.lean:520; DifferentialGeometry/External/Schoenflies/Graph/K33Closed.lean:782,,0,0,
LeanEval.Topology.ClassificationOfSurfaces.Moise.PolygonalCircle.NonAdjacentEdges,def,predicate,DifferentialGeometry/External/ClassificationOfSurfaces/Moise/PolygonalJordan.lean:65,no_supplier,4,3,0,0,1,True,True,,LeanEval.Topology.ClassificationOfSurfaces.Moise.PolygonalCircle.NonAdjacentEdges: no supplier,,,,,DifferentialGeometry/External/ClassificationOfSurfaces/Moise/PolygonalJordan.lean:219; DifferentialGeometry/External/ClassificationOfSurfaces/Moise/PolygonalJordan.lean:250; DifferentialGeometry/External/ClassificationOfSurfaces/Moise/PolygonalJordan.lean:393; DifferentialGeometry/External/ClassificationOfSurfaces/Moise/PolygonalJordan.lean:295,,0,0,
Schoenflies.Plane.IsSectorPair,def,predicate,DifferentialGeometry/External/Schoenflies/SkeletonSectors.lean:484,no_supplier_in_cone,9,3,2,0,2,True,True,,Schoenflies.Plane.IsSectorPair: no supplier in cone,,,,,DifferentialGeometry/External/Schoenflies/SkeletonSectors.lean:582; DifferentialGeometry/External/Schoenflies/SkeletonSectors.lean:594; DifferentialGeometry/External/Schoenflies/SkeletonSectors.lean:604; DifferentialGeometry/External/Schoenflies/SkeletonAccess.lean:535,DifferentialGeometry/External/Schoenflies/SkeletonSectors.lean:501; DifferentialGeometry/External/Schoenflies/SkeletonSectors.lean:1097,0,0,
DifferentialGeometry.Analysis.Laplacian.DiffChartBilinearH1Compl.DiffChartBilinearH1ComplData,structure,bundle,DifferentialGeometry/Analysis/Elliptic/Regularity/DiffChart/Differentiated/BilinearH1Compl.lean:159,no_supplier_in_cone,16,2,5,0,4,True,True,,DifferentialGeometry.Analysis.Laplacian.DiffChartBilinearH1Compl.DiffChartBilinearH1ComplData: no supplier in cone,,DifferentialGeometry.Analysis.Laplacian.DiffChartBilinearH1Compl.DiffChartBilinearH1ComplData <- DifferentialGeometry.Analysis.Laplacian.DiffTwiceChartBilinearH1Compl.DiffTwiceChartBilinearH1ComplData (no supplied container at any level; 1 walked),,route4-refuted; route2-apply? DifferentialGeometry/Analysis/Elliptic/Regularity/DiffChart/ResidualRegularity/BilinearH1ComplFromDomainPow.lean:591 via base,DifferentialGeometry/Analysis/Elliptic/Regularity/DiffChart/Differentiated/BilinearH1Compl.lean:262; DifferentialGeometry/Analysis/Elliptic/Regularity/DiffChart/Differentiated/BilinearH1Compl.lean:268; DifferentialGeometry/Analysis/Elliptic/Regularity/ChartHk/H3NonSmooth.lean:70; DifferentialGeometry/Analysis/Elliptic/Regularity/ChartHk/H4NonSmooth.lean:69,DifferentialGeometry/Analysis/Elliptic/Regularity/DiffChart/ResidualRegularity/BilinearH1ComplFromDomainPow.lean:591; DifferentialGeometry/Analysis/Elliptic/Regularity/DiffChart/ResidualRegularity/BilinearH1ComplFromDomainPow.lean:1049; DifferentialGeometry/Analysis/Elliptic/Regularity/DiffChart/ResidualRegularity/BilinearH1ComplResidual.lean:47,0,0,
DifferentialGeometry.Analysis.Laplacian.LaplacianDomainPowH2kBridge.ChartSideH2kBridge,def,predicate,DifferentialGeometry/Analysis/Elliptic/Regularity/LaplacianDomain/Powers/EvenOrderBridge.lean:34,no_supplier_in_cone,35,2,13,0,6,True,True,,DifferentialGeometry.Analysis.Laplacian.LaplacianDomainPowH2kBridge.ChartSideH2kBridge: no supplier in cone,,,,route2-apply? DifferentialGeometry/Analysis/Elliptic/Regularity/ChartPushed/MemWkpFourSmooth.lean:329 via laplacianDomainPow_memWkpChart_2k_of_chartSideH2kBridge,DifferentialGeometry/Analysis/Elliptic/Regularity/Iterated/Bootstrap/ChartHmDomainPow.lean:210; DifferentialGeometry/Analysis/Elliptic/Regularity/Iterated/Bootstrap/ChartHmPolymorphic.lean:153; DifferentialGeometry/Analysis/Elliptic/Regularity/Iterated/Bootstrap/ChartHmAnyK.lean:84; DifferentialGeometry/Analysis/Elliptic/Regularity/Iterated/Bootstrap/ChartHmAnyK.lean:122,DifferentialGeometry/Analysis/Elliptic/Regularity/ChartPushed/ChartH2kRegularity.lean:269; DifferentialGeometry/Analysis/Elliptic/Regularity/ChartPushed/MemWkpFour.lean:97; DifferentialGeometry/Analysis/Elliptic/Regularity/ChartPushed/MemWkpFourSmooth.lean:295,0,0,
DifferentialGeometry.Analysis.ODE.ChartLocalPicardData,structure,bundle,DifferentialGeometry/Analysis/ODE/TimeDependentFlow/ChartLocalExistence/UniformExistence.lean:16,no_supplier_in_cone,28,2,2,0,10,True,True,,DifferentialGeometry.Analysis.ODE.ChartLocalPicardData: no supplier in cone,,,,route2-apply? DifferentialGeometry/Analysis/ODE/TimeDependentFlow/DiffeomorphismFamily/ChartLocalFlow.lean:17 via exists_manifoldFlowFamily,DifferentialGeometry/Analysis/ODE/TimeDependentFlow/ChartLocalExistence/UniformExistence.lean:30; DifferentialGeometry/Analysis/ODE/TimeDependentFlow/SmoothInSpace/VariationalODE/BanachIC.lean:143; DifferentialGeometry/Analysis/ODE/TimeDependentFlow/Bijective/ChartCoverBijective.lean:31; DifferentialGeometry/Analysis/ODE/TimeDependentFlow/Bijective/ChartCoverBijective.lean:49,DifferentialGeometry/Analysis/ODE/TimeDependentFlow/Regularity/ChartLocalPicardRegular.lean:23; DifferentialGeometry/Analysis/ODE/TimeDependentFlow/Regularity/SpatialC1.lean:123,0,0,
DifferentialGeometry.Analysis.Sobolev.Chart.MemWkpChartWithPartition,def,predicate,DifferentialGeometry/Analysis/Sobolev/Chart/AtlasNorm/Atlas.lean:20,no_supplier_in_cone,9,2,2,0,1,True,True,,DifferentialGeometry.Analysis.Sobolev.Chart.MemWkpChartWithPartition: no supplier in cone,,,,,DifferentialGeometry/Analysis/Sobolev/Chart/AtlasNorm/Atlas.lean:227; DifferentialGeometry/Analysis/Sobolev/Chart/AtlasNorm/Atlas.lean:237; DifferentialGeometry/Analysis/Sobolev/Chart/AtlasNorm/Atlas.lean:126; DifferentialGeometry/Analysis/Sobolev/Chart/AtlasNorm/Atlas.lean:142,DifferentialGeometry/Analysis/Sobolev/Chart/AtlasNorm/Atlas.lean:42; DifferentialGeometry/Analysis/Sobolev/Chart/AtlasNorm/Atlas.lean:95,0,0,
DifferentialGeometry.Analysis.Sobolev.Tensor.MemWtwokTwo,def,predicate,DifferentialGeometry/Analysis/Sobolev/Tensor/Defs.lean:28,no_supplier_in_cone,22,2,16,0,3,True,True,,DifferentialGeometry.Analysis.Sobolev.Tensor.MemWtwokTwo: no supplier in cone,,,,route2-apply? DifferentialGeometry/Analysis/Sobolev/Tensor/Basic.lean:439 via wtwokTwoNormReal_add_le,DifferentialGeometry/Analysis/Sobolev/Tensor/Defs.lean:284; DifferentialGeometry/Analysis/Sobolev/Tensor/Defs.lean:294; DifferentialGeometry/Analysis/Sobolev/Tensor/Basic.lean:29; DifferentialGeometry/Analysis/Sobolev/Tensor/Basic.lean:94,DifferentialGeometry/Analysis/Sobolev/Tensor/Basic.lean:393; DifferentialGeometry/Analysis/Sobolev/Tensor/Chart/Locality.lean:78; DifferentialGeometry/Analysis/Sobolev/Tensor/Chart/Locality.lean:98,0,0,
DifferentialGeometry.Analysis.Sobolev.WithBoundary.AllChartsInteriorSupport,def,predicate,DifferentialGeometry/Analysis/Sobolev/WithBoundary/Embedding/MorreyManifold.lean:386,no_supplier_in_cone,29,2,1,0,4,True,True,,DifferentialGeometry.Analysis.Sobolev.WithBoundary.AllChartsInteriorSupport: no supplier in cone,,,,route2-apply? DifferentialGeometry/Analysis/Elliptic/WithBoundary/DirichletCompactness.lean:164 via MemWkpChart_of_contMDiff_AllChartsInteriorSupport,DifferentialGeometry/Analysis/Sobolev/WithBoundary/Intrinsic/Algebra.lean:84; DifferentialGeometry/Analysis/Sobolev/WithBoundary/Intrinsic/Algebra.lean:94; DifferentialGeometry/Analysis/Sobolev/WithBoundary/Embedding/MorreyManifold.lean:446; DifferentialGeometry/Analysis/Sobolev/WithBoundary/Embedding/MorreyManifold.lean:632,DifferentialGeometry/Analysis/Sobolev/WithBoundary/Embedding/Rellich.lean:30,0,0,
DifferentialGeometry.CheegerGromovCompactness.ExponentialRadiusScaleTail,def,predicate,DifferentialGeometry/Geometry/Compactness/CheegerGromov/Covering/ExponentialBallCovering.lean:212,conditional,11,2,10,8,4,True,True,,DifferentialGeometry.CheegerGromovCompactness.ExponentialRadiusScaleTail <= DifferentialGeometry/Geometry/Compactness/CheegerGromov/Gluing/CenterMap/Convergence/Support.lean:537 [route2-have] needs DifferentialGeometry.CheegerGromovCompactness.MetricCompactnessAssumptions; DifferentialGeometry.CheegerGromovCompactness.MetricCompactnessAssumptions <= DifferentialGeometry/Geometry/Compactness/CheegerGromov/Gluing/CenterMap/Construction/Support.lean:321 [concl] needs DifferentialGeometry.CheegerGromovCompactness.MetricCompactBase; DifferentialGeometry.CheegerGromovCompactness.MetricCompactBase: no supplier in cone,,,DifferentialGeometry/Geometry/Compactness/CheegerGromov/Gluing/AtomWeights/Subsequence.lean:491,"route2?; suppliers: route2-have 6, concl 2",DifferentialGeometry/Geometry/Compactness/CheegerGromov/Covering/ExponentialBallCovering.lean:243; DifferentialGeometry/Geometry/Compactness/CheegerGromov/Gluing/CenterMap/Selection/Support.lean:53; DifferentialGeometry/Geometry/Compactness/CheegerGromov/Gluing/AtomWeights/SmoothLimit.lean:331; DifferentialGeometry/Geometry/Compactness/CheegerGromov/Gluing/AtomWeights/SmoothLimit.lean:620,DifferentialGeometry/Geometry/Compactness/CheegerGromov/BoundedGeometry/NormalCoordinates/RadiusProfile.lean:236; DifferentialGeometry/Geometry/Compactness/CheegerGromov/Covering/ExponentialBallCovering.lean:226; DifferentialGeometry/Geometry/Compactness/CheegerGromov/Gluing/CenterMap/Construction/Fill.lean:1828,0,0,
DifferentialGeometry.CheegerGromovCompactness.FramedNormalOverlapOn,def,predicate,DifferentialGeometry/Geometry/Compactness/CheegerGromov/NormalCoordinates/Transition/Overlap.lean:215,no_supplier_in_cone,2,2,1,0,1,True,True,,DifferentialGeometry.CheegerGromovCompactness.FramedNormalOverlapOn: no supplier in cone,,,,,DifferentialGeometry/Geometry/Compactness/CheegerGromov/NormalCoordinates/Transition/Overlap.lean:345; DifferentialGeometry/Geometry/Compactness/CheegerGromov/NormalCoordinates/Transition/Overlap.lean:369,DifferentialGeometry/Geometry/Compactness/CheegerGromov/NormalCoordinates/Transition/Overlap.lean:263,0,0,
DifferentialGeometry.CheegerGromovCompactness.HasRadiusTailOn,def,predicate,DifferentialGeometry/Geometry/Compactness/CheegerGromov/Gluing/StageConstruction/Diagonal.lean:335,conditional,3,2,5,2,2,True,True,,DifferentialGeometry.CheegerGromovCompactness.HasRadiusTailOn <= DifferentialGeometry/Geometry/Compactness/CheegerGromov/Gluing/StageComparison/HigherRegularity.lean:1358 [concl] needs DifferentialGeometry.CheegerGromovCompactness.IsStableNet; DifferentialGeometry.CheegerGromovCompactness.IsStableNet: no supplier,,,,suppliers: concl 2,DifferentialGeometry/Geometry/Compactness/CheegerGromov/ApproximateIsometry/PairwiseApproximation/BoundedGeometry.lean:192; DifferentialGeometry/Geometry/Compactness/CheegerGromov/Gluing/StageConstruction/RadiusTail.lean:246; DifferentialGeometry/Geometry/Compactness/CheegerGromov/Gluing/StageConstruction/RadiusTail.lean:152,DifferentialGeometry/Geometry/Compactness/CheegerGromov/Gluing/StageComparison/HigherRegularity.lean:1358; DifferentialGeometry/Geometry/Compactness/CheegerGromov/Gluing/StageComparison/HigherRegularity.lean:1382; DifferentialGeometry/Geometry/Compactness/CheegerGromov/Gluing/StageConstruction/Diagonal.lean:352,0,0,
DifferentialGeometry.CheegerGromovCompactness.HasSubsequencePairwiseApproximateIsometries,def,predicate,DifferentialGeometry/Geometry/Compactness/CheegerGromov/Pointed/Compactness/Construction.lean:1382,no_supplier_in_cone,5,2,5,0,3,True,True,,DifferentialGeometry.CheegerGromovCompactness.HasSubsequencePairwiseApproximateIsometries: no supplier in cone,,,,route2-apply? DifferentialGeometry/Geometry/Compactness/CheegerGromov/Pointed/Compactness/LocalCurvatureInjectivity.lean:155 via exists_canonical_metric_compact_limit_with_source_geometry_of_hasSubsequencePairwiseApproximateIsometries,DifferentialGeometry/Geometry/Compactness/CheegerGromov/Pointed/Compactness/CanonicalLimit.lean:19; DifferentialGeometry/Geometry/Compactness/CheegerGromov/Pointed/Compactness/Construction.lean:1388; DifferentialGeometry/Geometry/Compactness/CheegerGromov/Pointed/Compactness/CanonicalLimit.lean:48; DifferentialGeometry/Geometry/Flow/RicciFlow/Perelman/KappaSolutions/StaircaseEngineStaticAssembly.lean:23,DifferentialGeometry/Geometry/Flow/RicciFlow/Perelman/KappaSolutions/AsymptoticShrinkerBlowdown.lean:37; DifferentialGeometry/Geometry/Flow/RicciFlow/Perelman/KappaSolutions/LocalMetricCompactnessStaircase.lean:33; DifferentialGeometry/Geometry/Flow/RicciFlow/Perelman/KappaSolutions/LocalMetricCompactnessStaircase.lean:100,0,0,
DifferentialGeometry.CheegerGromovCompactness.SigmaScaleField,def,predicate,DifferentialGeometry/Geometry/Compactness/CheegerGromov/Gluing/CenterMap/Selection/Scale.lean:332,no_supplier_in_cone,3,2,1,0,1,True,True,,DifferentialGeometry.CheegerGromovCompactness.SigmaScaleField: no supplier in cone,,,,,DifferentialGeometry/Geometry/Compactness/CheegerGromov/Gluing/CenterMap/Selection/Scale.lean:347; DifferentialGeometry/Geometry/Compactness/CheegerGromov/Gluing/CenterMap/Selection/Scale.lean:400; DifferentialGeometry/Geometry/Compactness/CheegerGromov/Gluing/CenterMap/Selection/Scale.lean:356,DifferentialGeometry/Geometry/Compactness/CheegerGromov/Gluing/CenterMap/Selection/Scale.lean:380,0,0,
DifferentialGeometry.CheegerGromovCompactness.pairwiseApproximationAtRadius,def,predicate,DifferentialGeometry/Geometry/Compactness/CheegerGromov/ApproximateIsometry/PairwiseApproximation/Diagonal.lean:30,no_supplier,2,2,0,0,1,True,True,,DifferentialGeometry.CheegerGromovCompactness.pairwiseApproximationAtRadius: no supplier,,,,route2-apply? DifferentialGeometry/Geometry/Compactness/CheegerGromov/ApproximateIsometry/PairwiseApproximation/Diagonal.lean:58 via pairwiseApproximationAtRadius_of_tail,DifferentialGeometry/Geometry/Compactness/CheegerGromov/ApproximateIsometry/PairwiseApproximation/Diagonal.lean:36; DifferentialGeometry/Geometry/Compactness/CheegerGromov/ApproximateIsometry/PairwiseApproximation/Diagonal.lean:45,,0,0,
DifferentialGeometry.Geometry.Curvature.TimeEndpoint.lowerLt,def,predicate,DifferentialGeometry/Analysis/TimeInterval.lean:23,conditional,2,2,1,1,1,True,True,,"DifferentialGeometry.Geometry.Curvature.TimeEndpoint.lowerLt <= DifferentialGeometry/Analysis/TimeInterval.lean:213 [route2-have] needs DifferentialGeometry.Geometry.Curvature.TimeEndpoint.lowerMem, DifferentialGeometry.Geometry.Curvature.TimeEndpoint.upperMem; DifferentialGeometry.Geometry.Curvature.TimeEndpoint.lowerMem <= DifferentialGeometry/Analysis/TimeInterval.lean:61 [concl] needs DifferentialGeometry.Geometry.Curvature.TimeEndpoint.lowerLt; DifferentialGeometry.Geometry.Curvature.TimeEndpoint.lowerLt: (cycle)",,,DifferentialGeometry/Analysis/TimeInterval.lean:108,route2?; suppliers: route2-have 1; route2-apply? DifferentialGeometry/Analysis/TimeInterval.lean:195 via endpointCarrier_mem_nhds,DifferentialGeometry/Analysis/TimeInterval.lean:61; DifferentialGeometry/Analysis/TimeInterval.lean:102,DifferentialGeometry/Analysis/TimeInterval.lean:213,0,0,
DifferentialGeometry.Geometry.Curvature.TimeEndpoint.upperLt,def,predicate,DifferentialGeometry/Analysis/TimeInterval.lean:35,conditional,2,2,1,1,1,True,True,,"DifferentialGeometry.Geometry.Curvature.TimeEndpoint.upperLt <= DifferentialGeometry/Analysis/TimeInterval.lean:220 [route2-have] needs DifferentialGeometry.Geometry.Curvature.TimeEndpoint.lowerMem, DifferentialGeometry.Geometry.Curvature.TimeEndpoint.upperMem; DifferentialGeometry.Geometry.Curvature.TimeEndpoint.lowerMem <= DifferentialGeometry/Analysis/TimeInterval.lean:61 [concl] needs DifferentialGeometry.Geometry.Curvature.TimeEndpoint.lowerLt; DifferentialGeometry.Geometry.Curvature.TimeEndpoint.lowerLt <= DifferentialGeometry/Analysis/TimeInterval.lean:213 [route2-have] needs DifferentialGeometry.Geometry.Curvature.TimeEndpoint.lowerMem, DifferentialGeometry.Geometry.Curvature.TimeEndpoint.upperMem; DifferentialGeometry.Geometry.Curvature.TimeEndpoint.lowerMem: (cycle)",,,DifferentialGeometry/Analysis/TimeInterval.lean:108,route2?; suppliers: route2-have 1; route2-apply? DifferentialGeometry/Analysis/TimeInterval.lean:195 via endpointCarrier_mem_nhds,DifferentialGeometry/Analysis/TimeInterval.lean:75; DifferentialGeometry/Analysis/TimeInterval.lean:102,DifferentialGeometry/Analysis/TimeInterval.lean:220,0,0,
DifferentialGeometry.Geometry.IsRiemannianIsometricImmersion,structure,predicate,DifferentialGeometry/Geometry/Submanifold/IsometricImmersion.lean:29,no_supplier_in_cone,54,2,4,0,12,True,True,,DifferentialGeometry.Geometry.IsRiemannianIsometricImmersion: no supplier in cone,,DifferentialGeometry.Geometry.IsRiemannianIsometricImmersion <- DifferentialGeometry.Geometry.GeodesicPreservingSoul (no supplied container at any level; 2 walked),,route4-refuted; route2-apply? DifferentialGeometry/Geometry/Comparison/Soul/Point.lean:102 via subsingleton_of_compact_connected_vanishingSecondFundamentalForm_isometric_immersion,DifferentialGeometry/Geometry/Submanifold/IsometricImmersion.lean:40; DifferentialGeometry/Geometry/Submanifold/IsometricImmersion.lean:48; DifferentialGeometry/Geometry/Comparison/CompactGeodesicCarrier.lean:95; DifferentialGeometry/Geometry/Comparison/CompactGeodesicCarrier.lean:122,DifferentialGeometry/Geometry/Comparison/Soul/SoulInterface.lean:29; DifferentialGeometry/Geometry/Comparison/Soul/SoulIsometricEmbedding.lean:28; DifferentialGeometry/Geometry/Submanifold/IsometricImmersion.lean:79,0,0,
DifferentialGeometry.Geometry.Riemannian.IsGeodesicallyConvexWith,def,predicate,DifferentialGeometry/Geometry/Comparison/Convexity/Geodesic.lean:21,no_supplier_in_cone,3,2,1,0,1,True,True,,DifferentialGeometry.Geometry.Riemannian.IsGeodesicallyConvexWith: no supplier in cone,,,,,DifferentialGeometry/Geometry/Comparison/Convexity/Geodesic.lean:31; DifferentialGeometry/Geometry/Comparison/Convexity/Geodesic.lean:38; DifferentialGeometry/Geometry/Comparison/Convexity/Geodesic.lean:46,DifferentialGeometry/Geometry/Comparison/Convexity/Balls.lean:33,0,0,
DifferentialGeometry.PDE.RicciFlow.Extinction.CurveShortening.SmoothImmersion.ambientParameterDerivativeLiftAtRadius,def,predicate,DifferentialGeometry/Geometry/Flow/RicciFlow/Extinction/CurveShortening/Sobolev/SpatialRegularity.lean:538,no_supplier_in_cone,3,2,1,0,2,True,True,,DifferentialGeometry.PDE.RicciFlow.Extinction.CurveShortening.SmoothImmersion.ambientParameterDerivativeLiftAtRadius: no supplier in cone,,,,route2-apply? DifferentialGeometry/Geometry/Flow/RicciFlow/Extinction/CurveShortening/Sobolev/Regularity.lean:2672 via ambient_capped_sobolev_solution_exists_with_parameterDerivative_lift,DifferentialGeometry/Geometry/Flow/RicciFlow/Extinction/CurveShortening/Sobolev/Regularity.lean:2654; DifferentialGeometry/Geometry/Flow/RicciFlow/Extinction/CurveShortening/Sobolev/SpatialRegularity.lean:1070; DifferentialGeometry/Geometry/Flow/RicciFlow/Extinction/CurveShortening/Sobolev/SpatialRegularity.lean:1084,DifferentialGeometry/Geometry/Flow/RicciFlow/Extinction/CurveShortening/Sobolev/SpatialRegularity.lean:821,0,0,
DifferentialGeometry.PDE.RicciFlow.Perelman.CanonicalNeighborhood.FiniteHorn.ConeFlowLimit,structure,bundle,DifferentialGeometry/Geometry/Flow/RicciFlow/Perelman/CanonicalNeighborhood/FiniteHornStructure.lean:1340,no_supplier_in_cone,3,2,6,0,2,True,True,,DifferentialGeometry.PDE.RicciFlow.Perelman.CanonicalNeighborhood.FiniteHorn.ConeFlowLimit: no supplier in cone,,,,route2-apply? DifferentialGeometry/Geometry/Flow/RicciFlow/Perelman/CanonicalNeighborhood/DistanceCurvatureEscape.lean:125 via boundedAtDistance_of_coneFlowLimit_of_not_boundedAtDistance,DifferentialGeometry/Geometry/Flow/RicciFlow/Perelman/CanonicalNeighborhood/FiniteHornStructure.lean:1452; DifferentialGeometry/Geometry/Flow/RicciFlow/Perelman/CanonicalNeighborhood/FiniteHornStructure.lean:1460; DifferentialGeometry/Geometry/Flow/RicciFlow/Perelman/CanonicalNeighborhood/DistanceCurvatureEscape.lean:112,DifferentialGeometry/Geometry/Flow/RicciFlow/Perelman/CanonicalNeighborhood/ConeBlowupLimitReduction.lean:64; DifferentialGeometry/Geometry/Flow/RicciFlow/Perelman/CanonicalNeighborhood/DistanceCurvatureEscape.lean:125; DifferentialGeometry/Geometry/Flow/RicciFlow/Perelman/CanonicalNeighborhood/DistanceCurvatureEscape.lean:132,0,0,
DifferentialGeometry.PDE.RicciFlow.Perelman.CanonicalNeighborhood.FiniteHorn.GlobalNeckCrossSection,structure,bundle,DifferentialGeometry/Geometry/Flow/RicciFlow/Perelman/CanonicalNeighborhood/FiniteHornDefs.lean:118,conditional,3,2,2,1,2,True,True,,DifferentialGeometry.PDE.RicciFlow.Perelman.CanonicalNeighborhood.FiniteHorn.GlobalNeckCrossSection <= DifferentialGeometry/Geometry/Flow/RicciFlow/Perelman/CanonicalNeighborhood/FiniteHornSectionOrder.lean:120 [concl] needs DifferentialGeometry.PDE.RicciFlow.Perelman.CanonicalNeighborhood.FiniteHorn; DifferentialGeometry.PDE.RicciFlow.Perelman.CanonicalNeighborhood.FiniteHorn: no supplier in cone,,DifferentialGeometry.PDE.RicciFlow.Perelman.CanonicalNeighborhood.FiniteHorn.GlobalNeckCrossSection <- DifferentialGeometry.PDE.RicciFlow.Perelman.CanonicalNeighborhood.FiniteHorn.EndChart (no supplied container at any level; 1 walked),,route4-refuted; suppliers: concl 1; route2-apply? DifferentialGeometry/Geometry/Flow/RicciFlow/Perelman/CanonicalNeighborhood/EndChartSubendCapture.lean:204 via outer_side_of_center_in_subend,DifferentialGeometry/Geometry/Flow/RicciFlow/Perelman/CanonicalNeighborhood/FiniteHornSectionOrder.lean:75; DifferentialGeometry/Geometry/Flow/RicciFlow/Perelman/CanonicalNeighborhood/FiniteHornSectionOrder.lean:198; DifferentialGeometry/Geometry/Flow/RicciFlow/Perelman/CanonicalNeighborhood/FiniteHornDefs.lean:129,DifferentialGeometry/Geometry/Flow/RicciFlow/Perelman/CanonicalNeighborhood/FiniteHornSectionOrder.lean:120; DifferentialGeometry/Geometry/Flow/RicciFlow/Perelman/CanonicalNeighborhood/FiniteHornStructure.lean:196,0,0,
DifferentialGeometry.PDE.RicciFlow.Perelman.CanonicalNeighborhood.KappaModelWitness,structure,bundle,DifferentialGeometry/Geometry/Flow/RicciFlow/Perelman/CanonicalNeighborhood/ModelWitness.lean:390,no_supplier_in_cone,9,2,2,0,4,True,True,,DifferentialGeometry.PDE.RicciFlow.Perelman.CanonicalNeighborhood.KappaModelWitness: no supplier in cone,,,,route2-apply? DifferentialGeometry/Geometry/Flow/RicciFlow/Perelman/CanonicalNeighborhood/GoodPointDerivatives.lean:100 via witnessGhat,DifferentialGeometry/Geometry/Flow/RicciFlow/Perelman/CanonicalNeighborhood/WitnessParabolicTransport.lean:47; DifferentialGeometry/Geometry/Flow/RicciFlow/Perelman/CanonicalNeighborhood/WitnessParabolicTransport.lean:96; DifferentialGeometry/Geometry/Flow/RicciFlow/Perelman/CanonicalNeighborhood/GoodPointDerivatives.lean:43; DifferentialGeometry/Geometry/Flow/RicciFlow/Perelman/CanonicalNeighborhood/GoodPointDerivatives.lean:47,DifferentialGeometry/Geometry/Flow/RicciFlow/Perelman/CanonicalNeighborhood/ModelTheorem.lean:52; DifferentialGeometry/Geometry/Flow/RicciFlow/Perelman/CanonicalNeighborhood/ModelWitness.lean:431,0,0,
DifferentialGeometry.PDE.RicciFlow.ShiSelfCoupledLowerSupportAt,structure,bundle,DifferentialGeometry/Geometry/Flow/RicciFlow/Estimates/Shi/InitialDistanceCutoff.lean:182,no_supplier_in_cone,2,2,1,0,2,True,True,,DifferentialGeometry.PDE.RicciFlow.ShiSelfCoupledLowerSupportAt: no supplier in cone,,,,route2-apply? DifferentialGeometry/Geometry/Flow/RicciFlow/Estimates/Shi/BernsteinMaximumSelfCoupled.lean:278 via bernstein_quadratic_le_at_max_of_selfCoupled_lowerSupport,DifferentialGeometry/Geometry/Flow/RicciFlow/Estimates/Shi/BernsteinMaximumSelfCoupled.lean:81; DifferentialGeometry/Geometry/Flow/RicciFlow/Estimates/Shi/InitialDistanceCutoff.lean:210,DifferentialGeometry/Geometry/Flow/RicciFlow/Estimates/Shi/BernsteinMaximumSelfCoupled.lean:57,0,0,
DifferentialGeometry.PDE.RicciFlow.Surgery.FiniteSurgeryHistory.extinctAt,def,predicate,DifferentialGeometry/Geometry/Flow/RicciFlow/Surgery/Topology/FiniteHistory.lean:40,no_supplier,2,2,0,0,2,True,True,,DifferentialGeometry.PDE.RicciFlow.Surgery.FiniteSurgeryHistory.extinctAt: no supplier [hint: route4 via DifferentialGeometry.PDE.RicciFlow.Surgery.PoincareControlledExtinction],DifferentialGeometry.PDE.RicciFlow.Surgery.FiniteSurgeryHistory.extinctAt <- DifferentialGeometry.PDE.RicciFlow.Surgery.PoincareControlledExtinction (supplied),DifferentialGeometry.PDE.RicciFlow.Surgery.FiniteSurgeryHistory.extinctAt <- DifferentialGeometry.PDE.RicciFlow.Surgery.PoincareControlledExtinction (supplied),,route4,DifferentialGeometry/Geometry/Flow/RicciFlow/Surgery/Topology/FiniteHistory.lean:69; DifferentialGeometry/Geometry/Flow/RicciFlow/Surgery/Topology/PoincareControl.lean:19,,0,0,
DifferentialGeometry.PDE.RicciFlow.Surgery.Topology.OrientedBallEmbedding,structure,bundle,DifferentialGeometry/Geometry/Flow/RicciFlow/Surgery/Contract/Reconstruction.lean:56,no_supplier_in_cone,35,2,43,0,8,True,True,,DifferentialGeometry.PDE.RicciFlow.Surgery.Topology.OrientedBallEmbedding: no supplier in cone [hint: route2? DifferentialGeometry/Topology/Manifold/OrientedBallChartStraightening.lean:253],,,DifferentialGeometry/Topology/Manifold/OrientedBallChartStraightening.lean:253,route2?; route2-apply? DifferentialGeometry/Geometry/Flow/RicciFlow/Surgery/Contract/BallEmbeddingFamilyStraightening.lean:297 via ballEmbeddingAmbientIsotopic_of_ballChartStraighteningAwayFromCompact,DifferentialGeometry/Topology/Manifold/OrientedBallChartStraightening.lean:19; DifferentialGeometry/Topology/Manifold/OrientedBallChartStraightening.lean:86; DifferentialGeometry/Geometry/Flow/RicciFlow/Surgery/Contract/BallEmbeddingFamilyStraightening.lean:138; DifferentialGeometry/Geometry/Flow/RicciFlow/Surgery/Contract/BallEmbeddingFamilyStraightening.lean:261,DifferentialGeometry/Geometry/Flow/RicciFlow/Surgery/Contract/BallEmbeddingFamilyStraightening.lean:361; DifferentialGeometry/Geometry/Flow/RicciFlow/Surgery/Contract/BallEmbeddingFamilyStraightening.lean:364; DifferentialGeometry/Geometry/Flow/RicciFlow/Surgery/Contract/BallEmbeddingFamilyStraightening.lean:367,0,0,
DifferentialGeometry.Topology.PiecewiseLinear.IsCanonicalReturningComponent,def,predicate,DifferentialGeometry/Topology/PiecewiseLinear/CanonicalReturningComponentDeletion.lean:22,no_supplier,2,2,0,0,2,True,True,,DifferentialGeometry.Topology.PiecewiseLinear.IsCanonicalReturningComponent: no supplier,,,,,DifferentialGeometry/Topology/PiecewiseLinear/CanonicalBridgeWindow.lean:16; DifferentialGeometry/Topology/PiecewiseLinear/CanonicalReturningWitnessTransport.lean:18,,0,0,
DifferentialGeometry.Topology.SphericalCutCapTransition.componentConnectedSumDecomposition,def,predicate,DifferentialGeometry/Topology/ThreeManifold/CutCapGluing.lean:172,no_supplier_in_cone,39,2,54,0,23,True,True,,DifferentialGeometry.Topology.SphericalCutCapTransition.componentConnectedSumDecomposition: no supplier in cone,,,,route2-apply? DifferentialGeometry/Geometry/Flow/RicciFlow/Surgery/Contract/EndgameCongruenceCutReduction.lean:42 via nonempty_poincareExtinctionContracts_of_geometricInput,DifferentialGeometry/Geometry/Flow/RicciFlow/Surgery/Topology/ExtinctionReconstruction.lean:22; DifferentialGeometry/Topology/ThreeManifold/CutCapGluing.lean:183; DifferentialGeometry/Geometry/Flow/RicciFlow/Extinction/Width/InitialWidthDataFrontier.lean:65; DifferentialGeometry/Geometry/Flow/RicciFlow/Surgery/Contract/EndgameCongruenceCutReduction.lean:14,DifferentialGeometry/Geometry/Flow/RicciFlow/Surgery/Contract/EventGraphSumReduction.lean:133; DifferentialGeometry/Geometry/Flow/RicciFlow/Surgery/Contract/ExtinctionContractReduction.lean:25; DifferentialGeometry/Geometry/Flow/RicciFlow/Surgery/Contract/ExtinctionContractReduction.lean:59,0,0,
Schoenflies.TargetBoundaryAnchored,def,predicate,DifferentialGeometry/External/Schoenflies/FiniteTransferTarget.lean:367,no_supplier_in_cone,5,2,1,0,1,True,True,,Schoenflies.TargetBoundaryAnchored: no supplier in cone,,,,route2-apply? DifferentialGeometry/External/Schoenflies/FiniteTransferTargetMesh.lean:395 via finite_transfer_toward_source_of_boundaryAnchored,DifferentialGeometry/External/Schoenflies/FiniteTransferTarget.lean:386; DifferentialGeometry/External/Schoenflies/FiniteTransferTarget.lean:467; DifferentialGeometry/External/Schoenflies/FiniteTransferTarget.lean:1605; DifferentialGeometry/External/Schoenflies/FiniteTransferTarget.lean:1864,DifferentialGeometry/External/Schoenflies/FiniteTransferTargetMesh.lean:291,0,0,
DeGiorgi.JNBall,structure,bundle,DifferentialGeometry/External/DeGiorgi/Oscillation/BMO.lean:57,no_supplier_in_cone,12,1,2,0,2,True,True,,DeGiorgi.JNBall: no supplier in cone,,,,route2-apply? DifferentialGeometry/External/DeGiorgi/Oscillation/LocalJohnNirenberg.lean:1586 via assigned_union_half_measure_real,DifferentialGeometry/External/DeGiorgi/Oscillation/BMO.lean:66; DifferentialGeometry/External/DeGiorgi/Oscillation/BMO.lean:69; DifferentialGeometry/External/DeGiorgi/Oscillation/BMO.lean:72; DifferentialGeometry/External/DeGiorgi/Oscillation/BMO.lean:75,DifferentialGeometry/External/DeGiorgi/Oscillation/LocalJohnNirenberg.lean:1813; DifferentialGeometry/External/DeGiorgi/Oscillation/LocalJohnNirenberg.lean:1821,0,0,
DeGiorgi.WeakProblem,structure,bundle,DifferentialGeometry/External/DeGiorgi/WeakFormulation/SolutionInterfaces.lean:23,no_supplier_in_cone,2,1,1,0,2,True,True,,DeGiorgi.WeakProblem: no supplier in cone,,,,route2-apply? DifferentialGeometry/External/DeGiorgi/WeakFormulation/ExistenceTheory.lean:1479 via IsWeakSolution,DifferentialGeometry/External/DeGiorgi/WeakFormulation/SolutionInterfaces.lean:32; DifferentialGeometry/External/DeGiorgi/WeakFormulation/ExistenceTheory.lean:1341,DifferentialGeometry/External/DeGiorgi/WeakFormulation/ExistenceTheory.lean:1535,0,0,
DifferentialGeometry.Analysis.ODE.Flow.IsVariationalFlowProjection,structure,predicate,DifferentialGeometry/Analysis/ODE/Flow/HigherRegularity/Variational/FiniteOrder.lean:378,no_supplier_in_cone,7,1,7,0,3,True,True,,DifferentialGeometry.Analysis.ODE.Flow.IsVariationalFlowProjection: no supplier in cone [hint: route2? DifferentialGeometry/Analysis/ODE/Flow/HigherRegularity/Variational/SuccessorExistence.lean:202],,,DifferentialGeometry/Analysis/ODE/Flow/HigherRegularity/Variational/SuccessorExistence.lean:202; DifferentialGeometry/Analysis/ODE/Flow/HigherRegularity/Variational/SuccessorExistence.lean:210,route2?; route2-apply? DifferentialGeometry/Analysis/ODE/Flow/HigherRegularity/Variational/FiniteOrder.lean:645 via contDiffOn_flow_succ_of_isVariationalFlowProjection,DifferentialGeometry/Analysis/ODE/Flow/HigherRegularity/Variational/FiniteOrder.lean:386; DifferentialGeometry/Analysis/ODE/Flow/HigherRegularity/Variational/FiniteOrder.lean:402; DifferentialGeometry/Analysis/ODE/Flow/HigherRegularity/Variational/FiniteOrder.lean:423; DifferentialGeometry/Analysis/ODE/Flow/HigherRegularity/Variational/FiniteOrder.lean:447,DifferentialGeometry/Analysis/ODE/Flow/HigherRegularity/Variational/FiniteOrder.lean:669; DifferentialGeometry/Analysis/ODE/Flow/HigherRegularity/Variational/FirstOrderExistence.lean:22; DifferentialGeometry/Analysis/ODE/Flow/HigherRegularity/Variational/LinearMapSmoothness.lean:20,0,0,
DifferentialGeometry.Analysis.ODE.IsForwardInvariantForODE,def,predicate,DifferentialGeometry/Analysis/ODE/InvariantSet/Basic.lean:16,no_supplier_in_cone,6,1,13,0,3,True,True,,DifferentialGeometry.Analysis.ODE.IsForwardInvariantForODE: no supplier in cone,,,,,DifferentialGeometry/Analysis/ODE/InvariantSet/Basic.lean:152; DifferentialGeometry/Analysis/ODE/InvariantSet/Basic.lean:125; DifferentialGeometry/Analysis/ODE/InvariantSet/Basic.lean:143; DifferentialGeometry/Analysis/ODE/InvariantSet/Naturality.lean:162,DifferentialGeometry/Analysis/ODE/CurvatureReaction.lean:80; DifferentialGeometry/Analysis/ODE/HamiltonIvey.lean:68; DifferentialGeometry/Analysis/ODE/HamiltonIvey.lean:87,0,0,
DifferentialGeometry.Analysis.ODE.IsForwardInvariantForODEOn,def,predicate,DifferentialGeometry/Analysis/ODE/InvariantSet/Basic.lean:20,no_supplier_in_cone,10,1,3,0,6,True,True,,DifferentialGeometry.Analysis.ODE.IsForwardInvariantForODEOn: no supplier in cone,,,,route2-apply? DifferentialGeometry/Analysis/ODE/InvariantSet/Naturality.lean:152 via pushForwardVectorField,DifferentialGeometry/Analysis/ODE/InvariantSet/Naturality.lean:175; DifferentialGeometry/Analysis/ODE/AssociatedBundle.lean:14; DifferentialGeometry/Analysis/ODE/AssociatedBundle.lean:63; DifferentialGeometry/Analysis/ODE/InvariantSet/Basic.lean:30,DifferentialGeometry/Analysis/ODE/InvariantSet/Basic.lean:24; DifferentialGeometry/Analysis/ODE/MaximalSolution.lean:165; DifferentialGeometry/Analysis/ODE/MaximalSolution.lean:328,0,0,
DifferentialGeometry.Analysis.Parabolic.IsLocalScalarDirichletSolution,def,predicate,DifferentialGeometry/Analysis/Parabolic/MaximumPrinciple/InitialData.lean:663,no_supplier_in_cone,3,1,8,0,1,True,True,,DifferentialGeometry.Analysis.Parabolic.IsLocalScalarDirichletSolution: no supplier in cone,,,,,DifferentialGeometry/Analysis/Parabolic/MaximumPrinciple/InitialData.lean:680; DifferentialGeometry/Analysis/Parabolic/MaximumPrinciple/InitialData.lean:697; DifferentialGeometry/Analysis/Parabolic/MaximumPrinciple/InitialData.lean:728,DifferentialGeometry/Analysis/Parabolic/MaximumPrinciple/HarmonicDirichlet.lean:24; DifferentialGeometry/Analysis/Parabolic/MaximumPrinciple/HarmonicDirichletCanonical.lean:41; DifferentialGeometry/Analysis/Parabolic/MaximumPrinciple/HarmonicDirichletCanonical.lean:60,0,0,
DifferentialGeometry.Analysis.Parabolic.QuasiLinear.BoundedC0Semigroup,structure,bundle,DifferentialGeometry/Analysis/Parabolic/QuasiLinear/Semigroup/BoundedC0Semigroup.lean:12,no_supplier_in_cone,26,1,8,0,5,True,True,,DifferentialGeometry.Analysis.Parabolic.QuasiLinear.BoundedC0Semigroup: no supplier in cone,,,,route2-apply? DifferentialGeometry/Analysis/Elliptic/WithBoundary/DirichletHeatSemigroup.lean:76 via exists_linear_tensor_parabolic_mild_solution,DifferentialGeometry/Analysis/Parabolic/QuasiLinear/Semigroup/BoundedC0Semigroup.lean:29; DifferentialGeometry/Analysis/Parabolic/QuasiLinear/QuasilinearMetricShortTimeExistence.lean:55; DifferentialGeometry/Analysis/Parabolic/QuasiLinear/QuasilinearMetricShortTimeExistence.lean:65; DifferentialGeometry/Analysis/Parabolic/QuasiLinear/Semigroup/BoundedC0Semigroup.lean:38,DifferentialGeometry/Analysis/Elliptic/WithBoundary/DirichletHeatSemigroup.lean:34; DifferentialGeometry/Analysis/Parabolic/AbstractSemigroup/Spectral/Duhamel.lean:20; DifferentialGeometry/Analysis/Parabolic/QuasiLinear/ScalarHeat/HeatSemigroupInstance.lean:25,0,0,
DifferentialGeometry.Analysis.Parabolic.TensorSpectral.IsFramePairPartner,def,predicate,DifferentialGeometry/Analysis/Parabolic/RicciLinearization/PalatiniDecomposition/FamilySmoothness.lean:93,no_supplier_in_cone,3,1,1,0,2,True,True,,DifferentialGeometry.Analysis.Parabolic.TensorSpectral.IsFramePairPartner: no supplier in cone,,,,route2-apply? DifferentialGeometry/Analysis/Spectral/Intrinsic/DeTurck/RHS/Decomposition/AtZero.lean:134 via riemannPalatiniDecompositionC2Family_eq_ccTensor02Symm_kernel,DifferentialGeometry/Analysis/Parabolic/RicciLinearization/PalatiniDecomposition/RicciContractionKernel.lean:79; DifferentialGeometry/Analysis/Parabolic/RicciLinearization/PalatiniDecomposition/TameEstimates.lean:508; DifferentialGeometry/Analysis/Parabolic/RicciLinearization/PalatiniDecomposition/TameEstimates.lean:650,DifferentialGeometry/Analysis/Parabolic/RicciLinearization/PalatiniDecomposition/TameEstimates.lean:120,0,0,
DifferentialGeometry.Analysis.Parabolic.TensorSpectral.eigenvectorResolventChartWkpRegularity,def,predicate,DifferentialGeometry/Analysis/Spectral/Tensor/EllipticBridge/EigenvectorWeakSolution/RightHandSide/Chart/Sobolev/Control.lean:49,no_supplier,9,1,0,0,2,True,True,,DifferentialGeometry.Analysis.Parabolic.TensorSpectral.eigenvectorResolventChartWkpRegularity: no supplier,,,,route2-apply? DifferentialGeometry/Analysis/Spectral/Tensor/EllipticBridge/EigenvectorWeakSolution/RightHandSide/Chart/Sobolev/UniformBound.lean:579 via crossRightGradCoeffDivLimit_memWkp,DifferentialGeometry/Analysis/Spectral/Tensor/EllipticBridge/EigenvectorWeakSolution/RightHandSide/Chart/Sobolev/Control.lean:238; DifferentialGeometry/Analysis/Spectral/Tensor/EllipticBridge/EigenvectorWeakSolution/RightHandSide/Chart/Sobolev/Bound.lean:90; DifferentialGeometry/Analysis/Spectral/Tensor/EllipticBridge/EigenvectorWeakSolution/RightHandSide/Chart/Sobolev/Bound.lean:218; DifferentialGeometry/Analysis/Spectral/Tensor/EllipticBridge/EigenvectorWeakSolution/RightHandSide/Chart/Sobolev/Bound.lean:334,,0,0,
DifferentialGeometry.Analysis.Sobolev.WithBoundary.MemWkpChart,def,predicate,DifferentialGeometry/Analysis/Sobolev/WithBoundary/Chart/Defs.lean:41,no_supplier_in_cone,22,1,10,0,6,True,False,,DifferentialGeometry.Analysis.Sobolev.WithBoundary.MemWkpChart: no supplier in cone,,,,route2-apply? DifferentialGeometry/Analysis/Elliptic/WithBoundary/DirichletSobolev.lean:183 via wkpNormChart_lt_top_of_memWkpChart,DifferentialGeometry/Analysis/Sobolev/WithBoundary/Chart/Defs.lean:239; DifferentialGeometry/Analysis/Sobolev/WithBoundary/Chart/Banach.lean:47; DifferentialGeometry/Analysis/Sobolev/WithBoundary/Chart/Banach.lean:71; DifferentialGeometry/Analysis/Sobolev/WithBoundary/Chart/Defs.lean:147,DifferentialGeometry/Analysis/Elliptic/WithBoundary/DirichletCompactness.lean:164; DifferentialGeometry/Analysis/Elliptic/WithBoundary/DirichletSobolev.lean:25; DifferentialGeometry/Analysis/Elliptic/WithBoundary/DirichletSobolev.lean:123,0,0,
DifferentialGeometry.Analysis.Sobolev.christoffelOrderBoundOn,def,predicate,DifferentialGeometry/Analysis/Sobolev/Embedding/Reverse/OrderPeeling.lean:651,no_supplier,1,1,0,0,1,True,True,,DifferentialGeometry.Analysis.Sobolev.christoffelOrderBoundOn: no supplier,,,,route2-apply? DifferentialGeometry/Analysis/Sobolev/Embedding/Reverse/OrderPeeling.lean:796 via iteratedFDeriv_euclidPartial_le_of_order_bounds,DifferentialGeometry/Analysis/Sobolev/Embedding/Reverse/OrderPeeling.lean:664,,0,0,
DifferentialGeometry.Analysis.TimeDerivativeData,structure,bundle,DifferentialGeometry/Analysis/Time.lean:7,no_supplier,37,1,0,0,5,True,True,,DifferentialGeometry.Analysis.TimeDerivativeData: no supplier,,,,,DifferentialGeometry/Analysis/Time.lean:111; DifferentialGeometry/Analysis/Time.lean:17; DifferentialGeometry/Analysis/Time.lean:38; DifferentialGeometry/Analysis/Time.lean:42,,0,0,
DifferentialGeometry.CheegerGromovCompactness.ExponentialBallRadiusAt,def,predicate,DifferentialGeometry/Geometry/Compactness/CheegerGromov/Covering/ExponentialBallCovering.lean:84,conditional,2,1,1,1,2,True,True,,DifferentialGeometry.CheegerGromovCompactness.ExponentialBallRadiusAt <= DifferentialGeometry/Geometry/Compactness/CheegerGromov/Covering/ExponentialBallCovering.lean:100 [stmt-def ExponentialBallRadiusTail] needs DifferentialGeometry.CheegerGromovCompactness.ExponentialBallRadiusTail; DifferentialGeometry.CheegerGromovCompactness.ExponentialBallRadiusTail <= DifferentialGeometry/Geometry/Compactness/CheegerGromov/Gluing/MetricCompactness/Assumptions.lean:464 [concl] needs DifferentialGeometry.CheegerGromovCompactness.MetricCompactnessAssumptions; DifferentialGeometry.CheegerGromovCompactness.MetricCompactnessAssumptions <= DifferentialGeometry/Geometry/Compactness/CheegerGromov/Gluing/CenterMap/Construction/Support.lean:321 [concl] needs DifferentialGeometry.CheegerGromovCompactness.MetricCompactBase; DifferentialGeometry.CheegerGromovCompactness.MetricCompactBase: no supplier in cone,,,,suppliers: stmt-def 1,DifferentialGeometry/Geometry/Compactness/CheegerGromov/Gluing/Transition/PairGeometry.lean:103; DifferentialGeometry/Geometry/Compactness/CheegerGromov/Covering/ExponentialBallCovering.lean:156,DifferentialGeometry/Geometry/Compactness/CheegerGromov/Covering/ExponentialBallCovering.lean:100,0,0,
DifferentialGeometry.CheegerGromovCompactness.ExponentialBallRadiusBounds,def,predicate,DifferentialGeometry/Geometry/Compactness/CheegerGromov/Covering/ExponentialBallCovering.lean:72,no_supplier,2,1,0,0,1,True,True,,DifferentialGeometry.CheegerGromovCompactness.ExponentialBallRadiusBounds: no supplier,,,,,DifferentialGeometry/Geometry/Compactness/CheegerGromov/Covering/ExponentialBallCovering.lean:117; DifferentialGeometry/Geometry/Compactness/CheegerGromov/Covering/ExponentialBallCovering.lean:134,,0,0,
DifferentialGeometry.CheegerGromovCompactness.ExponentialBallRadiusTail,def,predicate,DifferentialGeometry/Geometry/Compactness/CheegerGromov/Covering/ExponentialBallCovering.lean:100,conditional,1,1,7,7,1,True,True,,DifferentialGeometry.CheegerGromovCompactness.ExponentialBallRadiusTail <= DifferentialGeometry/Geometry/Compactness/CheegerGromov/Gluing/MetricCompactness/Assumptions.lean:464 [concl] needs DifferentialGeometry.CheegerGromovCompactness.MetricCompactnessAssumptions; DifferentialGeometry.CheegerGromovCompactness.MetricCompactnessAssumptions <= DifferentialGeometry/Geometry/Compactness/CheegerGromov/Gluing/CenterMap/Construction/Support.lean:321 [concl] needs DifferentialGeometry.CheegerGromovCompactness.MetricCompactBase; DifferentialGeometry.CheegerGromovCompactness.MetricCompactBase: no supplier in cone,,,,"suppliers: route2-have 5, concl 2",DifferentialGeometry/Geometry/Compactness/CheegerGromov/Covering/ExponentialBallCovering.lean:105,DifferentialGeometry/Geometry/Compactness/CheegerGromov/BoundedGeometry/NormalCoordinates/RadiusProfile.lean:385; DifferentialGeometry/Geometry/Compactness/CheegerGromov/Gluing/CenterMap/Construction/Fill.lean:1831; DifferentialGeometry/Geometry/Compactness/CheegerGromov/Gluing/CenterMap/Selection/Support.lean:80,0,0,
DifferentialGeometry.CheegerGromovCompactness.ExponentialRadiusScaleBounds,def,predicate,DifferentialGeometry/Geometry/Compactness/CheegerGromov/Covering/ExponentialBallCovering.lean:185,no_supplier,3,1,0,0,1,True,True,,DifferentialGeometry.CheegerGromovCompactness.ExponentialRadiusScaleBounds: no supplier,,,,,DifferentialGeometry/Geometry/Compactness/CheegerGromov/Covering/ExponentialBallCovering.lean:234; DifferentialGeometry/Geometry/Compactness/CheegerGromov/Covering/ExponentialBallCovering.lean:217; DifferentialGeometry/Geometry/Compactness/CheegerGromov/Covering/ExponentialBallCovering.lean:226,,0,0,
DifferentialGeometry.CheegerGromovCompactness.FramedExponentialBallRadiusBounds,def,predicate,DifferentialGeometry/Geometry/Compactness/CheegerGromov/Covering/ExponentialBallCovering.lean:290,no_supplier,2,1,0,0,1,True,True,,DifferentialGeometry.CheegerGromovCompactness.FramedExponentialBallRadiusBounds: no supplier,,,,,DifferentialGeometry/Geometry/Compactness/CheegerGromov/Covering/ExponentialBallCovering.lean:337; DifferentialGeometry/Geometry/Compactness/CheegerGromov/Covering/ExponentialBallCovering.lean:354,,0,0,
DifferentialGeometry.CheegerGromovCompactness.FramedExponentialBallRadiusTail,def,predicate,DifferentialGeometry/Geometry/Compactness/CheegerGromov/Covering/ExponentialBallCovering.lean:319,no_supplier,1,1,0,0,1,True,True,,DifferentialGeometry.CheegerGromovCompactness.FramedExponentialBallRadiusTail: no supplier,,,,,DifferentialGeometry/Geometry/Compactness/CheegerGromov/Covering/ExponentialBallCovering.lean:324,,0,0,
DifferentialGeometry.CheegerGromovCompactness.HasRadiusTail,def,predicate,DifferentialGeometry/Geometry/Compactness/CheegerGromov/Gluing/StageConstruction/Diagonal.lean:225,conditional,1,1,2,1,1,True,True,,"DifferentialGeometry.CheegerGromovCompactness.HasRadiusTail <= DifferentialGeometry/Geometry/Compactness/CheegerGromov/Gluing/StageConstruction/Diagonal.lean:241 [concl] needs DifferentialGeometry.CheegerGromovCompactness.HasStageSeed, DifferentialGeometry.CheegerGromovCompactness.MetricCompactnessAssumptions; DifferentialGeometry.CheegerGromovCompactness.HasStageSeed: no supplier in cone",,,,suppliers: concl 1; route2-apply? DifferentialGeometry/Geometry/Compactness/CheegerGromov/ApproximateIsometry/PairwiseApproximation/BoundedGeometry.lean:94 via geom_tail,DifferentialGeometry/Geometry/Compactness/CheegerGromov/Gluing/StageConstruction/RadiusTail.lean:371,DifferentialGeometry/Geometry/Compactness/CheegerGromov/Gluing/StageConstruction/Diagonal.lean:241; DifferentialGeometry/Geometry/Compactness/CheegerGromov/Gluing/StageConstruction/Diagonal.lean:385,0,0,
DifferentialGeometry.CheegerGromovCompactness.HasStageRefine,def,predicate,DifferentialGeometry/Geometry/Compactness/CheegerGromov/Gluing/StageConstruction/Seed.lean:43,conditional,1,1,3,3,1,True,True,,"DifferentialGeometry.CheegerGromovCompactness.HasStageRefine <= DifferentialGeometry/Geometry/Compactness/CheegerGromov/Gluing/StageConstruction/Seed.lean:77 [stmt-def HasStageSeed] needs DifferentialGeometry.CheegerGromovCompactness.HasStageSeed, DifferentialGeometry.CheegerGromovCompactness.IsStableNet; DifferentialGeometry.CheegerGromovCompactness.HasStageSeed: no supplier in cone",,,,"suppliers: concl 2, stmt-def 1; route2-apply? DifferentialGeometry/Geometry/Compactness/CheegerGromov/Gluing/StageConstruction/Diagonal.lean:171 via payload_nonempty",DifferentialGeometry/Geometry/Compactness/CheegerGromov/Gluing/StageConstruction/Diagonal.lean:121,DifferentialGeometry/Geometry/Compactness/CheegerGromov/Gluing/StageConstruction/Seed.lean:77; DifferentialGeometry/Geometry/Compactness/CheegerGromov/Gluing/StageConstruction/Seed.lean:96; DifferentialGeometry/Geometry/Compactness/CheegerGromov/Gluing/StageConstruction/Seed.lean:106,0,0,
DifferentialGeometry.CheegerGromovCompactness.HasStageRefineOn,def,predicate,DifferentialGeometry/Geometry/Compactness/CheegerGromov/Gluing/StageConstruction/Seed.lean:60,conditional,1,1,3,3,1,True,True,,DifferentialGeometry.CheegerGromovCompactness.HasStageRefineOn <= DifferentialGeometry/Geometry/Compactness/CheegerGromov/Gluing/StageConstruction/Seed.lean:127 [concl] needs DifferentialGeometry.CheegerGromovCompactness.HasStageSeedOn; DifferentialGeometry.CheegerGromovCompactness.HasStageSeedOn <= DifferentialGeometry/Geometry/Compactness/CheegerGromov/Gluing/StageComparison/HigherRegularity.lean:1358 [concl] needs DifferentialGeometry.CheegerGromovCompactness.IsStableNet; DifferentialGeometry.CheegerGromovCompactness.IsStableNet: no supplier,,,,"suppliers: concl 2, stmt-def 1; route2-apply? DifferentialGeometry/Geometry/Compactness/CheegerGromov/Gluing/StageConstruction/Diagonal.lean:273 via payload_nonempty",DifferentialGeometry/Geometry/Compactness/CheegerGromov/Gluing/StageConstruction/Diagonal.lean:154,DifferentialGeometry/Geometry/Compactness/CheegerGromov/Gluing/StageConstruction/Seed.lean:86; DifferentialGeometry/Geometry/Compactness/CheegerGromov/Gluing/StageConstruction/Seed.lean:116; DifferentialGeometry/Geometry/Compactness/CheegerGromov/Gluing/StageConstruction/Seed.lean:127,0,0,
DifferentialGeometry.CheegerGromovCompactness.HasSupportedCenterMapConstruction,def,predicate,DifferentialGeometry/Geometry/Compactness/CheegerGromov/Gluing/CenterMap/Construction/Support.lean:138,conditional,1,1,3,2,1,True,True,,DifferentialGeometry.CheegerGromovCompactness.HasSupportedCenterMapConstruction <= DifferentialGeometry/Geometry/Compactness/CheegerGromov/Gluing/CenterMap/Construction/Support.lean:593 [concl] needs DifferentialGeometry.CheegerGromovCompactness.MetricCompactBase; DifferentialGeometry.CheegerGromovCompactness.MetricCompactBase: no supplier in cone,,,,"suppliers: concl 1, route2-have 1; route2-apply? DifferentialGeometry/Geometry/Compactness/CheegerGromov/Gluing/CenterMap/Construction/Support.lean:593 via subseq",DifferentialGeometry/Geometry/Compactness/CheegerGromov/Gluing/CenterMap/Construction/Support.lean:208,DifferentialGeometry/Geometry/Compactness/CheegerGromov/Gluing/CenterMap/Construction/Support.lean:593; DifferentialGeometry/Geometry/Compactness/CheegerGromov/Gluing/CenterMap/Construction/Support.lean:831; DifferentialGeometry/Geometry/Compactness/CheegerGromov/Gluing/StageConstruction/Seed.lean:215,0,0,
DifferentialGeometry.CheegerGromovCompactness.HasSupportedFiniteCenterMapConstruction,def,predicate,DifferentialGeometry/Geometry/Compactness/CheegerGromov/Gluing/CenterMap/Construction/Support.lean:33,conditional,2,1,2,2,1,True,True,,DifferentialGeometry.CheegerGromovCompactness.HasSupportedFiniteCenterMapConstruction <= DifferentialGeometry/Geometry/Compactness/CheegerGromov/Gluing/CenterMap/Construction/Support.lean:138 [stmt-def HasSupportedCenterMapConstruction] needs DifferentialGeometry.CheegerGromovCompactness.HasSupportedCenterMapConstruction; DifferentialGeometry.CheegerGromovCompactness.HasSupportedCenterMapConstruction <= DifferentialGeometry/Geometry/Compactness/CheegerGromov/Gluing/CenterMap/Construction/Support.lean:593 [concl] needs DifferentialGeometry.CheegerGromovCompactness.MetricCompactBase; DifferentialGeometry.CheegerGromovCompactness.MetricCompactBase: no supplier in cone,,,,"suppliers: stmt-def 1, concl 1",DifferentialGeometry/Geometry/Compactness/CheegerGromov/Gluing/CenterMap/Construction/Support.lean:94; DifferentialGeometry/Geometry/Compactness/CheegerGromov/Gluing/CenterMap/Construction/Support.lean:292,DifferentialGeometry/Geometry/Compactness/CheegerGromov/Gluing/CenterMap/Construction/Support.lean:138; DifferentialGeometry/Geometry/Compactness/CheegerGromov/Gluing/CenterMap/Construction/Support.lean:321,0,0,
DifferentialGeometry.CheegerGromovCompactness.MetricCovOrderEvolutionBounds,structure,bundle,DifferentialGeometry/Geometry/Flow/RicciFlow/Compactness/Metric/Bounds/AllTimes.lean:274,no_supplier,2,1,0,0,1,True,True,,DifferentialGeometry.CheegerGromovCompactness.MetricCovOrderEvolutionBounds: no supplier,,,,route2-apply? DifferentialGeometry/Geometry/Flow/RicciFlow/Compactness/Bounds/CovariantDerivative/Tail.lean:141 via metricCovOrderWindow_of_evolution,DifferentialGeometry/Geometry/Flow/RicciFlow/Compactness/Metric/Bounds/AllTimes.lean:306; DifferentialGeometry/Geometry/Flow/RicciFlow/Compactness/Metric/Bounds/AllTimes.lean:497,,0,0,
DifferentialGeometry.CheegerGromovCompactness.NormalTransAt,structure,predicate,DifferentialGeometry/Geometry/Compactness/CheegerGromov/Gluing/Transition/Refinement.lean:419,no_supplier_in_cone,1,1,1,0,1,True,True,,DifferentialGeometry.CheegerGromovCompactness.NormalTransAt: no supplier in cone [hint: route2? DifferentialGeometry/Geometry/Compactness/CheegerGromov/Gluing/Transition/Refinement.lean:502],,,DifferentialGeometry/Geometry/Compactness/CheegerGromov/Gluing/Transition/Refinement.lean:502,route2?; route2-apply? DifferentialGeometry/Geometry/Compactness/CheegerGromov/Gluing/Transition/Pairwise.lean:396 via existsTransTail,DifferentialGeometry/Geometry/Compactness/CheegerGromov/Gluing/Transition/Refinement.lean:474,DifferentialGeometry/Geometry/Compactness/CheegerGromov/Gluing/CenterMap/Convergence/CenterAverage.lean:599,0,0,
DifferentialGeometry.CheegerGromovCompactness.SeqBallGeometry,structure,bundle,DifferentialGeometry/Geometry/Compactness/CheegerGromov/Pointed/Bounds/BallGeometry.lean:21,no_supplier_in_cone,9,1,6,0,7,True,True,,DifferentialGeometry.CheegerGromovCompactness.SeqBallGeometry: no supplier in cone,,,,route2-apply? DifferentialGeometry/Geometry/Flow/RicciFlow/Perelman/KappaSolutions/LocalMetricCompactnessSeed.lean:131 via exists_uniform_injectivity_radius_on_ball_of_seqBallGeometry,DifferentialGeometry/Geometry/Compactness/CheegerGromov/Pointed/Bounds/BallGeometry.lean:39; DifferentialGeometry/Geometry/Compactness/CheegerGromov/NormalCoordinates/Metric/StaircaseProducer.lean:27; DifferentialGeometry/Geometry/Compactness/CheegerGromov/Pointed/Bounds/BallGeometry.lean:63; DifferentialGeometry/Geometry/Flow/RicciFlow/Perelman/KappaSolutions/LocalInjectivityRadiusDecaySeqBall.lean:34,DifferentialGeometry/Geometry/Compactness/CheegerGromov/Pointed/Bounds/BallGeometry.lean:51; DifferentialGeometry/Geometry/Compactness/CheegerGromov/Pointed/Bounds/BallGeometry.lean:83; DifferentialGeometry/Geometry/Flow/RicciFlow/Perelman/KappaSolutions/LocalMetricCompactnessSeed.lean:131,0,0,
DifferentialGeometry.CheegerGromovCompactness.SigmaScaleTail,def,predicate,DifferentialGeometry/Geometry/Compactness/CheegerGromov/Gluing/CenterMap/Selection/Scale.lean:324,no_supplier_in_cone,2,1,2,0,1,True,True,,DifferentialGeometry.CheegerGromovCompactness.SigmaScaleTail: no supplier in cone,,,,,DifferentialGeometry/Geometry/Compactness/CheegerGromov/Gluing/CenterMap/Selection/Scale.lean:366; DifferentialGeometry/Geometry/Compactness/CheegerGromov/Gluing/CenterMap/Selection/Scale.lean:380,DifferentialGeometry/Geometry/Compactness/CheegerGromov/Gluing/CenterMap/Selection/Scale.lean:356; DifferentialGeometry/Geometry/Compactness/CheegerGromov/Gluing/CenterMap/Selection/Scale.lean:428,0,0,
DifferentialGeometry.CheegerGromovCompactness.TowerExtractor,def,predicate,DifferentialGeometry/Geometry/Metric/Convergence/Compactness/ComponentSubsequence.lean:558,no_supplier,1,1,0,0,1,True,True,,DifferentialGeometry.CheegerGromovCompactness.TowerExtractor: no supplier,,,,route2-apply? DifferentialGeometry/Geometry/Metric/Convergence/Compactness/ComponentSubsequence.lean:713 via exists_patch_core,DifferentialGeometry/Geometry/Metric/Convergence/Compactness/ComponentSubsequence.lean:581,,0,0,
DifferentialGeometry.CheegerGromovCompactness.iteratedFDerivBoundsOnCompacts,def,predicate,DifferentialGeometry/Analysis/Calculus/MapConvergence/SmoothInverse.lean:15,no_supplier,4,1,0,0,2,True,True,,DifferentialGeometry.CheegerGromovCompactness.iteratedFDerivBoundsOnCompacts: no supplier,,,,,DifferentialGeometry/Analysis/Calculus/MapConvergence/SmoothInverse.lean:20; DifferentialGeometry/Analysis/Calculus/MapConvergence/SmoothInverse.lean:26; DifferentialGeometry/Analysis/Calculus/MapConvergence/SmoothInverse.lean:54; DifferentialGeometry/Analysis/Calculus/MapConvergence/SmoothInverseOn.lean:54,,0,0,
DifferentialGeometry.Geometry.Connection.IsTransportInvariantAlternatingSubmoduleFamily,def,predicate,DifferentialGeometry/Geometry/Connection/ParallelTransport/Kernel.lean:156,no_supplier,1,1,0,0,1,True,True,,DifferentialGeometry.Geometry.Connection.IsTransportInvariantAlternatingSubmoduleFamily: no supplier,,,,,DifferentialGeometry/Geometry/Connection/ParallelTransport/Kernel.lean:169,,0,0,
DifferentialGeometry.Geometry.Connection.IsTransportInvariantContinuousAlternatingSubmoduleFamily,def,predicate,DifferentialGeometry/Geometry/Connection/ParallelTransport/Kernel.lean:189,no_supplier,1,1,0,0,1,True,True,,DifferentialGeometry.Geometry.Connection.IsTransportInvariantContinuousAlternatingSubmoduleFamily: no supplier,,,,,DifferentialGeometry/Geometry/Connection/ParallelTransport/Kernel.lean:202,,0,0,
DifferentialGeometry.Geometry.Connection.IsTransportInvariantSubmoduleFamily,def,predicate,DifferentialGeometry/Geometry/Connection/ParallelTransport/Kernel.lean:99,conditional,4,1,3,2,1,True,True,,DifferentialGeometry.Geometry.Connection.IsTransportInvariantSubmoduleFamily <= DifferentialGeometry/Geometry/Connection/ParallelTransport/Kernel.lean:169 [concl] needs DifferentialGeometry.Geometry.Connection.IsTransportInvariantAlternatingSubmoduleFamily; DifferentialGeometry.Geometry.Connection.IsTransportInvariantAlternatingSubmoduleFamily: no supplier,,,,suppliers: concl 2,DifferentialGeometry/Geometry/Connection/ParallelTransport/Kernel.lean:125; DifferentialGeometry/Geometry/Connection/ParallelTransport/Kernel.lean:108; DifferentialGeometry/Geometry/Connection/ParallelTransport/Kernel.lean:112; DifferentialGeometry/Geometry/Connection/ParallelTransport/Kernel.lean:138,DifferentialGeometry/Geometry/Connection/ParallelTransport/Kernel.lean:169; DifferentialGeometry/Geometry/Connection/ParallelTransport/Kernel.lean:202; DifferentialGeometry/Geometry/Connection/ParallelTransport/Kernel.lean:291,0,0,
DifferentialGeometry.Geometry.Connection.SectionSmooth,def,predicate,DifferentialGeometry/Geometry/Connection/ChartTensorNabla/Agreement/Nabla0SFunAgreement.lean:30,no_supplier,1,1,0,0,1,True,True,,DifferentialGeometry.Geometry.Connection.SectionSmooth: no supplier [hint: route2? DifferentialGeometry/Geometry/Connection/ChartTensorNabla/Agreement/Nabla0SFunAgreement.lean:170],,,DifferentialGeometry/Geometry/Connection/ChartTensorNabla/Agreement/Nabla0SFunAgreement.lean:170,route2?; route2-apply? DifferentialGeometry/Geometry/Connection/ChartTensorNabla/Agreement/Nabla0SFunAgreement.lean:311 via tensor0SCovariantDerivative_eval,DifferentialGeometry/Geometry/Connection/ChartTensorNabla/Agreement/Nabla0SFunAgreement.lean:109,,0,0,
DifferentialGeometry.Geometry.Connection.VecSmooth,def,predicate,DifferentialGeometry/Geometry/Connection/ChartTensorNabla/Agreement/Nabla0SFunAgreement.lean:38,no_supplier,1,1,0,0,1,True,True,,DifferentialGeometry.Geometry.Connection.VecSmooth: no supplier,,,,route2-apply? DifferentialGeometry/Geometry/Connection/ChartTensorNabla/Agreement/Nabla0SFunAgreement.lean:311 via tensor0SCovariantDerivative_eval,DifferentialGeometry/Geometry/Connection/ChartTensorNabla/Agreement/Nabla0SFunAgreement.lean:109,,0,0,
DifferentialGeometry.Geometry.Curvature.BochnerReductionAt,structure,predicate,DifferentialGeometry/Geometry/Curvature/Bochner/WeitzenbockIdentity.lean:272,no_supplier,1,1,0,0,1,True,True,,DifferentialGeometry.Geometry.Curvature.BochnerReductionAt: no supplier,,,,route2-apply? DifferentialGeometry/Geometry/Curvature/Bochner/WeitzenbockIdentity.lean:294 via bochner_pointwise_abstract_of_reduction,DifferentialGeometry/Geometry/Curvature/Bochner/WeitzenbockIdentity.lean:280,,0,0,
DifferentialGeometry.Geometry.Curvature.TimeEndpoint.lowerMem,def,predicate,DifferentialGeometry/Analysis/TimeInterval.lean:47,conditional,1,1,2,2,1,True,True,,"DifferentialGeometry.Geometry.Curvature.TimeEndpoint.lowerMem <= DifferentialGeometry/Analysis/TimeInterval.lean:61 [concl] needs DifferentialGeometry.Geometry.Curvature.TimeEndpoint.lowerLt; DifferentialGeometry.Geometry.Curvature.TimeEndpoint.lowerLt <= DifferentialGeometry/Analysis/TimeInterval.lean:213 [route2-have] needs DifferentialGeometry.Geometry.Curvature.TimeEndpoint.lowerMem, DifferentialGeometry.Geometry.Curvature.TimeEndpoint.upperMem; DifferentialGeometry.Geometry.Curvature.TimeEndpoint.lowerMem: (cycle)",,,,suppliers: concl 2; route2-apply? DifferentialGeometry/Analysis/TimeInterval.lean:295 via ofEndpoints,DifferentialGeometry/Analysis/TimeInterval.lean:195,DifferentialGeometry/Analysis/TimeInterval.lean:61; DifferentialGeometry/Analysis/TimeInterval.lean:102,0,0,
DifferentialGeometry.Geometry.Curvature.TimeEndpoint.upperMem,def,predicate,DifferentialGeometry/Analysis/TimeInterval.lean:54,conditional,1,1,2,2,1,True,True,,"DifferentialGeometry.Geometry.Curvature.TimeEndpoint.upperMem <= DifferentialGeometry/Analysis/TimeInterval.lean:75 [concl] needs DifferentialGeometry.Geometry.Curvature.TimeEndpoint.upperLt; DifferentialGeometry.Geometry.Curvature.TimeEndpoint.upperLt <= DifferentialGeometry/Analysis/TimeInterval.lean:220 [route2-have] needs DifferentialGeometry.Geometry.Curvature.TimeEndpoint.lowerMem, DifferentialGeometry.Geometry.Curvature.TimeEndpoint.upperMem; DifferentialGeometry.Geometry.Curvature.TimeEndpoint.lowerMem <= DifferentialGeometry/Analysis/TimeInterval.lean:61 [concl] needs DifferentialGeometry.Geometry.Curvature.TimeEndpoint.lowerLt; DifferentialGeometry.Geometry.Curvature.TimeEndpoint.lowerLt <= DifferentialGeometry/Analysis/TimeInterval.lean:213 [route2-have] needs DifferentialGeometry.Geometry.Curvature.TimeEndpoint.lowerMem, DifferentialGeometry.Geometry.Curvature.TimeEndpoint.upperMem; DifferentialGeometry.Geometry.Curvature.TimeEndpoint.lowerMem: (cycle)",,,,suppliers: concl 2; route2-apply? DifferentialGeometry/Analysis/TimeInterval.lean:295 via ofEndpoints,DifferentialGeometry/Analysis/TimeInterval.lean:195,DifferentialGeometry/Analysis/TimeInterval.lean:75; DifferentialGeometry/Analysis/TimeInterval.lean:102,0,0,
DifferentialGeometry.Geometry.Curvature.TraceNablaHessianRealizesDLapAt,def,predicate,DifferentialGeometry/Geometry/Curvature/Bochner/Scalar/Basic.lean:168,no_supplier_in_cone,10,1,7,0,2,True,True,,DifferentialGeometry.Geometry.Curvature.TraceNablaHessianRealizesDLapAt: no supplier in cone,,,,route2-apply? DifferentialGeometry/Geometry/Connection/LeviCivita/Hessian/ScalarBochner.lean:253 via fundamental_bochner_of_leviCivita_terms,DifferentialGeometry/Geometry/Curvature/Bochner/Scalar/Basic.lean:196; DifferentialGeometry/Geometry/Connection/LeviCivita/Hessian/ScalarBochner.lean:97; DifferentialGeometry/Geometry/Connection/LeviCivita/Hessian/ScalarBochner.lean:170; DifferentialGeometry/Geometry/Curvature/Bochner/Scalar/Basic.lean:1018,DifferentialGeometry/Geometry/Connection/LeviCivita/Hessian/ScalarBochner.lean:50; DifferentialGeometry/Geometry/Connection/LeviCivita/Hessian/ScalarBochner.lean:330; DifferentialGeometry/Geometry/Connection/LeviCivita/Hessian/ScalarBochner.lean:426,0,0,
DifferentialGeometry.Geometry.IsSmoothPositiveCircleMap,def,predicate,DifferentialGeometry/Geometry/MinimalSurface/Plateau/ConformalDisk.lean:21,no_supplier,6,1,0,0,6,True,True,,DifferentialGeometry.Geometry.IsSmoothPositiveCircleMap: no supplier [hint: route4 via DifferentialGeometry.Geometry.IsConformalMinimizingDisk],DifferentialGeometry.Geometry.IsSmoothPositiveCircleMap <- DifferentialGeometry.Geometry.IsConformalMinimizingDisk (supplied),DifferentialGeometry.Geometry.IsSmoothPositiveCircleMap <- DifferentialGeometry.Geometry.IsConformalMinimizingDisk (supplied),,route4; route2-apply? DifferentialGeometry/Geometry/MinimalSurface/Plateau/PositiveTrace.lean:28 via exists_conformal_minimizing_disk_of_smooth_positive_trace,DifferentialGeometry/Geometry/MinimalSurface/Plateau/MorreyDiskExtension.lean:88; DifferentialGeometry/Geometry/MinimalSurface/Plateau/AngleTrace.lean:26; DifferentialGeometry/Geometry/MinimalSurface/Plateau/ConformalDisk.lean:27; DifferentialGeometry/Geometry/MinimalSurface/Plateau/TraceAnnulus.lean:18,,0,0,
DifferentialGeometry.Geometry.Riemannian.VolumeComparison.modelRadiusAdmissible,def,predicate,DifferentialGeometry/Geometry/Comparison/Volume/Model.lean:46,no_supplier_in_cone,14,1,3,0,3,True,True,,DifferentialGeometry.Geometry.Riemannian.VolumeComparison.modelRadiusAdmissible: no supplier in cone,,,,route2-apply? DifferentialGeometry/Geometry/Comparison/Volume/BishopGromovLocal.lean:45 via intrModelRatioOfFrame_on,DifferentialGeometry/Geometry/Comparison/Volume/Model.lean:198; DifferentialGeometry/Geometry/Comparison/Volume/Model.lean:286; DifferentialGeometry/Geometry/Comparison/Volume/Model.lean:363; DifferentialGeometry/Geometry/Comparison/Volume/Model.lean:375,DifferentialGeometry/Geometry/Comparison/Volume/BishopGromovLocal.lean:330; DifferentialGeometry/Geometry/Comparison/Volume/Model.lean:235; DifferentialGeometry/Geometry/Comparison/Volume/RadialJacobian.lean:77,0,0,
DifferentialGeometry.Geometry.hasNonnegativeSectionalCurvature,def,predicate,DifferentialGeometry/Geometry/Curvature/Nonnegative.lean:26,conditional,1,1,1,1,1,True,True,,DifferentialGeometry.Geometry.hasNonnegativeSectionalCurvature <= DifferentialGeometry/Geometry/Curvature/PositiveSectional.lean:66 [concl] needs DifferentialGeometry.Geometry.hasPositiveSectionalCurvature; DifferentialGeometry.Geometry.hasPositiveSectionalCurvature: no supplier,,,,suppliers: concl 1; route2-apply? DifferentialGeometry/Geometry/Comparison/FarPoint.lean:98 via riemann_contraction_nonneg,DifferentialGeometry/Geometry/Curvature/Nonnegative.lean:47,DifferentialGeometry/Geometry/Curvature/PositiveSectional.lean:66,0,0,
DifferentialGeometry.Geometry.isUnitSpeedGeodesicGermIn,def,predicate,DifferentialGeometry/Geometry/Submanifold/IsometricImmersion.lean:122,no_supplier_in_cone,1,1,4,0,1,True,True,,DifferentialGeometry.Geometry.isUnitSpeedGeodesicGermIn: no supplier in cone,,,,route2-apply? DifferentialGeometry/Geometry/Comparison/Soul/PositiveSoulDiffeomorph.lean:70 via no_compact_geodesic_carrier,DifferentialGeometry/Geometry/Comparison/CompactGeodesicCarrier.lean:32,DifferentialGeometry/Geometry/Comparison/FarPoint.lean:402; DifferentialGeometry/Geometry/Submanifold/IsometricImmersion.lean:274; DifferentialGeometry/Geometry/Submanifold/IsometricImmersion.lean:298,0,0,
DifferentialGeometry.PDE.RicciFlow.Entropy.ConjGalerkinTime,structure,bundle,DifferentialGeometry/Geometry/Flow/RicciFlow/Entropy/ConjugateHeat/Galerkin/Basic.lean:473,no_supplier_in_cone,2,1,1,0,1,True,True,,DifferentialGeometry.PDE.RicciFlow.Entropy.ConjGalerkinTime: no supplier in cone,,,,route2-apply? DifferentialGeometry/Geometry/Flow/RicciFlow/Entropy/ConjugateHeat/Galerkin/Span.lean:33 via IsConjGalerkinTime,DifferentialGeometry/Geometry/Flow/RicciFlow/Entropy/ConjugateHeat/Galerkin/Basic.lean:476; DifferentialGeometry/Geometry/Flow/RicciFlow/Entropy/ConjugateHeat/Galerkin/Basic.lean:810,DifferentialGeometry/Geometry/Flow/RicciFlow/Entropy/ConjugateHeat/Galerkin/Basic.lean:831,0,0,
DifferentialGeometry.PDE.RicciFlow.Entropy.GalerkinCoreCompatibility,def,predicate,DifferentialGeometry/Geometry/Flow/RicciFlow/Entropy/ConjugateHeat/Galerkin/Energy.lean:139,no_supplier,1,1,0,0,1,True,True,,DifferentialGeometry.PDE.RicciFlow.Entropy.GalerkinCoreCompatibility: no supplier,,,,route2-apply? DifferentialGeometry/Geometry/Flow/RicciFlow/Entropy/ConjugateHeat/Galerkin/Energy.lean:252 via galerkin_closure,DifferentialGeometry/Geometry/Flow/RicciFlow/Entropy/ConjugateHeat/Galerkin/Energy.lean:153,,0,0,
DifferentialGeometry.PDE.RicciFlow.Entropy.GalerkinCriticalBound,def,predicate,DifferentialGeometry/Geometry/Flow/RicciFlow/Entropy/ConjugateHeat/Galerkin/Energy.lean:105,no_supplier,1,1,0,0,1,True,True,,DifferentialGeometry.PDE.RicciFlow.Entropy.GalerkinCriticalBound: no supplier,,,,route2-apply? DifferentialGeometry/Geometry/Flow/RicciFlow/Entropy/ConjugateHeat/Galerkin/Energy.lean:252 via galerkin_closure,DifferentialGeometry/Geometry/Flow/RicciFlow/Entropy/ConjugateHeat/Galerkin/Energy.lean:153,,0,0,
DifferentialGeometry.PDE.RicciFlow.Extinction.CurveShortening.HasBoundaryIsotopyVelocityExtension,def,predicate,DifferentialGeometry/Geometry/Flow/RicciFlow/Extinction/CurveShortening/BoundaryIsotopyFrontier.lean:39,no_supplier_in_cone,2,1,1,0,1,True,True,,DifferentialGeometry.PDE.RicciFlow.Extinction.CurveShortening.HasBoundaryIsotopyVelocityExtension: no supplier in cone,,,,route2-apply? DifferentialGeometry/Geometry/Flow/RicciFlow/Extinction/CurveShortening/AreaEvolution/Basic.lean:788 via rfs_csf_boundary_isotopy_of_hasBoundaryIsotopyVelocityExtension,DifferentialGeometry/Geometry/Flow/RicciFlow/Extinction/CurveShortening/BoundaryIsotopyFrontier.lean:47; DifferentialGeometry/Geometry/Flow/RicciFlow/Extinction/CurveShortening/BoundaryIsotopyFrontier.lean:64,DifferentialGeometry/Geometry/Flow/RicciFlow/Extinction/CurveShortening/VelocityExtensionProducer.lean:24,0,0,
DifferentialGeometry.PDE.RicciFlow.Extinction.CurveShortening.SmoothImmersion.parameterDerivativeRawLowContraction,def,predicate,DifferentialGeometry/Geometry/Flow/RicciFlow/Extinction/CurveShortening/Sobolev/SpatialRegularity.lean:349,no_supplier,1,1,0,0,1,True,True,,DifferentialGeometry.PDE.RicciFlow.Extinction.CurveShortening.SmoothImmersion.parameterDerivativeRawLowContraction: no supplier,,,,route2-apply? DifferentialGeometry/Geometry/Flow/RicciFlow/Extinction/CurveShortening/Sobolev/SpatialRegularity.lean:389 via parameterDerivative_normalizedLowContraction_of_raw,DifferentialGeometry/Geometry/Flow/RicciFlow/Extinction/CurveShortening/Sobolev/SpatialRegularity.lean:366,,0,0,
DifferentialGeometry.PDE.RicciFlow.Extinction.Families.PreparedFamilyFrontier,structure,bundle,DifferentialGeometry/Geometry/Flow/RicciFlow/Extinction/Families/PreparedFamilyFrontier.lean:111,no_supplier_in_cone,1,1,1,0,1,True,True,,DifferentialGeometry.PDE.RicciFlow.Extinction.Families.PreparedFamilyFrontier: no supplier in cone,,,,route2-apply? DifferentialGeometry/Geometry/Flow/RicciFlow/Extinction/Families/PreparedFamily.lean:21 via rfs_prepared_family_of_preparedFamilyFrontier,DifferentialGeometry/Geometry/Flow/RicciFlow/Extinction/Families/PreparedFamilyFrontier.lean:144,DifferentialGeometry/Geometry/Flow/RicciFlow/Extinction/Families/RampFamilyExtinctionReduction.lean:353,0,0,
DifferentialGeometry.PDE.RicciFlow.Extinction.Families.RampProductBounds,def,predicate,DifferentialGeometry/Geometry/Flow/RicciFlow/Extinction/Families/Flow.lean:378,no_supplier_in_cone,3,1,3,0,3,True,True,,DifferentialGeometry.PDE.RicciFlow.Extinction.Families.RampProductBounds: no supplier in cone,,,,route2-apply? DifferentialGeometry/Geometry/Flow/RicciFlow/Extinction/Families/Deformation.lean:933 via rfs_uniform_ramp_alternative_of_frontier,DifferentialGeometry/Geometry/Flow/RicciFlow/Extinction/Families/Deformation.lean:688; DifferentialGeometry/Geometry/Flow/RicciFlow/Extinction/Families/Flow.lean:448; DifferentialGeometry/Geometry/Flow/RicciFlow/Extinction/Families/RampFrontierData.lean:25,DifferentialGeometry/Geometry/Flow/RicciFlow/Extinction/Families/RampLengthEvolution.lean:63; DifferentialGeometry/Geometry/Flow/RicciFlow/Extinction/Families/UniformRampFrontier.lean:28; DifferentialGeometry/Geometry/Flow/RicciFlow/Extinction/Families/UniformRampFrontier.lean:104,0,0,
DifferentialGeometry.PDE.RicciFlow.Extinction.Families.RampWindowInput,def,predicate,DifferentialGeometry/Geometry/Flow/RicciFlow/Extinction/Families/Deformation.lean:653,no_supplier_in_cone,3,1,1,0,3,True,True,,DifferentialGeometry.PDE.RicciFlow.Extinction.Families.RampWindowInput: no supplier in cone,,,,route2-apply? DifferentialGeometry/Geometry/Flow/RicciFlow/Extinction/Families/Deformation.lean:933 via rfs_uniform_ramp_alternative_of_frontier,DifferentialGeometry/Geometry/Flow/RicciFlow/Extinction/Families/Deformation.lean:688; DifferentialGeometry/Geometry/Flow/RicciFlow/Extinction/Families/RampFamilyExtinctionReduction.lean:64; DifferentialGeometry/Geometry/Flow/RicciFlow/Extinction/Families/RampFrontierData.lean:25,DifferentialGeometry/Geometry/Flow/RicciFlow/Extinction/Families/UniformRampFrontier.lean:104,0,0,
DifferentialGeometry.PDE.RicciFlow.Extinction.Width.IsSignedWeaklyMonotoneTrace,def,predicate,DifferentialGeometry/Geometry/Flow/RicciFlow/Extinction/Width/Plateau.lean:608,no_supplier_in_cone,5,1,14,0,3,True,True,,DifferentialGeometry.PDE.RicciFlow.Extinction.Width.IsSignedWeaklyMonotoneTrace: no supplier in cone,,,,route2-apply? DifferentialGeometry/Geometry/Flow/RicciFlow/Extinction/Width/ConformalDiskFromMorrey.lean:27 via classical_plateau_boundary_regularity,DifferentialGeometry/Geometry/Flow/RicciFlow/Extinction/Width/PlateauBridge.lean:396; DifferentialGeometry/Geometry/Flow/RicciFlow/Extinction/Width/Plateau.lean:1123; DifferentialGeometry/Geometry/Flow/RicciFlow/Extinction/Width/PlateauClassical.lean:261; DifferentialGeometry/Geometry/Flow/RicciFlow/Extinction/Width/PlateauClassical.lean:420,DifferentialGeometry/Geometry/Flow/RicciFlow/Extinction/Width/ConformalDiskFromMorrey.lean:14; DifferentialGeometry/Geometry/Flow/RicciFlow/Extinction/Width/ConformalDiskFromMorrey.lean:42; DifferentialGeometry/Geometry/Flow/RicciFlow/Extinction/Width/ConformalDiskFromMorrey.lean:51,0,0,
DifferentialGeometry.PDE.RicciFlow.Perelman.CanonicalNeighborhood.FiniteHorn.EndRay.EventuallyEqual,def,predicate,DifferentialGeometry/Geometry/Flow/RicciFlow/Perelman/CanonicalNeighborhood/FiniteHornDefs.lean:35,no_supplier_in_cone,4,1,2,0,2,True,True,,DifferentialGeometry.PDE.RicciFlow.Perelman.CanonicalNeighborhood.FiniteHorn.EndRay.EventuallyEqual: no supplier in cone,,DifferentialGeometry.PDE.RicciFlow.Perelman.CanonicalNeighborhood.FiniteHorn.EndRay.EventuallyEqual <- DifferentialGeometry.PDE.RicciFlow.Perelman.CanonicalNeighborhood.FiniteHorn.EndAngles <- DifferentialGeometry.PDE.RicciFlow.Perelman.CanonicalNeighborhood.FiniteHorn.HornOnLimit (no supplied container at any level; 3 walked),,route4-refuted; route2-apply? DifferentialGeometry/Geometry/Flow/RicciFlow/Perelman/CanonicalNeighborhood/FiniteHornEndAngle.lean:149 via endRayAngle_eq_zero_of_eventuallyEqual,DifferentialGeometry/Geometry/Flow/RicciFlow/Perelman/CanonicalNeighborhood/FiniteHornEndAngle.lean:128; DifferentialGeometry/Geometry/Flow/RicciFlow/Perelman/CanonicalNeighborhood/EndRayLocality.lean:38; DifferentialGeometry/Geometry/Flow/RicciFlow/Perelman/CanonicalNeighborhood/EndRayLocality.lean:44; DifferentialGeometry/Geometry/Flow/RicciFlow/Perelman/CanonicalNeighborhood/EndRayLocality.lean:44,DifferentialGeometry/Geometry/Flow/RicciFlow/Perelman/CanonicalNeighborhood/EndRayLocality.lean:27; DifferentialGeometry/Geometry/Flow/RicciFlow/Perelman/CanonicalNeighborhood/EndRayLocality.lean:33,0,0,
DifferentialGeometry.PDE.RicciFlow.Perelman.CanonicalNeighborhood.FiniteHorn.MixedCurvatureJet,structure,bundle,DifferentialGeometry/Geometry/Flow/RicciFlow/Perelman/CanonicalNeighborhood/MixedCurvatureJet.lean:20,no_supplier_in_cone,22,1,2,0,11,True,True,,DifferentialGeometry.PDE.RicciFlow.Perelman.CanonicalNeighborhood.FiniteHorn.MixedCurvatureJet: no supplier in cone,,,,route2-apply? DifferentialGeometry/Geometry/Flow/RicciFlow/Perelman/CanonicalNeighborhood/HighCurvatureFlowBridge.lean:102 via high_curvature_derivatives_of_mixedCurvatureNorm_bound,DifferentialGeometry/Geometry/Flow/RicciFlow/Perelman/CanonicalNeighborhood/MixedCurvatureJet.lean:28; DifferentialGeometry/Geometry/Flow/RicciFlow/Perelman/CanonicalNeighborhood/HighCurvatureDerivativeBounds.lean:85; DifferentialGeometry/Geometry/Flow/RicciFlow/Perelman/CanonicalNeighborhood/HighCurvatureDerivativeBounds.lean:103; DifferentialGeometry/Geometry/Flow/RicciFlow/Perelman/CanonicalNeighborhood/HighCurvatureDerivativeEstimate.lean:67,DifferentialGeometry/Geometry/Flow/RicciFlow/Perelman/CanonicalNeighborhood/HighCurvatureDerivativeBounds.lean:69; DifferentialGeometry/Geometry/Flow/RicciFlow/Perelman/CanonicalNeighborhood/HighCurvatureFlowBridge.lean:149,0,0,
DifferentialGeometry.PDE.RicciFlow.Perelman.CanonicalNeighborhood.FiniteHorn.RayApproximation,structure,bundle,DifferentialGeometry/Geometry/Flow/RicciFlow/Perelman/CanonicalNeighborhood/FiniteHornDefs.lean:217,conditional,1,1,7,2,1,True,True,,"DifferentialGeometry.PDE.RicciFlow.Perelman.CanonicalNeighborhood.FiniteHorn.RayApproximation <= DifferentialGeometry/Geometry/Flow/RicciFlow/Perelman/CanonicalNeighborhood/FiniteHornEndGeometryDepth.lean:15 [concl] needs DifferentialGeometry.PDE.RicciFlow.Perelman.CanonicalNeighborhood.FiniteHorn, DifferentialGeometry.PDE.RicciFlow.Perelman.CanonicalNeighborhood.FiniteHorn.EndRay; DifferentialGeometry.PDE.RicciFlow.Perelman.CanonicalNeighborhood.FiniteHorn: no supplier in cone",,,,suppliers: concl 2; route2-apply? DifferentialGeometry/Geometry/Flow/RicciFlow/Perelman/CanonicalNeighborhood/FiniteHornEndAngleMonotone.lean:213 via endComparisonAngle_mono_of_ray_approximation,DifferentialGeometry/Geometry/Flow/RicciFlow/Perelman/CanonicalNeighborhood/FiniteHornEndAngleMonotone.lean:36,DifferentialGeometry/Geometry/Flow/RicciFlow/Perelman/CanonicalNeighborhood/FiniteHornEndGeometryDepth.lean:15; DifferentialGeometry/Geometry/Flow/RicciFlow/Perelman/CanonicalNeighborhood/FiniteHornEndGeometryDepth.lean:47; DifferentialGeometry/Geometry/Flow/RicciFlow/Perelman/CanonicalNeighborhood/FiniteHornRayApproximation.lean:17,0,0,
DifferentialGeometry.PDE.RicciFlow.Perelman.CanonicalNeighborhood.FiniteHorn.TerminalBackwardSlab,structure,bundle,DifferentialGeometry/Geometry/Flow/RicciFlow/Perelman/CanonicalNeighborhood/TerminalBackwardExtension.lean:78,no_supplier_in_cone,4,1,2,0,1,True,True,,DifferentialGeometry.PDE.RicciFlow.Perelman.CanonicalNeighborhood.FiniteHorn.TerminalBackwardSlab: no supplier in cone,,,,route2-apply? DifferentialGeometry/Geometry/Flow/RicciFlow/Perelman/CanonicalNeighborhood/TerminalBackwardExtension.lean:324 via toBackwardExtension,DifferentialGeometry/Geometry/Flow/RicciFlow/Perelman/CanonicalNeighborhood/TerminalBackwardExtension.lean:92; DifferentialGeometry/Geometry/Flow/RicciFlow/Perelman/CanonicalNeighborhood/TerminalBackwardExtension.lean:106; DifferentialGeometry/Geometry/Flow/RicciFlow/Perelman/CanonicalNeighborhood/TerminalBackwardExtension.lean:240; DifferentialGeometry/Geometry/Flow/RicciFlow/Perelman/CanonicalNeighborhood/TerminalBackwardExtension.lean:309,DifferentialGeometry/Geometry/Flow/RicciFlow/Perelman/CanonicalNeighborhood/TerminalBackwardExtension.lean:201; DifferentialGeometry/Geometry/Flow/RicciFlow/Perelman/CanonicalNeighborhood/TerminalBackwardExtension.lean:232,0,0,
DifferentialGeometry.PDE.RicciFlow.Perelman.CanonicalNeighborhood.IsAncientKappaSolutionTerminal,structure,predicate,DifferentialGeometry/Geometry/Flow/RicciFlow/Perelman/CanonicalNeighborhood/TerminalRegularity.lean:34,no_supplier_in_cone,1,1,1,0,1,True,True,,DifferentialGeometry.PDE.RicciFlow.Perelman.CanonicalNeighborhood.IsAncientKappaSolutionTerminal: no supplier in cone,,,,,DifferentialGeometry/Geometry/Flow/RicciFlow/Perelman/CanonicalNeighborhood/TerminalRegularity.lean:39,DifferentialGeometry/Geometry/Flow/RicciFlow/Perelman/CanonicalNeighborhood/TerminalCurvatureJets.lean:30,0,0,
DifferentialGeometry.PDE.RicciFlow.RicciNormTimeDerivativeComponentsOn,def,predicate,DifferentialGeometry/Geometry/Flow/RicciFlow/Solution/RicciNorm.lean:34,no_supplier_in_cone,1,1,2,0,1,True,True,,DifferentialGeometry.PDE.RicciFlow.RicciNormTimeDerivativeComponentsOn: no supplier in cone [hint: route4 via DifferentialGeometry.PDE.RicciFlow.RicciHeatData],DifferentialGeometry.PDE.RicciFlow.RicciNormTimeDerivativeComponentsOn <- DifferentialGeometry.PDE.RicciFlow.RicciHeatData (supplied),DifferentialGeometry.PDE.RicciFlow.RicciNormTimeDerivativeComponentsOn <- DifferentialGeometry.PDE.RicciFlow.RicciHeatData (supplied),,route4; route2-apply? DifferentialGeometry/Geometry/Flow/RicciFlow/Evolution/Ricci/Equation/Norm.lean:179 via ricciNormHeatEquationOn_of_components,DifferentialGeometry/Geometry/Flow/RicciFlow/Solution/RicciNorm.lean:232,DifferentialGeometry/Geometry/Flow/RicciFlow/Solution/RicciNorm.lean:49; DifferentialGeometry/Geometry/Flow/RicciFlow/Solution/RicciNorm.lean:71,0,0,
DifferentialGeometry.PDE.RicciFlow.RicciWeakMaximumPrincipleAssumptions,structure,bundle,DifferentialGeometry/Geometry/Flow/RicciFlow/Preservation/RicciPinching.lean:717,no_supplier,2,1,0,0,1,True,True,,DifferentialGeometry.PDE.RicciFlow.RicciWeakMaximumPrincipleAssumptions: no supplier,,,,,DifferentialGeometry/Geometry/Flow/RicciFlow/Preservation/RicciPinching.lean:741; DifferentialGeometry/Geometry/Flow/RicciFlow/Preservation/RicciPinching.lean:1095,,0,0,
DifferentialGeometry.PDE.RicciFlow.ShiCutoffData,structure,bundle,DifferentialGeometry/Geometry/Flow/RicciFlow/Estimates/Shi/Cutoff/Defs.lean:23,no_supplier,21,1,0,0,3,True,True,,DifferentialGeometry.PDE.RicciFlow.ShiCutoffData: no supplier [hint: route2? DifferentialGeometry/Geometry/Flow/RicciFlow/Compactness/Shi/Local.lean:500],,,DifferentialGeometry/Geometry/Flow/RicciFlow/Compactness/Shi/Local.lean:500,route2?,DifferentialGeometry/Geometry/Flow/RicciFlow/Estimates/Shi/Cutoff/Defs.lean:103; DifferentialGeometry/Geometry/Flow/RicciFlow/Compactness/Shi/Local.lean:462; DifferentialGeometry/Geometry/Flow/RicciFlow/Estimates/Shi/Cutoff/Defs.lean:90; DifferentialGeometry/Geometry/Flow/RicciFlow/Estimates/Shi/Cutoff/Defs.lean:96,,0,0,
DifferentialGeometry.PDE.RicciFlow.Surgery.FiniteSurgeryHistory.poincareControlled,def,predicate,DifferentialGeometry/Geometry/Flow/RicciFlow/Surgery/Topology/PoincareControl.lean:10,no_supplier_in_cone,2,1,5,0,1,True,False,,DifferentialGeometry.PDE.RicciFlow.Surgery.FiniteSurgeryHistory.poincareControlled: no supplier in cone [hint: route4 via DifferentialGeometry.PDE.RicciFlow.Surgery.PoincareControlledExtinction],DifferentialGeometry.PDE.RicciFlow.Surgery.FiniteSurgeryHistory.poincareControlled <- DifferentialGeometry.PDE.RicciFlow.Surgery.PoincareControlledExtinction (supplied),DifferentialGeometry.PDE.RicciFlow.Surgery.FiniteSurgeryHistory.poincareControlled <- DifferentialGeometry.PDE.RicciFlow.Surgery.PoincareControlledExtinction (supplied),,route4,DifferentialGeometry/Geometry/Flow/RicciFlow/Surgery/Topology/PoincareControl.lean:19; DifferentialGeometry/Geometry/Flow/RicciFlow/Surgery/Topology/PoincareControl.lean:15,DifferentialGeometry/Geometry/Flow/RicciFlow/Surgery/Topology/PoincareControl.lean:12; DifferentialGeometry/Geometry/Flow/RicciFlow/Surgery/Topology/PoincareStandardDiscarded.lean:105; DifferentialGeometry/Geometry/Flow/RicciFlow/Surgery/Topology/PoincareStandardDiscarded.lean:113,0,0,
DifferentialGeometry.PDE.RicciFlow.Surgery.Topology.AdaptedHistoricalNeck,structure,bundle,DifferentialGeometry/Geometry/Flow/RicciFlow/Surgery/Contract/Terminal.lean:202,no_supplier_in_cone,3,1,1,0,2,True,True,,DifferentialGeometry.PDE.RicciFlow.Surgery.Topology.AdaptedHistoricalNeck: no supplier in cone,,,,,DifferentialGeometry/Geometry/Flow/RicciFlow/Surgery/Contract/EndNeckFields.lean:219; DifferentialGeometry/Geometry/Flow/RicciFlow/Surgery/Contract/EndNeckContractReduction.lean:144; DifferentialGeometry/Geometry/Flow/RicciFlow/Surgery/Contract/EndNeckFields.lean:240,DifferentialGeometry/Geometry/Flow/RicciFlow/Surgery/Contract/Terminal.lean:231,0,0,
DifferentialGeometry.PDE.RicciFlow.Surgery.Topology.AncestorRestrictionData,structure,bundle,DifferentialGeometry/Geometry/Flow/RicciFlow/Surgery/Topology/Ancestry.lean:93,no_supplier_in_cone,1,1,1,0,1,False,True,,DifferentialGeometry.PDE.RicciFlow.Surgery.Topology.AncestorRestrictionData: no supplier in cone,,,,,DifferentialGeometry/Geometry/Flow/RicciFlow/Surgery/Topology/Ancestry.lean:106,DifferentialGeometry/Geometry/Flow/RicciFlow/Surgery/Topology/HistoryAncestry.lean:15,0,0,
DifferentialGeometry.PDE.RicciFlow.Surgery.Topology.ObservedHistory.neckBody,def,predicate,DifferentialGeometry/Geometry/Flow/RicciFlow/Surgery/Topology/HistoryStrongNeckPrefix.lean:19,no_supplier,1,1,0,0,1,True,True,,DifferentialGeometry.PDE.RicciFlow.Surgery.Topology.ObservedHistory.neckBody: no supplier,,,,route2-apply? DifferentialGeometry/Geometry/Flow/RicciFlow/Surgery/Topology/HistoryStrongNeckPrefix.lean:93 via neckBody_prefix_transfer,DifferentialGeometry/Geometry/Flow/RicciFlow/Surgery/Topology/HistoryStrongNeckPrefix.lean:56,,0,0,
DifferentialGeometry.PDE.RicciFlow.Surgery.Topology.PresentedStaticCapFrontier,structure,bundle,DifferentialGeometry/Geometry/Flow/RicciFlow/Surgery/Topology/PresentedStaticCapReduction.lean:66,no_supplier_in_cone,2,1,2,0,1,True,True,,DifferentialGeometry.PDE.RicciFlow.Surgery.Topology.PresentedStaticCapFrontier: no supplier in cone,,,,route2-apply? DifferentialGeometry/Geometry/Flow/RicciFlow/Surgery/Topology/PresentedStaticCapReduction.lean:269 via ofFrontier,DifferentialGeometry/Geometry/Flow/RicciFlow/Surgery/Topology/PresentedStaticCapReduction.lean:95; DifferentialGeometry/Geometry/Flow/RicciFlow/Surgery/Topology/PresentedStaticCapReduction.lean:132,DifferentialGeometry/Geometry/Flow/RicciFlow/Surgery/Topology/PresentedStaticCapReduction.lean:114; DifferentialGeometry/Geometry/Flow/RicciFlow/Surgery/Topology/PresentedStaticCapReduction.lean:140,0,0,
DifferentialGeometry.PDE.RicciFlow.Surgery.Topology.RetainedCoreEventData,structure,bundle,DifferentialGeometry/Geometry/Flow/RicciFlow/Surgery/Topology/RetainedCorePresentation.lean:98,no_supplier,7,1,0,0,3,True,True,,DifferentialGeometry.PDE.RicciFlow.Surgery.Topology.RetainedCoreEventData: no supplier,,,,,DifferentialGeometry/Geometry/Flow/RicciFlow/Surgery/Topology/RetainedCorePresentation.lean:123; DifferentialGeometry/Geometry/Flow/RicciFlow/Surgery/Topology/RetainedCorePresentation.lean:138; DifferentialGeometry/Topology/ThreeManifold/CutCapEventSumRealizationAssembly.lean:233; DifferentialGeometry/Topology/ThreeManifold/CutCapEventSumRealizationAssembly.lean:242,,0,0,
DifferentialGeometry.PDE.RicciFlow.Surgery.Topology.SmoothCutCapTransition.ChildCarrierCollaredStarCover,structure,bundle,DifferentialGeometry/Geometry/Flow/RicciFlow/Surgery/Topology/ChildCarrierCollaredStarCover.lean:128,no_supplier_in_cone,3,1,2,0,2,False,True,,DifferentialGeometry.PDE.RicciFlow.Surgery.Topology.SmoothCutCapTransition.ChildCarrierCollaredStarCover: no supplier in cone,,,,,DifferentialGeometry/Geometry/Flow/RicciFlow/Surgery/Topology/ChildCarrierCollaredStarCover.lean:149; DifferentialGeometry/Geometry/Flow/RicciFlow/Surgery/Topology/ChildCarrierCollaredStarCover.lean:173; DifferentialGeometry/Geometry/Flow/RicciFlow/Surgery/Topology/ChildSimplicityFrontierReduction.lean:266,DifferentialGeometry/Geometry/Flow/RicciFlow/Surgery/Topology/ChildCarrierCollaredStarCover.lean:180; DifferentialGeometry/Geometry/Flow/RicciFlow/Surgery/Topology/ChildCarrierCollaredStarCover.lean:247,0,0,
DifferentialGeometry.PDE.RicciFlow.Surgery.Topology.TerminalCorePresentationInput,structure,bundle,DifferentialGeometry/Geometry/Flow/RicciFlow/Surgery/Contract/Terminal.lean:193,no_supplier_in_cone,6,1,4,0,3,True,True,,DifferentialGeometry.PDE.RicciFlow.Surgery.Topology.TerminalCorePresentationInput: no supplier in cone,,DifferentialGeometry.PDE.RicciFlow.Surgery.Topology.TerminalCorePresentationInput <- DifferentialGeometry.PDE.RicciFlow.Surgery.Topology.GlobalStepFrontierInputs (no supplied container at any level; 2 walked),,route4-refuted,DifferentialGeometry/Geometry/Flow/RicciFlow/Surgery/Contract/EndNeckFields.lean:134; DifferentialGeometry/Geometry/Flow/RicciFlow/Surgery/Contract/EndNeckFields.lean:144; DifferentialGeometry/Geometry/Flow/RicciFlow/Surgery/Contract/EndNeckFields.lean:155; DifferentialGeometry/Geometry/Flow/RicciFlow/Surgery/Contract/GlobalStepFrontierInputs.lean:107,DifferentialGeometry/Geometry/Flow/RicciFlow/Surgery/Contract/GlobalStepFrontierInputs.lean:94; DifferentialGeometry/Geometry/Flow/RicciFlow/Surgery/Contract/GlobalStepInputsPinnedReduction.lean:159; DifferentialGeometry/Geometry/Flow/RicciFlow/Surgery/Contract/InitialSphericalFrontier.lean:16,0,0,
DifferentialGeometry.PDE.RicciFlow.Surgery.Topology.VariationalStrip,structure,bundle,DifferentialGeometry/Geometry/Flow/RicciFlow/Surgery/Contract/MetricStep.lean:300,no_supplier_in_cone,15,1,6,0,3,True,True,,DifferentialGeometry.PDE.RicciFlow.Surgery.Topology.VariationalStrip: no supplier in cone,,,,route2-apply? DifferentialGeometry/Geometry/Flow/RicciFlow/Surgery/Contract/GlobalStepInputsPinnedReduction.lean:48 via reducedLength,DifferentialGeometry/Geometry/Flow/RicciFlow/Surgery/Contract/MetricStep.lean:316; DifferentialGeometry/Geometry/Flow/RicciFlow/Surgery/Contract/MetricStripPinning.lean:35; DifferentialGeometry/Geometry/Flow/RicciFlow/Surgery/Contract/MetricStripPinning.lean:39; DifferentialGeometry/Geometry/Flow/RicciFlow/Surgery/Contract/MetricStripPinning.lean:46,DifferentialGeometry/Geometry/Flow/RicciFlow/Surgery/Contract/GlobalStepInputsPinnedReduction.lean:21; DifferentialGeometry/Geometry/Flow/RicciFlow/Surgery/Contract/GlobalStepInputsPinnedReduction.lean:149; DifferentialGeometry/Geometry/Flow/RicciFlow/Surgery/Contract/MetricStepSatisfiability.lean:77,0,0,
DifferentialGeometry.PDE.RicciFlow.TensorParabolicInequalityWithDriftOn,def,predicate,DifferentialGeometry/Analysis/Parabolic/MaximumPrinciple/Tensor/Barrier/Basic.lean:317,no_supplier,3,1,0,0,2,True,True,,DifferentialGeometry.PDE.RicciFlow.TensorParabolicInequalityWithDriftOn: no supplier [hint: route4 via DifferentialGeometry.PDE.RicciFlow.TensorParabolicSupersolutionWithDriftOn],DifferentialGeometry.PDE.RicciFlow.TensorParabolicInequalityWithDriftOn <- DifferentialGeometry.PDE.RicciFlow.TensorParabolicSupersolutionWithDriftOn (supplied),DifferentialGeometry.PDE.RicciFlow.TensorParabolicInequalityWithDriftOn <- DifferentialGeometry.PDE.RicciFlow.TensorParabolicSupersolutionWithDriftOn (supplied),,route4; route2-apply? DifferentialGeometry/Analysis/Parabolic/MaximumPrinciple/Tensor/Barrier/Certification.lean:281 via strictBarrier_of_derivative_estimate,DifferentialGeometry/Analysis/Parabolic/MaximumPrinciple/Tensor/Barrier/Basic.lean:612; DifferentialGeometry/Analysis/Parabolic/MaximumPrinciple/Tensor/Barrier/Basic.lean:696; DifferentialGeometry/Analysis/Parabolic/MaximumPrinciple/Tensor/FirstNull/Signs.lean:42,,0,0,
DifferentialGeometry.Tensor0SBundle.TotalNablaRSRealizes,def,predicate,DifferentialGeometry/Geometry/Connection/TensorNabla/Iterated/Basic.lean:352,no_supplier_in_cone,1,1,1,0,1,True,True,,DifferentialGeometry.Tensor0SBundle.TotalNablaRSRealizes: no supplier in cone,,,,,DifferentialGeometry/Geometry/Connection/TensorNabla/Iterated/Basic.lean:480,DifferentialGeometry/Geometry/Connection/TensorNabla/Iterated/Basic.lean:556,0,0,
DifferentialGeometry.Topology.BrouwerFixedPoint,class,class,DifferentialGeometry/External/ClassificationOfSurfaces/Topology/InvarianceOfDomain.lean:59,no_supplier_in_cone,1,1,1,0,1,True,True,,DifferentialGeometry.Topology.BrouwerFixedPoint: no supplier in cone,,,,,DifferentialGeometry/External/ClassificationOfSurfaces/Topology/InvarianceOfDomain.lean:166,DifferentialGeometry/Topology/FixedPoint/Brouwer.lean:30,0,0,
DifferentialGeometry.Topology.MarkedBall,structure,bundle,DifferentialGeometry/Topology/ThreeManifold/PartialGraphRealization.lean:20,no_supplier_in_cone,36,1,9,0,7,True,True,,DifferentialGeometry.Topology.MarkedBall: no supplier in cone,,DifferentialGeometry.Topology.MarkedBall <- DifferentialGeometry.Topology.PartialRealization <- DifferentialGeometry.Topology.BlockStepLaw (no supplied container at any level; 8 walked),,route4-refuted; route2-apply? DifferentialGeometry/Topology/ThreeManifold/MarkedBallTubeProducer.lean:104 via collar_ne_univ_of_disjoint,DifferentialGeometry/Topology/ThreeManifold/PartialGraphRealization.lean:33; DifferentialGeometry/Topology/ThreeManifold/DisjointUnionInitialRealization.lean:242; DifferentialGeometry/Topology/ThreeManifold/DisjointUnionInitialRealization.lean:249; DifferentialGeometry/Topology/ThreeManifold/DisjointUnionInitialRealization.lean:254,DifferentialGeometry/Geometry/Flow/RicciFlow/Surgery/Topology/SphericalCollarFilling.lean:487; DifferentialGeometry/Topology/ThreeManifold/CutCapMarkedGraphBridge.lean:119; DifferentialGeometry/Topology/ThreeManifold/DisjointUnionInitialRealization.lean:79,0,0,
DifferentialGeometry.Topology.Morse.GradientLikeFlow,structure,bundle,DifferentialGeometry/Topology/Morse/RegularLevel/Flow.lean:30,no_supplier_in_cone,3,1,1,0,1,True,True,,DifferentialGeometry.Topology.Morse.GradientLikeFlow: no supplier in cone,,,,,DifferentialGeometry/Topology/Morse/RegularLevel/Flow.lean:82; DifferentialGeometry/Topology/Morse/RegularLevel/Flow.lean:253; DifferentialGeometry/Topology/Morse/RegularLevel/Flow.lean:473,DifferentialGeometry/Topology/Morse/RegularLevel/Flow.lean:478,0,0,
DifferentialGeometry.Topology.Morse.UnitSpeedFlow,structure,bundle,DifferentialGeometry/Topology/Morse/RegularLevel/Flow.lean:21,no_supplier_in_cone,8,1,1,0,1,True,True,,DifferentialGeometry.Topology.Morse.UnitSpeedFlow: no supplier in cone,,DifferentialGeometry.Topology.Morse.UnitSpeedFlow <- DifferentialGeometry.Topology.Morse.GradientLikeFlow (no supplied container at any level; 1 walked),,route4-refuted; route2-apply? DifferentialGeometry/Topology/Morse/RegularLevel/Flow.lean:286 via image_sublevels,DifferentialGeometry/Topology/Morse/RegularLevel/Flow.lean:30; DifferentialGeometry/Topology/Morse/RegularLevel/Flow.lean:109; DifferentialGeometry/Topology/Morse/RegularLevel/Flow.lean:152; DifferentialGeometry/Topology/Morse/RegularLevel/Flow.lean:159,DifferentialGeometry/Topology/Morse/RegularLevel/Flow.lean:35,0,0,
DifferentialGeometry.Topology.PartialRealization,structure,bundle,DifferentialGeometry/Topology/ThreeManifold/PartialGraphRealization.lean:227,no_supplier_in_cone,42,1,20,0,8,True,True,,DifferentialGeometry.Topology.PartialRealization: no supplier in cone,,DifferentialGeometry.Topology.PartialRealization <- DifferentialGeometry.Topology.BlockStepLaw (no supplied container at any level; 5 walked),,route4-refuted; route2-apply? DifferentialGeometry/Topology/ThreeManifold/CutCapCoreTubeGluing.lean:503 via blockStepLaw_of_collaredQuotientStep_of_initial,DifferentialGeometry/Topology/ThreeManifold/PartialGraphRealization.lean:240; DifferentialGeometry/Topology/ThreeManifold/CutCapCollaredQuotientGluing.lean:171; DifferentialGeometry/Topology/ThreeManifold/CutCapCollaredQuotientGluing.lean:192; DifferentialGeometry/Topology/ThreeManifold/DisjointUnionInitialRealization.lean:216,DifferentialGeometry/Topology/ThreeManifold/CutCapComponentCarrierIdentification.lean:98; DifferentialGeometry/Topology/ThreeManifold/CutCapMarkedGraphBridge.lean:210; DifferentialGeometry/Topology/ThreeManifold/CutCapMarkedGraphBridge.lean:280,0,0,
DifferentialGeometry.Topology.PiecewiseLinear.CrossSeamTubeCore,structure,predicate,DifferentialGeometry/Topology/PiecewiseLinear/LoopTheorem/CrossSeamTube.lean:97,no_supplier_in_cone,1,1,5,0,1,True,True,,DifferentialGeometry.Topology.PiecewiseLinear.CrossSeamTubeCore: no supplier in cone [hint: route4 via DifferentialGeometry.Topology.PiecewiseLinear.CrossSeamTubeData],DifferentialGeometry.Topology.PiecewiseLinear.CrossSeamTubeCore <- DifferentialGeometry.Topology.PiecewiseLinear.CrossSeamTubeData (supplied),DifferentialGeometry.Topology.PiecewiseLinear.CrossSeamTubeCore <- DifferentialGeometry.Topology.PiecewiseLinear.CrossSeamTubeData (supplied),,route4,DifferentialGeometry/Topology/PiecewiseLinear/LoopTheorem/CrossRegluedSourceTubeRestriction.lean:15,DifferentialGeometry/Topology/PiecewiseLinear/LoopTheorem/CrossRegluedSourceProduct.lean:869; DifferentialGeometry/Topology/PiecewiseLinear/LoopTheorem/CrossRegluedSourceTwistedPiece.lean:142; DifferentialGeometry/Topology/PiecewiseLinear/LoopTheorem/CrossRegluedSourceTwistedTube.lean:150,0,0,
DifferentialGeometry.Topology.PiecewiseLinear.NormalSystem.NonsingularCell,structure,bundle,DifferentialGeometry/Topology/PiecewiseLinear/LoopTheorem/LemmaThree.lean:133,no_supplier_in_cone,15,1,1,0,6,True,True,,DifferentialGeometry.Topology.PiecewiseLinear.NormalSystem.NonsingularCell: no supplier in cone [hint: route2? DifferentialGeometry/Topology/PiecewiseLinear/LoopTheorem/LemmaThree.lean:201],,,DifferentialGeometry/Topology/PiecewiseLinear/LoopTheorem/LemmaThree.lean:201,route2?,DifferentialGeometry/Topology/PiecewiseLinear/LoopTheorem/NormalBasepoint.lean:103; DifferentialGeometry/Topology/PiecewiseLinear/LoopTheorem/DoubleCoverProjection.lean:85; DifferentialGeometry/Topology/PiecewiseLinear/LoopTheorem/DoubleCoverProjection.lean:137; DifferentialGeometry/Topology/PiecewiseLinear/LoopTheorem/EmbeddedDisk.lean:64,DifferentialGeometry/Topology/PiecewiseLinear/MoiseChain.lean:28,0,0,
DifferentialGeometry.Topology.PiecewiseLinear.OpenCellProfile,structure,bundle,DifferentialGeometry/Topology/PiecewiseLinear/EulerCellOperations.lean:12,no_supplier_in_cone,7,1,2,0,1,True,True,,DifferentialGeometry.Topology.PiecewiseLinear.OpenCellProfile: no supplier in cone,,,,route2-apply? DifferentialGeometry/Topology/PiecewiseLinear/SurfaceInvariants.lean:18 via eulerChar,DifferentialGeometry/Topology/PiecewiseLinear/EulerCellOperations.lean:19; DifferentialGeometry/Topology/PiecewiseLinear/EulerCellOperations.lean:27; DifferentialGeometry/Topology/PiecewiseLinear/EulerCellOperations.lean:33; DifferentialGeometry/Topology/PiecewiseLinear/EulerCellOperations.lean:37,DifferentialGeometry/Topology/PiecewiseLinear/EulerCellOperations.lean:59; DifferentialGeometry/Topology/PiecewiseLinear/SurfaceInvariants.lean:13,0,0,
Graph.IsLeaf,def,predicate,DifferentialGeometry/External/Schoenflies/Graph/Degree.lean:329,no_supplier_in_cone,11,1,4,0,2,True,True,,Graph.IsLeaf: no supplier in cone [hint: route2? DifferentialGeometry/External/Schoenflies/Graph/Tree.lean:350],,,DifferentialGeometry/External/Schoenflies/Graph/Tree.lean:350,route2?,DifferentialGeometry/External/Schoenflies/Graph/Degree.lean:338; DifferentialGeometry/External/Schoenflies/Graph/Degree.lean:331; DifferentialGeometry/External/Schoenflies/Graph/Degree.lean:333; DifferentialGeometry/External/Schoenflies/Graph/Degree.lean:345,DifferentialGeometry/External/Schoenflies/Graph/Degree.lean:383; DifferentialGeometry/External/Schoenflies/Graph/Tree.lean:173; DifferentialGeometry/External/Schoenflies/Graph/Tree.lean:184,0,0,
LeanEval.Topology.ClassificationOfSurfaces.GeometricTriangulation,structure,bundle,DifferentialGeometry/External/ClassificationOfSurfaces/Moise/GeometricTriangulation.lean:539,no_supplier_in_cone,1,1,2,0,1,True,True,,LeanEval.Topology.ClassificationOfSurfaces.GeometricTriangulation: no supplier in cone,,,,,DifferentialGeometry/External/ClassificationOfSurfaces/Moise/GeometricTriangulation.lean:577,DifferentialGeometry/External/ClassificationOfSurfaces/Moise/PlaneComplex.lean:1345; DifferentialGeometry/External/ClassificationOfSurfaces/Moise/PolygonalSchoenflies.lean:2916,0,0,
LeanEval.Topology.ClassificationOfSurfaces.Moise.FinitePLHomeomorphBetween.PullbackSubdivision,structure,bundle,DifferentialGeometry/External/ClassificationOfSurfaces/Moise/FinitePLHomeomorph.lean:190,no_supplier_in_cone,1,1,1,0,1,True,True,,LeanEval.Topology.ClassificationOfSurfaces.Moise.FinitePLHomeomorphBetween.PullbackSubdivision: no supplier in cone,,,,,DifferentialGeometry/External/ClassificationOfSurfaces/Moise/FinitePLHomeomorph.lean:237,DifferentialGeometry/External/ClassificationOfSurfaces/Moise/FinitePLHomeomorph.lean:206,0,0,
LeanEval.Topology.ClassificationOfSurfaces.Moise.TriangleMesh.NegativeEdgeOrdering,structure,bundle,DifferentialGeometry/External/ClassificationOfSurfaces/Moise/LineSubdivision.lean:1749,no_supplier,1,1,0,0,1,True,True,,LeanEval.Topology.ClassificationOfSurfaces.Moise.TriangleMesh.NegativeEdgeOrdering: no supplier,,,,route2-apply? DifferentialGeometry/External/ClassificationOfSurfaces/Moise/LineSubdivision.lean:2573 via pairwise_nonnegative_of_no_orderings,DifferentialGeometry/External/ClassificationOfSurfaces/Moise/LineSubdivision.lean:2252,,0,0,
LeanEval.Topology.ClassificationOfSurfaces.Moise.TriangleMesh.NegativeStrictOrdering,structure,bundle,DifferentialGeometry/External/ClassificationOfSurfaces/Moise/LineSubdivision.lean:1733,no_supplier,1,1,0,0,1,True,True,,LeanEval.Topology.ClassificationOfSurfaces.Moise.TriangleMesh.NegativeStrictOrdering: no supplier,,,,route2-apply? DifferentialGeometry/External/ClassificationOfSurfaces/Moise/LineSubdivision.lean:2573 via pairwise_nonnegative_of_no_orderings,DifferentialGeometry/External/ClassificationOfSurfaces/Moise/LineSubdivision.lean:2252,,0,0,
LeanEval.Topology.ClassificationOfSurfaces.Moise.TriangleMesh.PositiveEdgeOrdering,structure,bundle,DifferentialGeometry/External/ClassificationOfSurfaces/Moise/LineSubdivision.lean:1741,no_supplier,1,1,0,0,1,True,True,,LeanEval.Topology.ClassificationOfSurfaces.Moise.TriangleMesh.PositiveEdgeOrdering: no supplier,,,,route2-apply? DifferentialGeometry/External/ClassificationOfSurfaces/Moise/LineSubdivision.lean:2573 via pairwise_nonnegative_of_no_orderings,DifferentialGeometry/External/ClassificationOfSurfaces/Moise/LineSubdivision.lean:2252,,0,0,
LeanEval.Topology.ClassificationOfSurfaces.Moise.TriangleMesh.PositiveStrictOrdering,structure,bundle,DifferentialGeometry/External/ClassificationOfSurfaces/Moise/LineSubdivision.lean:1725,no_supplier,1,1,0,0,1,True,True,,LeanEval.Topology.ClassificationOfSurfaces.Moise.TriangleMesh.PositiveStrictOrdering: no supplier,,,,route2-apply? DifferentialGeometry/External/ClassificationOfSurfaces/Moise/LineSubdivision.lean:2573 via pairwise_nonnegative_of_no_orderings,DifferentialGeometry/External/ClassificationOfSurfaces/Moise/LineSubdivision.lean:2252,,0,0,
Schoenflies.NonouterIncidenceUniqueAtBoundary,def,predicate,DifferentialGeometry/External/Schoenflies/FiniteTransferTarget.lean:397,no_supplier_in_cone,6,1,1,0,1,True,True,,Schoenflies.NonouterIncidenceUniqueAtBoundary: no supplier in cone,,,,route2-apply? DifferentialGeometry/External/Schoenflies/FiniteTransferTargetMesh.lean:321 via targetEarEndpointsOuterOnly_of_nonouterIncidenceUnique,DifferentialGeometry/External/Schoenflies/FiniteTransferTarget.lean:485; DifferentialGeometry/External/Schoenflies/FiniteTransferTarget.lean:417; DifferentialGeometry/External/Schoenflies/FiniteTransferTarget.lean:1180; DifferentialGeometry/External/Schoenflies/FiniteTransferTarget.lean:1527,DifferentialGeometry/External/Schoenflies/FiniteTransferTargetMesh.lean:94,0,0,
