file,line,decl,denominator,statement
NavierStokes/ActivationCone.lean,296,NavierStokes.ActivationCone.reducedStress_edge_projection,A,(reducedStress F A B κ 0 dA dB dR).1 + (B / A) * (reducedStress F A B κ 0 dA dB dR).2 = F * (A + B ^ 2 / A)
NavierStokes/ActivationContinuation.lean,44,NavierStokes.ActivationContinuation.projection_identity,A,p + q * (θ * (B / A) * R) - (A + θ * B ^ 2 / A) = (p - A) + (q - B) * θ * (B / A) * R + θ * B * (B / A) * (R - 1)
NavierStokes/ActualGaussianCoverage.lean,598,NavierStokes.ActualGaussianCoverage.normalizedLinear_apply,L,normalizedLinear (P := P) g L x = (g.coordinateLinear x.2).2 / L
NavierStokes/ActualGaussianCoverage.lean,603,NavierStokes.ActualGaussianCoverage.normalized_coordinate_affine,L,(g.coordinates k x.2).2 / L = (g.coordinates k 0).2 / L + normalizedLinear (P := P) g L x
NavierStokes/AnalyticCoefficientBounds.lean,303,NavierStokes.AnalyticCoefficientBounds.normalizedExp_re_of_real,C,(normalizedExp F Λ C (x : ℂ)).re = Real.exp (Λ * (F (x : ℂ)).re) / C
NavierStokes/AnalyticPrimitive.lean,199,NavierStokes.AnalyticPrimitive.amplitude_zero,C,amplitude g Λ C 0 = 1 / C
NavierStokes/AnalyticPrimitive.lean,234,NavierStokes.AnalyticPrimitive.amplitude_ofReal,C,"amplitude g Λ C x = ((Real.exp (Λ * (x * ∫ t in (0 : ℝ)..1, f (t * x))) / C : ℝ) : ℂ)"
NavierStokes/AxisSourceRegularity.lean,577,NavierStokes.AxisSourceRegularity.lowerPressureSource_eq_quotient,C,lowerPressureSource h C φ U v (k + 1) w = C⁻¹ ^ 2 * lowerConvolution φ φ (k + 1) w - (omega h U (fun j => axisFactor (v j)) k w / w.1) / 2
NavierStokes/AxisWeightEstimates.lean,186,NavierStokes.AxisWeightEstimates.coreWeight_factorial,ε,coreWeight ε n m = (1 / 20 : ℝ) ^ n * (ε⁻¹) ^ m * ((n + m).factorial : ℝ) / (n.factorial : ℝ)
NavierStokes/BaseChartJets.lean,640,NavierStokes.BaseChartJets.leadingFrequency_eq,C,leadingFrequency h C d p = (normalizedCoordinates h p).1 ^ (-CoordinateAlgebra.A h - 1 / 2) / C * d.phi 0 (normalizedCoordinates h p).2
NavierStokes/CartesianCopySource.lean,113,NavierStokes.CartesianCopySource.rotationMap_apply,cartesianRadius,"rotationMap y v = ![(y.1 / cartesianRadius y : ℝ) • v 0 - (y.2 / cartesianRadius y : ℝ) • v 1, (y.2 / cartesianRadius y : ℝ) • v 0 + (y.1 / cartesianRadius y : "
NavierStokes/CoordinateAlgebra.lean,165,NavierStokes.CoordinateAlgebra.xTime_from_qTime,q,xTime q h η X = -(X / q) * qTime h η
NavierStokes/ExtendedHeatDebts.lean,123,NavierStokes.ExtendedHeatDebts.correctionJet_succ,X,correctionJet h K (n + 1) ν X = switch K X * (2 / X) ^ (n + 1) * iteratedDeriv (n + 1) (HeatProfileExtension.extension (1 + h)) (2 * ν / X)
NavierStokes/ExtendedHeatDebts.lean,1030,NavierStokes.ExtendedHeatDebts.pressure_integrand_eq,X,squareChange (outgoingProfile d K η) d.h (diffusion η) K X / X = weightedJet (tailWeight d K true) true d.h K (-1) 0 (diffusion η) X
NavierStokes/FirstOrderBaseEdge.lean,60,NavierStokes.FirstOrderBaseEdge.first_angular_balance,R,"SlowStressSupport.stress 2 (SlowResidualMatching.thetaDensity h C (asSlowProfiles s) 1) (R, eta) = SlowStressSupport.moment R 2 (SlowStressSupport.axialOp2 h (S"
NavierStokes/FirstOrderBaseEdge.lean,754,NavierStokes.FirstOrderBaseEdge.first_axial_balance,R,"SlowStressSupport.stress 1 (SlowResidualMatching.zDensity h (asSlowProfiles s) 1) (R, eta) = SlowStressSupport.moment R 1 (SlowStressSupport.axialOp2 h (SlowStr"
NavierStokes/FiveRowRank.lean,385,NavierStokes.FiveRowRank.angularDebt_rescale,C,angularDebt C d = C⁻¹ • angularDebt 1 d
NavierStokes/FiveRowRank.lean,391,NavierStokes.FiveRowRank.axialDebt_rescale,C,axialDebt C d = C⁻¹ • axialDebt 1 d
NavierStokes/FiveRowRank.lean,397,NavierStokes.FiveRowRank.deltaV_rescale,C,deltaV lam C a b d = C⁻¹ • deltaV lam 1 a b d
NavierStokes/FiveRowRank.lean,403,NavierStokes.FiveRowRank.gamma_rescale,C,gamma lam C a b d = C⁻¹ • gamma lam 1 a b d
NavierStokes/GaussianTailFlat.lean,93,NavierStokes.GaussianTailFlat.slotCutoff_deriv,L,deriv (slotCutoff L) v = L⁻¹ * deriv profile (v / L)
NavierStokes/HarmonicWaveInteraction.lean,181,NavierStokes.HarmonicWaveInteraction.along_fullPhase_angular,b,along HarmonicResidual.angularDirection (fullPhase b n) p = (b.angularFrequency n : ℝ) / b.frequency n
NavierStokes/HeatProfileExtension.lean,206,NavierStokes.HeatProfileExtension.iteratedDeriv_scaledProfile,X,iteratedDeriv n (scaledProfile a X) ν = (2 / X) ^ n * iteratedDeriv n (extension a) (2 * ν / X)
NavierStokes/HeatTailEdit.lean,58,NavierStokes.HeatTailEdit.edit_after,X,edit E h ν K X = E X * RadialHeatProfile.profile (1 + h) (2 * ν / X)
NavierStokes/LeadingStressWeights.lean,559,NavierStokes.LeadingStressWeights.shearSize_eq,a,ActivationContinuation.shearSize a b = a + b ^ 2 / a
NavierStokes/LinearWaveResidual.lean,460,NavierStokes.LinearWaveResidual.map_div_ofReal,r,L (z / (r : ℂ)) = L z / r
NavierStokes/LocalSignedRequest.lean,855,NavierStokes.LocalSignedRequest.physicalBarSigma_eq_negative_primitive,r,"SignedStressPrimitive.physicalBarSigma P e (SimilarityCoordinates.coordinateQ coord) f (r, s) = -(∫ t in (0 : ℝ)..r, t ^ e * SignedStressPrimitive.physicalAdjus"
NavierStokes/LoopMoments.lean,272,NavierStokes.LoopMoments.oneSidedPair_upper_projection,d,p * ((oneSidedPair m p d V).rightValue - m) = V * p ^ 2 / d
NavierStokes/LoopVariance.lean,618,NavierStokes.LoopVariance.solveScale_mul,d,solveScale d p r * p = inverseRoot (p * (r / d))
NavierStokes/MatchingConeBounds.lean,645,NavierStokes.MatchingConeBounds.profiles_shape_radialF,X,"radialPartial (c.profiles hsep).f (X, eta) = (c.profiles hsep).f (X, eta) * (ShapeTransition.logarithmicSlope c.shapeTime c.initialShape (Real.log (X / NominalP"
NavierStokes/ModulatedCone.lean,91,NavierStokes.ModulatedCone.signed_shear_factor,n,-((-C + D / n) / Real.exp (A / n)) - C = (1 / n) * (-C * A * StressActivation.meanExp (-(1 / n) * A) - D * Real.exp (-(1 / n) * A))
NavierStokes/ModulatedHistories.lean,143,NavierStokes.ModulatedHistories.densityFamily_frequency,N,"densityFamily r f E U (1 / N, X, eta, N * Real.log X) = density (rawF r f N) (rawU r E U N) (X, eta)"
NavierStokes/NaturalProfile.lean,265,NavierStokes.NaturalProfile.transportW_reconstruct,Λ,transportW h (affineProfile (NaturalAxisData.U j) (1 / Λ) Λ B) p = reconstructedW (actualData h j σ P0) (1 / Λ) B (rescalePoint Λ p)
NavierStokes/NaturalProfile.lean,276,NavierStokes.NaturalProfile.transportH_reconstruct,Λ,transportH h (affineProfile (NaturalAxisData.U j) (1 / Λ) Λ u) p = reconstructedH (actualData h j σ P0) (1 / Λ) u (rescalePoint Λ p)
NavierStokes/NominalConeAssembly.lean,517,NavierStokes.NominalConeAssembly.scaled_difference_quotient,x,a * (R * u - eta * (R * v)) / (R * x) = a * (u - eta * v) / x
NavierStokes/NominalConeAssembly.lean,522,NavierStokes.NominalConeAssembly.scaled_affine_quotient,x,(a * (R * u) - b * (R * v)) / (R * x) = (a * u - b * v) / x
NavierStokes/NominalConeAssembly.lean,762,NavierStokes.NominalConeAssembly.stock_ratio_identity,L,x * n / (L * e) = (x * q / L) * (n / (e * q))
NavierStokes/NominalProfile.lean,1679,NavierStokes.NominalProfile.halfKernel_eq,x,"halfKernel E eta x = (E (x, eta) ^ 2 / x) / 2"
NavierStokes/OutgoingDilation.lean,94,NavierStokes.OutgoingDilation.energyDensity_scaling,XR,energyDensity F XR eta X = F.energyDensity eta (X / XR)
NavierStokes/PartitionedCovariance.lean,161,NavierStokes.PartitionedCovariance.cosine_actual_phase,ε,"Real.cos (k * PhaseCalculus.phase ε p pz x0 F G (s, θ, v Y)) = Real.cos ((mode : ℝ) * θ + k * ((pz / ε) * s.2.1 + x0 * s.1 - v Y * (p * F s + pz * G s)))"
NavierStokes/PeriodicPhaseAssembly.lean,507,NavierStokes.PeriodicPhaseAssembly.transportPhase_eq_refined,K,transportPhase (phase g χ A B) φ gap K Kr = phase (CopySolveCompatibility.refineGeometry g gap) χ (fun p => (Kr / K) * A (φ p)) (fun p => (Kr / K) * B (φ p))
NavierStokes/PeriodicPhaseAssembly.lean,519,NavierStokes.PeriodicPhaseAssembly.transportPhase_eq_scaled_clock,K,transportPhase (phase g χ A B) φ gap K Kr = phase (CopySolveCompatibility.transportGeometry g gap 0 rate hrate) (χ ∘ CopySolveCompatibility.nativeTimeMap 0 rate
NavierStokes/PeriodicPhaseAssembly.lean,534,NavierStokes.PeriodicPhaseAssembly.transportPhase_native_germ,K,transportPhase (phase g w.cutoff A B) φ gap K Kr =ᶠ[𝓝 z] nativePhase (CopySolveCompatibility.transportGeometry g gap shift rate hrate) (fun p => (Kr / K) * (A (
NavierStokes/PeriodicPhaseAssembly.lean,566,NavierStokes.PeriodicPhaseAssembly.transportPhase_native_jets,K,iteratedFDeriv ℝ m (transportPhase (phase g w.cutoff A B) φ gap K Kr) z = iteratedFDeriv ℝ m (nativePhase (CopySolveCompatibility.transportGeometry g gap shift 
NavierStokes/PeriodicPhaseAssembly.lean,733,NavierStokes.PeriodicPhaseAssembly.transportPhase_path,K,"transportPhase (phase g w.cutoff A B) φ gap K Kr (p, (CopySolveCompatibility.transportGeometry g gap shift rate hrate).path copy Y t) = (Kr / K) * (A (φ p) - (s"
NavierStokes/PeriodicPhaseAssembly.lean,805,NavierStokes.PeriodicPhaseAssembly.actualCarrier_phase_germ,b,(ParticularWaveAssembly.actualCarrier base b j).phase n =ᶠ[𝓝 x] angularLift Φ ((b.angularFrequency n : ℝ) / b.frequency n)
NavierStokes/PeriodizedWaveBounds.lean,1628,NavierStokes.PeriodizedWaveBounds.particularData_phase,b,"(particularData r charts c u b G A j base).background.phase n z = b.phase n (z.1.1, z.2) + (b.angularFrequency n : ℝ) / b.frequency n * z.1.2"
NavierStokes/PhaseCalculus.lean,49,NavierStokes.PhaseCalculus.fderiv_phase_apply,ε,fderiv ℝ (phase ε p pz x0 F G) q w = p * w.2.1 + (pz / ε) * w.1.2.1 + x0 * w.1.1 - (w.2.2 * (p * F q.1 + pz * G q.1) + q.2.2 * (p * fderiv ℝ F q.1 w.1 + pz * fd
NavierStokes/PhaseCalculus.lean,83,NavierStokes.PhaseCalculus.phase_dZ,ε,fderiv ℝ (phase ε p pz x0 F G) q eZ = pz / ε - q.2.2 * (p * slowZ F q.1 + pz * slowZ G q.1)
NavierStokes/PhaseEstimates.lean,72,NavierStokes.PhaseEstimates.representative_slope,L,"⟪representativeFrequency B sigma u L K g, g⟫_ℝ = -sigma * B * u / L"
NavierStokes/PhaseEstimates.lean,114,NavierStokes.PhaseEstimates.radial_reference_identity,L,sigma * B * u / 2 - v * (-sigma * B * u / L) = B * signedSlot sigma u L v
NavierStokes/PhaseEstimates.lean,277,NavierStokes.PhaseEstimates.representative_slope_coordinates,L,target * FR0 + pz * GR0 = -sigma * B * u / L
NavierStokes/PhysicalGraphBounds.lean,1074,NavierStokes.PhysicalGraphBounds.slotMap_formula,ci,"slotMap κ ci center r0 y = (((κ (liftXY y)).1, (y.1.2.2.2, y.1.1)), ((κ (liftXY y)).2, (etaCoordinate (y.2 - center) + r0) / ci))"
NavierStokes/PositiveOrderMoments.lean,58,NavierStokes.PositiveOrderMoments.cauchy_phiHistory,R,cauchy n (phiHistory C e) (phiHistory C e) R = (C / R) ^ 2 * cauchy n e e R
NavierStokes/PrimaryFieldAssembly.lean,350,NavierStokes.PrimaryFieldAssembly.actual_phase_identification,ε,"k * PhaseCalculus.phase ε p pz x0 F G (s, θ, v Y) = (m : ℝ) * θ + k * ((pz / ε) * s.2.1 + x0 * s.1 - v Y * (p * F s + pz * G s))"
NavierStokes/ProfileSpectralCone.lean,92,NavierStokes.ProfileSpectralCone.cancel_signed_scale,d,q * (k * j) / (-k * d) = -(q * j / d)
NavierStokes/ProfileSpectralCone.lean,276,NavierStokes.ProfileSpectralCone.leadingFrequency_germ,C,BaseChartJets.leadingFrequency h C d =ᶠ[𝓝 p] (fun q => (BaseChartJets.normalizedCoordinates h q).1 ^ (-CoordinateAlgebra.A h - 1 / 2) / C * d.phi 0 (BaseChartJe
NavierStokes/ProfileSpectralCone.lean,305,NavierStokes.ProfileSpectralCone.leadingFrequency_slowR,C,PhaseCalculus.slowR (BaseChartJets.leadingFrequency h C d) p = (BaseChartJets.normalizedCoordinates h p).1 ^ (-CoordinateAlgebra.A h - 1 / 2) / C * (p.1 / (Base
NavierStokes/PulseCovariance.lean,48,NavierStokes.PulseCovariance.gaussian_eq_length,r,gaussian b m r v = Real.exp (-b * (v - m) ^ 2 / r ^ 2)
NavierStokes/PulseCovariance.lean,74,NavierStokes.PulseCovariance.integral_gaussian_scaled,b,"(∫ v : ℝ, gaussian b m r v) = r * Real.sqrt (Real.pi / b)"
NavierStokes/PulseCovariance.lean,532,NavierStokes.PulseCovariance.affineSlope_distance,r,|affineSlope s₀ slope r v - s₀| = |slope| * |v - r ^ 2 / 2| / r ^ 2
NavierStokes/RadialPullback.lean,96,NavierStokes.RadialPullback.inverseChart_eq,d,inverseChart d a U = U ^ d⁻¹
NavierStokes/RenormalizedHeatMoment.lean,732,NavierStokes.RenormalizedHeatMoment.heated_exterior,X,"HeatedOutgoing.E P XR c (X, eta) = outgoingPowerAmplitude P XR * X ^ (-A P.data.h) * RadialHeatProfile.profile (1 + P.data.h) (2 * (1 - eta ^ 2) / X)"
NavierStokes/SignedRequestContinuation.lean,489,NavierStokes.SignedRequestContinuation.physicalBarSigma_integral,r,"SignedStressPrimitive.physicalBarSigma P e q f (r, s) = -(∫ t in (0 : ℝ)..r, t ^ e * SignedStressPrimitive.physicalAdjusted P e q (PressureStream.torusAverage f"
NavierStokes/SlowBorelBase.lean,1349,NavierStokes.SlowBorelBase.partialS_swirlPotential,C,AxisymmetricFields.partialS (swirlPotential a h C d) p = -C⁻¹ * physicalProfile a h (-CoordinateAlgebra.A h - 1 / 2) d.phi p
NavierStokes/SlowBorelBase.lean,1564,NavierStokes.SlowBorelBase.baseVelocity_angularMoment,C,"-x 1 * baseVelocity a h C d (t, x) 0 + x 0 * baseVelocity a h C d (t, x) 1 = (2 * AxisymmetricFields.radialEnergy x) * C⁻¹ * physicalProfile a h (-CoordinateAlg"
NavierStokes/SlowExpansionResidual.lean,649,NavierStokes.SlowExpansionResidual.pressure_series_identity,C,finiteSeries N q h (-1) omega + tail + 2 * (q * X) * (finiteSeries N q h (pressureExponent h - 1) px - (C⁻¹ * finiteSeries N q h (angularExponent h) phi) ^ 2) =
NavierStokes/SlowExpansionResidual.lean,829,NavierStokes.SlowExpansionResidual.pressureCoefficient_eq_zero_iff,C,pressureCoefficient h C f n w = 0 ↔ partialX (f.pressure n) w = C⁻¹ ^ 2 * convolution (fun i j => f.phi i w * f.phi j w) n - previous (fun j => omegaCoefficient
NavierStokes/SlowFirstOrderEdge.lean,40,NavierStokes.SlowFirstOrderEdge.taperSecond_factorization,x,deriv (tailShapeDeriv d) (3 - x) = (FlatCutoff.edge 4 x / x ^ 6) * taperSecondFactor d x
NavierStokes/SlowResidualMatching.lean,445,NavierStokes.SlowResidualMatching.thetaStress_identity,C,Real.sqrt (2 * w.1) * partialX (thetaStress h C f n) w + 2 * thetaStress h C f n w / Real.sqrt (2 * w.1) = -(Real.sqrt (2 * w.1) / C * angularCoefficient h f n 
NavierStokes/SlowResidualMatching.lean,508,NavierStokes.SlowResidualMatching.physicalThetaStress_divergence,C,LeadingStress.radialDivergence 2 (physicalThetaStress N h C f) p = -(Real.sqrt (2 * p.2.1) * C⁻¹ * finiteSeries N (SimilarityProfile.q h p) h (angularExponent h
NavierStokes/SlowResidualMatching.lean,671,NavierStokes.SlowResidualMatching.partialX_swirlRadius,C,partialX (swirlRadius C f) w = f (radiusPoint w) / C + w.1 ^ 2 / C * partialX f (radiusPoint w)
NavierStokes/SlowResidualMatching.lean,685,NavierStokes.SlowResidualMatching.partialEta_swirlRadius,C,partialEta (swirlRadius C f) w = w.1 / C * partialEta f (radiusPoint w)
NavierStokes/SlowResidualMatching.lean,737,NavierStokes.SlowResidualMatching.timeOp_swirlRadius,C,SlowStressSupport.timeOp h b (swirlRadius C f) w = w.1 / C * T h (b - 1 / 2) f (radiusPoint w)
NavierStokes/SlowResidualMatching.lean,749,NavierStokes.SlowResidualMatching.axialOp_swirlRadius,C,SlowStressSupport.axialOp h b (swirlRadius C f) w = w.1 / C * Z h (b - 1 / 2) f (radiusPoint w)
NavierStokes/SlowResidualMatching.lean,782,NavierStokes.SlowResidualMatching.axialOp2_swirlRadius,C,SlowStressSupport.axialOp2 h b (swirlRadius C f) w = w.1 / C * Z2 h (b - 1 / 2) f (radiusPoint w)
NavierStokes/SlowResidualMatching.lean,801,NavierStokes.SlowResidualMatching.partialXX_swirlRadius,C,partialX (partialX (swirlRadius C f)) w = 3 * w.1 / C * partialX f (radiusPoint w) + w.1 ^ 3 / C * partialX (partialX f) (radiusPoint w)
NavierStokes/SquaredPartition.lean,343,NavierStokes.SquaredPartition.productMask_eq_rescale,δ,productMask δ k x = productMask 1 0 (δ⁻¹ • x - fun j => (k j : ℝ))
NavierStokes/TerminalPressure.lean,43,NavierStokes.TerminalPressure.heatJet_zero,v,heatJet h 0 ν v = RadialHeatProfile.profile (1 + h) (2 * ν / v)
NavierStokes/TerminalPressure.lean,129,NavierStokes.TerminalPressure.heatPressureJet_zero,v,heatPressureJet h 0 ν v = pressureWeight h v * RadialHeatProfile.profile (1 + h) (2 * ν / v) ^ 2
NavierStokes/TerminalStress.lean,893,NavierStokes.TerminalStress.tailShapeDeriv_factorization,δ,OutgoingTail.tailShapeDeriv d (3 - δ) = (FlatCutoff.edge 4 δ / δ ^ 3) * taperSlopeFactor d δ
NavierStokes/WaveStageContinuation.lean,1858,NavierStokes.WaveStageContinuation.ParticularPrimitives.carrier_integer,D,PhysicalParticularWave.referenceFrequency D j * ((D.carrierBlock.angularFrequency D.reference.band : ℝ) / D.carrierBlock.frequency D.reference.band) = ((j * D.c
NavierStokes/WeightedRadialPrimitive.lean,394,NavierStokes.WeightedRadialPrimitive.log_remaining,X,logLength a b - logPosition a X = Real.log (b / X)
NavierStokes/WeightedRadialPrimitive.lean,404,NavierStokes.WeightedRadialPrimitive.logWeight_formula,X,logWeight cL cR a b m X = Real.exp (-cL / (Real.log (X / a)) ^ 2 - cR / (Real.log (b / X)) ^ 2) / (min 1 (min (Real.log (X / a)) (Real.log (b / X)))) ^ m
Euler/EulerProof.lean,933,EulerInverseRegularity.differenceQuotient_commutator,h,commutator (differenceQuotient τ h) T = h⁻¹ • commutator τ T
Euler/EulerSpatialRescaling.lean,18,EulerSpatialRescaling.coordinates_apply,ell,"coordinates ell q=(q.1,ell⁻¹ • q.2)"
Euler/EulerTimeRescaling.lean,18,EulerTimeRescaling.coordinates_apply,ε,"coordinates ε q=(ε⁻¹*q.1,q.2)"
Euler/EulerTimeRescaling.lean,46,EulerTimeRescaling.momentumResidual_eq,ε,momentumResidual (velocity ε u) (pressure ε p) q = (ε⁻¹)^2 • momentumResidual u p (coordinates ε q)
Euler/MeanBoundaryDerivative.lean,23,EulerMeanBoundary.cutoffCurl_differenceError,h,cutoffCurl (χ.differenceError a h) = h⁻¹ • (cutoffCurl (χ.translate (h • a)) - cutoffCurl χ) - cutoffCurl (χ.directional a)
Euler/MeanBoundaryDerivative.lean,68,EulerMeanBoundary.weakPotential_differenceError,h,weakPotential (χ.differenceError a h) = h⁻¹ • (weakPotential (χ.translate (h • a)) - weakPotential χ) - weakPotential (χ.directional a)
Euler/MeanBoundaryDifference.lean,37,EulerMeanBoundary.spatialDifference_apply,h,spatialDifference a h z = h⁻¹ • (translation (h • a) z - z)
Euler/MeanBoundaryDifference.lean,43,EulerMeanBoundary.Cutoff.differenceQuotient_field,h,(χ.differenceQuotient a h).field x = h⁻¹ * (χ.field (x + h • a) - χ.field x)
Euler/MeanBoundaryDifference.lean,46,EulerMeanBoundary.spatialDifference_commutator,h,(spatialDifference a h).comp A - A.comp (spatialDifference a h) = h⁻¹ • translationCommutator (h • a) A
Euler/MeanCutoffDifferenceBound.lean,57,EulerMeanBoundary.differenceQuotient_fderiv,h,fderiv ℝ (χ.differenceQuotient a h).field x = h⁻¹ • (fderiv ℝ χ.field (x+h•a) - fderiv ℝ χ.field x)
Euler/MeanCutoffTaylor.lean,121,EulerMeanBoundary.Cutoff.differenceError_fderiv,h,fderiv ℝ (χ.differenceError a h).field x = h⁻¹ • (fderiv ℝ χ.field (x+h•a) - fderiv ℝ χ.field x) - fderiv ℝ (fderiv ℝ χ.field) x a
Euler/PacketForwardInitializedResidualEquation.lean,68,EulerPacketTerminalDatum.forwardInitializedNormalizedField_path_eq,k,(forwardInitializedNormalizedField M D hTime δ hδ ξ hs α N k).path = (coordinateField D (forwardInitializedVelocityField M D hTime δ hδ ξ hs α N k⁻¹) k).path
Euler/PacketForwardInitializedResidualEquation.lean,73,EulerPacketTerminalDatum.forwardInitializedNormalizedField_tower_eq,k,(forwardInitializedNormalizedField M D hTime δ hδ ξ hs α N k).toFieldTower = (coordinateField D (forwardInitializedVelocityField M D hTime δ hδ ξ hs α N k⁻¹) k)
Euler/PacketInitializedResidualEquation.lean,69,EulerPacketTerminalDatum.initializedNormalizedField_path_eq,k,(initializedNormalizedField M D hTime τ hτ hτT B δ hδ ξ hs α N k).path = (coordinateField D (initializedVelocityField M D hTime τ hτ hτT B δ hδ ξ hs α N k⁻¹) k)
Euler/PacketInitializedResidualEquation.lean,74,EulerPacketTerminalDatum.initializedNormalizedField_tower_eq,k,(initializedNormalizedField M D hTime τ hτ hτT B δ hδ ξ hs α N k).toFieldTower = (coordinateField D (initializedVelocityField M D hTime τ hτ hτT B δ hδ ξ hs α N
Euler/PacketPointJets.lean,103,EulerPacketPointJets.momentumResidual_formula,κ,momentumResidual κ FInv M m u p z = fderiv ℝ u z timeDirection + M (u z) + FInv.adjoint ((toDual ℝ Space).symm ((fderiv ℝ p z).comp spatialInjection)) + κ⁻¹ • (
Euler/ParentStageHorizon.lean,70,EulerParentStageHorizon.scaled_rate,h,a/sqrt (a/h)=sqrt (a*h)
Euler/ParentStageHorizon.lean,76,EulerParentStageHorizon.physical_rate,a,sqrt (a/h)/a=1/sqrt (a*h)
Euler/ParentStageHorizon.lean,76,EulerParentStageHorizon.physical_rate,h,sqrt (a/h)/a=1/sqrt (a*h)
Euler/ParentStageHorizon.lean,79,EulerParentStageHorizon.physical_target_identity,h,physicalTime τ a (sqrt (a/h)) (x/sqrt β)=τ+x/sqrt (β*a*h)
Euler/PhysicalL2Scaling.lean,54,EulerPhysicalL2Scaling.iteratedFDeriv_scale,ell,iteratedFDeriv ℝ n (scale ell f) x = (ell*(ell⁻¹)^n) • iteratedFDeriv ℝ n f (ell⁻¹ • x)
Euler/SmoothPhysicalGraphFlow.lean,62,EulerGraphInvariantFlow.physicalCoefficient_apply,ell,(physicalCoefficient k m T A ell).field t x = ell • (A.field t (graphLinear k m (ell⁻¹ • x))).1
NavierStokes/ActivationCone.lean,363,NavierStokes.ActivationCone.cone_error_bounds,A (via projectionError),|projectionError A B z dA dB dR| ≤ comparisonConstant M ∧ |crossError A B z dA dB dR| ≤ comparisonConstant M ∧ |sizeError κ A B z dR| ≤ comparisonConstant M
NavierStokes/ActivationCone.lean,363,NavierStokes.ActivationCone.cone_error_bounds,A (via crossError),|projectionError A B z dA dB dR| ≤ comparisonConstant M ∧ |crossError A B z dA dB dR| ≤ comparisonConstant M ∧ |sizeError κ A B z dR| ≤ comparisonConstant M
NavierStokes/ActivationCone.lean,363,NavierStokes.ActivationCone.cone_error_bounds,A (via sizeError),|projectionError A B z dA dB dR| ≤ comparisonConstant M ∧ |crossError A B z dA dB dR| ≤ comparisonConstant M ∧ |sizeError κ A B z dR| ≤ comparisonConstant M
NavierStokes/ActivationHolomorphic.lean,1126,NavierStokes.ActivationHolomorphic.natural_average_identity,Λ (via U),ProfileHistories.average U p = V p
NavierStokes/ActivationHolomorphic.lean,1138,NavierStokes.ActivationHolomorphic.natural_Ubar_real,Λ (via Ubar),"average (naturalU F) (p.1,(p.2 : ℂ)) = (F.family.Ubar p : ℂ)"
NavierStokes/ActivationHolomorphic.lean,1144,NavierStokes.ActivationHolomorphic.natural_Pi_real,Λ (via Pi),"pressure P (naturalF F) (p.1,(p.2 : ℂ)) = (F.family.Pi p : ℂ)"
NavierStokes/ActiveAnnulusWeight.lean,29,NavierStokes.ActiveAnnulusWeight.edge_le_one,x (via edge),FlatCutoff.edge c x ≤ 1
NavierStokes/ActiveAnnulusWeight.lean,70,NavierStokes.ActiveAnnulusWeight.edgeDistance_pos,a (via edgeDistance),0 < edgeDistance a b y
NavierStokes/ActiveAnnulusWeight.lean,73,NavierStokes.ActiveAnnulusWeight.edgeDistance_le_one,a (via edgeDistance),edgeDistance a b y ≤ 1
NavierStokes/ActiveAnnulusWeight.lean,74,NavierStokes.ActiveAnnulusWeight.edgeDistance_le_left,a (via edgeDistance),edgeDistance a b y ≤ y-a
NavierStokes/ActiveAnnulusWeight.lean,76,NavierStokes.ActiveAnnulusWeight.edgeDistance_le_right,a (via edgeDistance),edgeDistance a b y ≤ b-y
NavierStokes/ActiveAnnulusWeight.lean,178,NavierStokes.ActiveAnnulusWeight.distance_power_le_left,a (via edgeDistance),edgeDistance a b y ^ N ≤ (y-a)^n
NavierStokes/ActiveAnnulusWeight.lean,185,NavierStokes.ActiveAnnulusWeight.distance_power_le_right,a (via edgeDistance),edgeDistance a b y ^ N ≤ (b-y)^n
NavierStokes/ActiveAnnulusWeight.lean,192,NavierStokes.ActiveAnnulusWeight.left_bound_to_weight,a (via edgeDistance),C * FlatCutoff.edge c (y-a) / (y-a)^n ≤ (C / FlatCutoff.edge 4 (b-a-d)) * weight c a b y / edgeDistance a b y ^ N
NavierStokes/ActiveAnnulusWeight.lean,207,NavierStokes.ActiveAnnulusWeight.right_bound_to_weight,a (via edgeDistance),C * FlatCutoff.edge 4 (b-y) / (b-y)^n ≤ (C / FlatCutoff.edge c (b-a-d)) * weight c a b y / edgeDistance a b y ^ N
NavierStokes/ActiveAnnulusWeight.lean,222,NavierStokes.ActiveAnnulusWeight.interior_bound_to_weight,a (via edgeDistance),C ≤ (C / (FlatCutoff.edge c d * FlatCutoff.edge 4 d)) * weight c a b y / edgeDistance a b y ^ N
NavierStokes/ActiveAnnulusWeight.lean,468,NavierStokes.ActiveAnnulusWeight.exists_global_derivative_bound,a (via edgeDistance),"ℕ, ∀ i ≤ n, ∀ p ∈ K, ∀ y ∈ Ioo a b, ‖iteratedFDeriv ℝ i T (p,y)‖ ≤ C * weight c a b y / edgeDistance a b y ^ N"
NavierStokes/ActiveAnnulusWeight.lean,542,NavierStokes.ActiveAnnulusWeight.global_weighted_bounds,a (via edgeDistance),"ℕ, ∀ i ≤ n, ∀ p ∈ K, ∀ y ∈ Ioo a b, ‖iteratedFDeriv ℝ i T (p,y)‖ ≤ C * weight c a b y / edgeDistance a b y ^ N"
NavierStokes/ActiveAnnulusWeight.lean,572,NavierStokes.ActiveAnnulusWeight.exists_radial_derivative_bound,a (via edgeDistance),"ℕ, ∀ p ∈ K, ∀ X ∈ Ioo (Real.exp a) (Real.exp b), ‖iteratedFDeriv ℝ n (radialPullback T) (p,X)‖ ≤ C * radialWeight c a b X / edgeDistance a b (Real.log X)^N"
NavierStokes/ActiveAnnulusWeight.lean,961,NavierStokes.ActiveAnnulusWeight.activationCoefficient_smooth,T (via activationCoefficient),ContDiffOn ℝ ∞ (activationCoefficient T κ D) (J ×ˢ (univ : Set ℝ))
NavierStokes/ActiveAnnulusWeight.lean,974,NavierStokes.ActiveAnnulusWeight.activationCoefficient_edge,T (via activationCoefficient),"activationCoefficient T κ D (η,0) = ((1-κ) / stepDenominator T 0) • D ((κ,T),(0,η))"
NavierStokes/ActiveAnnulusWeight.lean,974,NavierStokes.ActiveAnnulusWeight.activationCoefficient_edge,T (via stepDenominator),"activationCoefficient T κ D (η,0) = ((1-κ) / stepDenominator T 0) • D ((κ,T),(0,η))"
NavierStokes/ActualBaseVelocityBounds.lean,362,NavierStokes.ActualBaseVelocityBounds.leadingVelocity_eq,C (via leadingVelocity),leadingVelocity h C d z = AxisymmetricResidual.velocity (fun _ => 0) (BaseExterior.leadingAngular h C d) (fun _ => 0) z
NavierStokes/ActualBaseVelocityBounds.lean,362,NavierStokes.ActualBaseVelocityBounds.leadingVelocity_eq,C (via leadingAngular),leadingVelocity h C d z = AxisymmetricResidual.velocity (fun _ => 0) (BaseExterior.leadingAngular h C d) (fun _ => 0) z
NavierStokes/ActualBaseVelocityBounds.lean,372,NavierStokes.ActualBaseVelocityBounds.leadingVelocity_rate,C (via leadingVelocity),FiniteJetRate l (PhysicalWaveSum.physicalQ h) (leadingVelocity h C d) m (-CoordinateAlgebra.A h - 1 / 2 - m)
NavierStokes/ActualGaussianCoverage.lean,179,NavierStokes.ActualGaussianCoverage.outerCell_compact,c (via outerCell),IsCompact (outerCell r L c)
NavierStokes/ActualGaussianCoverage.lean,182,NavierStokes.ActualGaussianCoverage.sourceCell_compact,c (via sourceCell),IsCompact (sourceCell r L c)
NavierStokes/ActualGaussianCoverage.lean,598,NavierStokes.ActualGaussianCoverage.normalizedLinear_apply,L (via normalizedLinear),normalizedLinear (P := P) g L x = (g.coordinateLinear x.2).2 / L
NavierStokes/ActualGaussianCoverage.lean,603,NavierStokes.ActualGaussianCoverage.normalized_coordinate_affine,L (via normalizedLinear),(g.coordinates k x.2).2 / L = (g.coordinates k 0).2 / L + normalizedLinear (P := P) g L x
NavierStokes/ActualInitialExcluded.lean,666,NavierStokes.ActualInitialExcluded.copiedGaussian_all_gains,a (via zeta),PeriodizedWaveBounds.UniformLocalJets nativeStrip (fun _ _ x => Real.sqrt (nativeStrip.zeta x)) β (fun l : SignedLabel B N0 => (copyCells l).carrier) (copied a 
NavierStokes/ActualInitialExcluded.lean,706,NavierStokes.ActualInitialExcluded.periodizedGaussian_all_gains,a (via zeta),LabelSumBounds.UniformClass nativeStrip (fun _ _ x => Real.sqrt (nativeStrip.zeta x)) β (periodized a (nativeGaussian (B := B) (N0 := N0)))
NavierStokes/ActualParticularCoherence.lean,176,NavierStokes.ActualParticularCoherence.ratioPower_comp,Qr (via ratioPower),ratioPower Q Qm a * ratioPower Qm Qr a = ratioPower Q Qr a
NavierStokes/ActualParticularCoherence.lean,186,NavierStokes.ActualParticularCoherence.normalWeight_comp,K (via normalWeight),normalWeight Q Qm K Km * normalWeight Qm Qr Km Kr = normalWeight Q Qr K Kr
NavierStokes/ActualPrimaryBounds.lean,305,NavierStokes.ActualPrimaryBounds.copied_uniformLocalJets,a (via zeta),PeriodizedWaveBounds.UniformLocalJets nativeStrip (fun l n x => Real.sqrt (nativeStrip.zeta x) * envelope l n x) α (fun l => (copyCells l).carrier) (copied a f)
NavierStokes/ActualSignedGeometry.lean,468,NavierStokes.ActualSignedGeometry.slowChange_apply,Qr (via ratioPower),"slowChange h Q Qr p = (PhysicalParticularWave.ratioPower Q Qr (1 / 2) * p.1, (PhysicalParticularWave.ratioPower Q Qr (CoordinateAlgebra.D h) * p.2.1, PhysicalPa"
NavierStokes/ActualSignedGeometry.lean,1056,NavierStokes.ActualSignedGeometry.phase_normal_view_germ,K (via normalWeight),(fun y => HarmonicCalculus.phaseNormal PhysicalResidualBridge.ScaledGraph.radius (PhysicalResidualBridge.commonGraph Q h i).radial PhysicalResidualBridge.Scaled
NavierStokes/AnalyticCoefficientBounds.lean,228,NavierStokes.AnalyticCoefficientBounds.UnitHolomorphic.norm_toAxisSpace_le,ρ (via toAxisSpace),‖hf.toAxisSpace hε hερ‖ ≤ radiusLoss (ε / ρ)
NavierStokes/AnalyticCoefficientBounds.lean,234,NavierStokes.AnalyticCoefficientBounds.UnitHolomorphic.coefficient_toAxisSpace,ρ (via toAxisSpace),coefficient I (AxisWeightEstimates.weight ε) (hf.toAxisSpace hε hερ) n x = if n = 0 then (f (x : ℂ)).re else 0
NavierStokes/AnalyticCoefficientBounds.lean,243,NavierStokes.AnalyticCoefficientBounds.UnitHolomorphic.jet_toAxisSpace,ρ (via toAxisSpace),jet I (AxisWeightEstimates.weight ε) (hf.toAxisSpace hε hερ).1 n m x = if n = 0 then iteratedDeriv m (fun t : ℝ => (f t).re) x else 0
NavierStokes/AnalyticPrimitive.lean,199,NavierStokes.AnalyticPrimitive.amplitude_zero,C (via amplitude),amplitude g Λ C 0 = 1 / C
NavierStokes/AnalyticPrimitive.lean,208,NavierStokes.AnalyticPrimitive.hasDerivAt_amplitude,C (via amplitude),HasDerivAt (amplitude g Λ C) ((Λ * g z) * amplitude g Λ C z) z
NavierStokes/AnalyticPrimitive.lean,217,NavierStokes.AnalyticPrimitive.analyticOnNhd_amplitude,C (via amplitude),AnalyticOnNhd ℂ (amplitude g Λ C) U
NavierStokes/AnalyticPrimitive.lean,217,NavierStokes.AnalyticPrimitive.analyticOnNhd_amplitude,Λ (via U),AnalyticOnNhd ℂ (amplitude g Λ C) U
NavierStokes/AnalyticPrimitive.lean,234,NavierStokes.AnalyticPrimitive.amplitude_ofReal,C (via amplitude),"amplitude g Λ C x = ((Real.exp (Λ * (x * ∫ t in (0 : ℝ)..1, f (t * x))) / C : ℝ) : ℂ)"
NavierStokes/AnalyticPrimitive.lean,247,NavierStokes.AnalyticPrimitive.hasDerivAt_real_amplitude,C (via amplitude),HasDerivAt (fun y : ℝ => (amplitude g Λ C y).re) ((Λ * f x) * (amplitude g Λ C x).re) x
NavierStokes/AxisAnalyticCoefficients.lean,49,NavierStokes.AxisJointAnalytic.complexCoefficient_ofReal,ε (via weight),complexCoefficient I ε A n (x : ℂ) = (coefficient I (weight ε) A n x : ℂ)
NavierStokes/AxisAnalyticCoefficients.lean,49,NavierStokes.AxisJointAnalytic.complexCoefficient_ofReal,ε (via coefficient),complexCoefficient I ε A n (x : ℂ) = (coefficient I (weight ε) A n x : ℂ)
NavierStokes/AxisCoefficientSpace.lean,437,NavierStokes.AxisCoefficientSpace.axisSpace_smooth,ε (via weight),ContDiffOn ℝ ∞ (coefficient I (AxisWeightEstimates.weight ε) A n) I.interval
NavierStokes/AxisCoefficientSpace.lean,437,NavierStokes.AxisCoefficientSpace.axisSpace_smooth,ε (via coefficient),ContDiffOn ℝ ∞ (coefficient I (AxisWeightEstimates.weight ε) A n) I.interval
NavierStokes/AxisContraction.lean,668,NavierStokes.AxisContraction.axis_angular_jet_error,ε (via weight),|AxisCoefficientSpace.jet I (AxisWeightEstimates.weight ε) x.1.1 n m η - AxisCoefficientSpace.jet I (AxisWeightEstimates.weight ε) x₀.1.1 n m η| ≤ |AxisWeightEs
NavierStokes/AxisContraction.lean,680,NavierStokes.AxisContraction.axis_axial_jet_error,ε (via weight),|AxisCoefficientSpace.jet I (AxisWeightEstimates.weight ε) x.2.1 n m η - AxisCoefficientSpace.jet I (AxisWeightEstimates.weight ε) x₀.2.1 n m η| ≤ |AxisWeightEs
NavierStokes/AxisEvaluation.lean,121,NavierStokes.AxisEvaluation.summable_majorant,ε (via majorant),Summable (majorant ε C R k m)
NavierStokes/AxisEvaluation.lean,334,NavierStokes.AxisEvaluation.majorant_scale,ε (via majorant),majorant ε C R k m n = C * majorant ε 1 R k m n
NavierStokes/AxisEvaluation.lean,444,NavierStokes.AxisEvaluation.coefficient_iteratedDeriv,ε (via weight),iteratedDeriv m (coefficient I (weight ε) A n) η = jet I (weight ε) A.1 n m η
NavierStokes/AxisEvaluation.lean,444,NavierStokes.AxisEvaluation.coefficient_iteratedDeriv,ε (via coefficient),iteratedDeriv m (coefficient I (weight ε) A n) η = jet I (weight ε) A.1 n m η
NavierStokes/AxisEvaluationAlgebra.lean,52,NavierStokes.AxisEvaluationAlgebra.profile_axis,ε (via weight),"profile I ε A (0, η) = coefficient I (weight ε) A 0 η"
NavierStokes/AxisEvaluationAlgebra.lean,52,NavierStokes.AxisEvaluationAlgebra.profile_axis,ε (via coefficient),"profile I ε A (0, η) = coefficient I (weight ε) A 0 η"
NavierStokes/AxisSourceRegularity.lean,536,NavierStokes.AxisSourceRegularity.lowerPressureSource_smooth,C (via lowerPressureSource),ContDiffAt ℝ ∞ (lowerPressureSource h C φ U v n) w
NavierStokes/AxisSourceRegularity.lean,560,NavierStokes.AxisSourceRegularity.lowerPressureSource_analytic,C (via lowerPressureSource),AnalyticAt ℝ (lowerPressureSource h C φ U v n) w
NavierStokes/AxisSourceRegularity.lean,577,NavierStokes.AxisSourceRegularity.lowerPressureSource_eq_quotient,C (via lowerPressureSource),lowerPressureSource h C φ U v (k + 1) w = C⁻¹ ^ 2 * lowerConvolution φ φ (k + 1) w - (omega h U (fun j => axisFactor (v j)) k w / w.1) / 2
NavierStokes/AxisSourceRegularity.lean,598,NavierStokes.AxisSourceRegularity.lowerPressureSource_eq_jet,C (via lowerPressureSource),lowerPressureSource h C φ U v n w = jetLowerPressureSource h C w.1 w.2 (fun j => φ j w) (fun j => U j w) (fun j => profileJet (v j) w) n
NavierStokes/AxisSourceRegularity.lean,620,NavierStokes.AxisSourceRegularity.lowerPressureSource_complex_formula,C (via lowerPressureSource),(lowerPressureSource h C φ U v n w : ℂ) = jetLowerPressureSource (h : ℂ) (C : ℂ) (w.1 : ℂ) (w.2 : ℂ) (fun j => (φ j w : ℂ)) (fun j => (U j w : ℂ)) (fun j => com
NavierStokes/AxisTailRegularity.lean,340,NavierStokes.AxisTailRegularity.pressureTail_div_eq_regular_of_germs,C (via pressureTail),"pressureTail N q h C f w / (2 * w.1) = ∑ i ∈ pressureIndices N, q ^ pressurePower N h i * regularPressureTerm N h C phi u beta i w"
NavierStokes/AxisTailRegularity.lean,357,NavierStokes.AxisTailRegularity.radialTail_eq_regular_of_germs,C (via pressureTail),"pressureTail N (SimilarityProfile.q h p) h C f (SimilarityProfile.inner h p) / (2 * p.2.1) = ∑ i ∈ pressureIndices N, SimilarityProfile.q h p ^ (pressurePower N"
NavierStokes/AxisWeightEstimates.lean,38,NavierStokes.AxisWeightEstimates.weight_eq_core_decay,ε (via weight),weight ε n m = coreWeight ε n m * squareDecay n * squareDecay m
NavierStokes/AxisWeightEstimates.lean,38,NavierStokes.AxisWeightEstimates.weight_eq_core_decay,ε (via coreWeight),weight ε n m = coreWeight ε n m * squareDecay n * squareDecay m
NavierStokes/AxisWeightEstimates.lean,186,NavierStokes.AxisWeightEstimates.coreWeight_factorial,ε (via coreWeight),coreWeight ε n m = (1 / 20 : ℝ) ^ n * (ε⁻¹) ^ m * ((n + m).factorial : ℝ) / (n.factorial : ℝ)
NavierStokes/BaseExterior.lean,231,NavierStokes.BaseExterior.exterior_swirl_derivative,C (via leadingAngular),AxisymmetricFields.partialS (swirlPotential a h C d) p = -leadingAngular h C d p
NavierStokes/BaseExterior.lean,240,NavierStokes.BaseExterior.exterior_velocity_eq_leading,C (via leadingAngular),baseVelocity a h C d z = AxisymmetricResidual.velocity (fun _ => 0) (leadingAngular h C d) (fun _ => 0) z
NavierStokes/BasePhaseGeometry.lean,355,NavierStokes.BasePhaseGeometry.signedSlot_sq,L (via signedSlot),PhaseEstimates.signedSlot sigma u L v ^ 2 = PulseGrowth.slotMagnitude u L v ^ 2
NavierStokes/BasePrefixIdentity.lean,111,NavierStokes.BasePrefixIdentity.prefixSwirl_radial,C (via slowSwirl),-AxisymmetricFields.partialS (BaseResidual.prefixSwirl J h C d) p = SlowExpansionResidual.slowSwirl J h C (profiles h d) p
NavierStokes/BaseResidual.lean,1439,NavierStokes.BaseResidual.truncationResidual_rate,C (via truncationResidual),FiniteJetRate l (fun z => (cartesianChart h z).1) (fun z => truncationResidual N h C f z.1 z.2) M (2 * (N : ℝ) * h - 2 - M)
NavierStokes/BaseResidual.lean,1917,NavierStokes.BaseResidual.weightedBundle_base_scales,C (via coefficientBundle),AdmissibleScales h (coefficientBundle C d) K a
NavierStokes/BaseResidual.lean,2377,NavierStokes.BaseResidual.regularTruncation_smooth,C (via regularTruncation),ContDiffOn ℝ ∞ (regularTruncation N h C phi u beta) (chartedDomain h O)
NavierStokes/BaseResidual.lean,2390,NavierStokes.BaseResidual.regularTruncation_rate,C (via regularTruncation),FiniteJetRate l (fun z => (cartesianChart h z).1) (regularTruncation N h C phi u beta) M (2 * (N : ℝ) * h - 2 - M)
NavierStokes/BaseResidual.lean,2459,NavierStokes.BaseResidual.regularTruncation_eq,C (via regularTruncation),regularTruncation N h C phi u beta z = truncationResidual N h C f z.1 z.2
NavierStokes/BaseResidual.lean,2459,NavierStokes.BaseResidual.regularTruncation_eq,C (via truncationResidual),regularTruncation N h C phi u beta z = truncationResidual N h C f z.1 z.2
NavierStokes/BoundaryAxisJets.lean,139,NavierStokes.BoundaryAxisJets.evenCutoff_one,r (via evenCutoff),EvenSmoothDescent.evenCutoff R r = 1
NavierStokes/ClosedNativeWaveIdentities.lean,279,NavierStokes.ClosedNativeWaveIdentities.curlRemainder_contDiffAt,K (via curlRemainder),ContDiffAt ℝ ∞ (curlRemainder K R Vr Vθ Vz B) x
NavierStokes/CoordinateAlgebra.lean,145,NavierStokes.CoordinateAlgebra.time_rates,q (via inverseQ),inverseQ q h η (-1) 0 = qTime h η ∧ inverseEta q h η (-1) 0 = etaTime q h η
NavierStokes/CoordinateAlgebra.lean,145,NavierStokes.CoordinateAlgebra.time_rates,q (via inverseEta),inverseQ q h η (-1) 0 = qTime h η ∧ inverseEta q h η (-1) 0 = etaTime q h η
NavierStokes/CoordinateAlgebra.lean,154,NavierStokes.CoordinateAlgebra.axial_rates,q (via inverseQ),inverseQ q h η 0 1 = qAxial q h η ∧ inverseEta q h η 0 1 = etaAxial q h η
NavierStokes/CoordinateAlgebra.lean,154,NavierStokes.CoordinateAlgebra.axial_rates,q (via inverseEta),inverseQ q h η 0 1 = qAxial q h η ∧ inverseEta q h η 0 1 = etaAxial q h η
NavierStokes/CopyAngularInvariance.lean,327,NavierStokes.CopyAngularInvariance.curlRemainder_invariant,K (via curlRemainder),Invariant θ (CurlClassBounds.curlRemainder K R Vr Vθ Vz a)
NavierStokes/CorrectionInitialization.lean,442,NavierStokes.CorrectionInitialization.PrimaryConstruction.normal_pullback,ε (via phase),HarmonicCalculus.phaseNormal (fun y => (χ y).1.1) Vr Vθ Vz (PhaseCalculus.phase ε p pz x0 F G ∘ χ) x = PhaseCalculus.phaseNormal ε p pz x0 F G (χ x)
NavierStokes/CorrectionInitializationNoOptions.lean,453,NavierStokes.CorrectionInitializationNoOptions.PrimaryConstruction.normal_pullback,ε (via phase),HarmonicCalculus.phaseNormal (fun y => (χ y).1.1) Vr Vθ Vz (PhaseCalculus.phase ε p pz x0 F G ∘ χ) x = PhaseCalculus.phaseNormal ε p pz x0 F G (χ x)
NavierStokes/CurlClassBounds.lean,592,NavierStokes.CurlClassBounds.curlRemainder_eq,K (via curlRemainder),curlRemainder K R Vr Vθ Vz B x = inverseCarrier K • cylindricalCurl R Vr Vθ Vz B x
NavierStokes/CycleContinuationInvariant.lean,158,NavierStokes.CycleContinuationInvariant.field_supported,k (via carrier),"WaveStageContinuation.RadialSupport a b (OffplaneCorrectionExtensions.stableLength coord) W.carrier (fun x => HarmonicFields.field c k Φ kp (x, θ))"
NavierStokes/CycleContinuationInvariant.lean,172,NavierStokes.CycleContinuationInvariant.field_smooth,k (via carrier),ContDiffOn ℝ ∞ (HarmonicFields.field c k Φ kp) (PhysicalMeanDomain.slowDomain W.carrier ×ˢ (univ : Set ℝ))
NavierStokes/CycleContinuationInvariant.lean,197,NavierStokes.CycleContinuationInvariant.field_periodic,k (via carrier),"PeriodicField W.carrier (fun x => HarmonicFields.field c k Φ kp (x, θ))"
NavierStokes/EdgeWeightJets.lean,456,NavierStokes.EdgeWeightJets.edge_mul_edge,x (via edge),FlatCutoff.edge c x * FlatCutoff.edge d x = FlatCutoff.edge (c + d) x
NavierStokes/EdgeWeightJets.lean,498,NavierStokes.EdgeWeightJets.edge_pow,x (via edge),FlatCutoff.edge c x ^ k = FlatCutoff.edge ((k : ℝ) * c) x
NavierStokes/EvenSmoothDescent.lean,323,NavierStokes.EvenSmoothDescent.contDiff_evenCutoff,r (via evenCutoff),ContDiff ℝ ∞ (evenCutoff r)
NavierStokes/EvenSmoothDescent.lean,327,NavierStokes.EvenSmoothDescent.even_evenCutoff,r (via evenCutoff),Function.Even (evenCutoff r)
NavierStokes/EvenSmoothDescent.lean,331,NavierStokes.EvenSmoothDescent.evenCutoff_eventually_one,r (via evenCutoff),evenCutoff r =ᶠ[𝓝 0] (fun _ => 1)
NavierStokes/ExtendedHeatDebts.lean,123,NavierStokes.ExtendedHeatDebts.correctionJet_succ,K (via switch),correctionJet h K (n + 1) ν X = switch K X * (2 / X) ^ (n + 1) * iteratedDeriv (n + 1) (HeatProfileExtension.extension (1 + h)) (2 * ν / X)
NavierStokes/ExtendedHeatDebts.lean,209,NavierStokes.ExtendedHeatDebts.squareCorrectionJet_zero,X (via multiplier),squareCorrectionJet h K 0 ν X = multiplier h ν K X ^ 2 - 1
NavierStokes/ExtendedHeatDebts.lean,320,NavierStokes.ExtendedHeatDebts.weightedJet_bound,X (via weightedKernel),‖weightedJet W square h K q n ν X‖ ≤ (B * editBound square h L n) * weightedKernel K p q X
NavierStokes/ExtendedHeatedOutgoing.lean,199,NavierStokes.ExtendedHeatedOutgoing.E_eq_physical,XR (via E),"E F XR c (X, eta) = HeatedOutgoing.E F XR c (X, eta)"
NavierStokes/ExtendedHeatedOutgoing.lean,211,NavierStokes.ExtendedHeatedOutgoing.Pi_eq_physical,XR (via Pi),"Pi F XR c (X, eta) = HeatedOutgoing.Pi F XR c (X, eta)"
NavierStokes/ExtendedHeatedOutgoing.lean,218,NavierStokes.ExtendedHeatedOutgoing.heatE_eq_edit,XR (via E),"heatE F XR (X, eta) = ExtendedHeatDebts.edit (fun u => OutgoingDilation.E F XR (u, eta)) F.data.h (ParametricHeatTail.diffusion eta) (switchRadius F XR) X"
NavierStokes/ExtendedHeatedOutgoing.lean,379,NavierStokes.ExtendedHeatedOutgoing.kernel_decomposition,X (via canonicalKernel),canonicalKernel F XR c eta X = OutgoingDilation.canonicalKernel F XR eta X + changeRow F XR c eta 0 X
NavierStokes/ExtendedHeatedOutgoing.lean,379,NavierStokes.ExtendedHeatedOutgoing.kernel_decomposition,X (via changeRow),canonicalKernel F XR c eta X = OutgoingDilation.canonicalKernel F XR eta X + changeRow F XR c eta 0 X
NavierStokes/ExtendedHeatedOutgoing.lean,385,NavierStokes.ExtendedHeatedOutgoing.energy_decomposition,X (via changeRow),energyDensity F XR c eta X = OutgoingDilation.energyDensity F XR eta X - changeRow F XR c eta 1 X / 2
NavierStokes/ExtendedHeatedOutgoing.lean,392,NavierStokes.ExtendedHeatedOutgoing.renormalized_decomposition,X (via changeRow),"H F XR c (X, eta) - OutgoingDilation.powerH F XR X = (OutgoingDilation.H F XR (X, eta) - OutgoingDilation.powerH F XR X) + changeRow F XR c eta 2 X"
NavierStokes/ExtendedHeatedOutgoing.lean,428,NavierStokes.ExtendedHeatedOutgoing.canonicalKernel_comp_exp,XR (via E),"|Real.exp y| • canonicalKernel F XR c eta (Real.exp y) = E F XR c (Real.exp y, eta) ^ 2"
NavierStokes/ExtendedHeatedOutgoing.lean,433,NavierStokes.ExtendedHeatedOutgoing.Pi_exp,XR (via Pi),"Pi F XR c (Real.exp y, eta) = -(1 / 2 : ℝ) * ∫ t in Ioi y, E F XR c (Real.exp t, eta) ^ 2"
NavierStokes/ExtendedHeatedOutgoing.lean,433,NavierStokes.ExtendedHeatedOutgoing.Pi_exp,XR (via E),"Pi F XR c (Real.exp y, eta) = -(1 / 2 : ℝ) * ∫ t in Ioi y, E F XR c (Real.exp t, eta) ^ 2"
NavierStokes/ExtendedHeatedOutgoing.lean,440,NavierStokes.ExtendedHeatedOutgoing.freeLogE_eq,XR (via E),"HeatedOutgoing.freeLogE F XR ((c eta, eta), y) = E F XR c (Real.exp y, eta)"
NavierStokes/FirstOrderBaseEdge.lean,60,NavierStokes.FirstOrderBaseEdge.first_angular_balance,C (via thetaDensity),"SlowStressSupport.stress 2 (SlowResidualMatching.thetaDensity h C (asSlowProfiles s) 1) (R, eta) = SlowStressSupport.moment R 2 (SlowStressSupport.axialOp2 h (S"
NavierStokes/FirstOrderBaseEdge.lean,131,NavierStokes.FirstOrderBaseEdge.physical_angular_germ,XR (via E),SimilarityProfile.pullback F.data.h (-CoordinateAlgebra.A F.data.h) E =ᶠ[𝓝 p] SlowFirstOrderEdge.physicalAngular (TerminalHistoryBridge.normalization F XR) F.da
NavierStokes/FirstOrderBaseEdge.lean,248,NavierStokes.FirstOrderBaseEdge.first_angular_eq_backward,C (via thetaDensity),"SlowStressSupport.stress 2 (SlowResidualMatching.thetaDensity F.data.h C (asSlowProfiles s) 1) (R, eta) = SlowFirstOrderEdge.radialStress (TerminalHistoryBridge"
NavierStokes/FirstOrderBaseEdge.lean,566,NavierStokes.FirstOrderBaseEdge.scheme_angular_moment_zero,C (via angularField),SlowStressSupport.moment R 2 (angularHistory s 0) eta = SlowStressSupport.moment R 2 (angularField C s.base.phi) eta
NavierStokes/FirstOrderBaseEdge.lean,808,NavierStokes.FirstOrderBaseEdge.first_stresses_eq_of_leading,C (via thetaDensity),"SlowStressSupport.stress 2 (SlowResidualMatching.thetaDensity h C (asSlowProfiles s) 1) (R, eta) = SlowStressSupport.stress 2 (SlowResidualMatching.thetaDensity"
NavierStokes/FiveProfileMoments.lean,742,NavierStokes.FiveProfileMoments.normalizedDebt_eq_sum,A (via normalizedDebt),"normalizedDebt A G d = ∑ i, d i • normalizedDebt A G (Pi.single i 1)"
NavierStokes/FiveProfileMoments.lean,1149,NavierStokes.FiveProfileMoments.normalizationCLM_apply,A (via normalizedDebt),normalizationCLM A G d = normalizedDebt A G d
NavierStokes/FiveRowRank.lean,146,NavierStokes.FiveRowRank.angular_moments,C (via angularDebt),"(∫ R, R ^ angularPowers lam i * deltaV lam C a b d R) = angularDebt C d i"
NavierStokes/FiveRowRank.lean,152,NavierStokes.FiveRowRank.axial_moments,C (via axialDebt),"(∫ R, R ^ axialPowers lam i * gamma lam C a b d R) = axialDebt C d i"
NavierStokes/FiveRowRank.lean,385,NavierStokes.FiveRowRank.angularDebt_rescale,C (via angularDebt),angularDebt C d = C⁻¹ • angularDebt 1 d
NavierStokes/FiveRowRank.lean,391,NavierStokes.FiveRowRank.axialDebt_rescale,C (via axialDebt),axialDebt C d = C⁻¹ • axialDebt 1 d
NavierStokes/FiveRowRank.lean,433,NavierStokes.FiveRowRank.angularDebt_norm_le,C (via angularDebt),‖angularDebt C d‖ ≤ ‖C⁻¹‖ * ‖d‖
NavierStokes/FiveRowRank.lean,437,NavierStokes.FiveRowRank.axialDebt_norm_le,C (via axialDebt),‖axialDebt C d‖ ≤ ‖C⁻¹‖ * ‖d‖
NavierStokes/FlatCovariance.lean,53,NavierStokes.FlatCovariance.sqrt_edge,x (via edge),Real.sqrt (edge c x) = edge (c / 2) x
NavierStokes/FlatCovariance.lean,62,NavierStokes.FlatCovariance.edge_mul,x (via edge),edge c x * edge d x = edge (c + d) x
NavierStokes/FlatCovariance.lean,72,NavierStokes.FlatCovariance.edge_sq,x (via edge),edge c x ^ 2 = edge (2 * c) x
NavierStokes/FlatCovariance.lean,77,NavierStokes.FlatCovariance.squared_column_factors,x (via edge),columns (G x) (fun j => edge (lam j) x ^ 2) = edgeMatrix (fun j => 2 * lam j) G x
NavierStokes/FlatCovariance.lean,130,NavierStokes.FlatCovariance.inverseCoefficients_factor,x (via edge),inverseCoefficients σ κ G T x i = edge (σ - κ i) x * SmoothCovariance.weights (G x) (T x) i
NavierStokes/FlatCovariance.lean,148,NavierStokes.FlatCovariance.primaryAmplitude_factor,x (via edge),primaryAmplitude σ κ G T x i = edge ((σ - κ i) / 2) x * SmoothCovariance.amplitudes (G x) (T x) i
NavierStokes/FlatCovariance.lean,159,NavierStokes.FlatCovariance.signedAmplitude_factor,x (via edge),signedAmplitude σ τ κ G T R x i = edge (τ - (σ + κ i) / 2) x * (SmoothCovariance.weights (G x) (R x) i / (2 * SmoothCovariance.amplitudes (G x) (T x) i))
NavierStokes/FlatCutoff.lean,29,NavierStokes.FlatCutoff.edge_of_nonpos,x (via edge),edge c x = 0
NavierStokes/FlatCutoff.lean,38,NavierStokes.FlatCutoff.edge_nonneg,x (via edge),0 ≤ edge c x
NavierStokes/FlatCutoff.lean,50,NavierStokes.FlatCutoff.edge_le_glue,x (via edge),edge c x ≤ expNegInvGlue x
NavierStokes/FlatCutoff.lean,89,NavierStokes.FlatCutoff.polynomialEdge_hasDerivAt,x (via polynomialEdge),HasDerivAt (polynomialEdge c p) (polynomialEdge c (derivativePolynomial c p) x) x
NavierStokes/FlatKernelBounds.lean,347,NavierStokes.FlatKernelBounds.kernel_eq_expr,t (via kernel),kernel c j b x t = ((1 / 2 : ℝ) * Real.exp (-c * t)) * (kernelExpr j).eval b x t
NavierStokes/FlatKernelBounds.lean,363,NavierStokes.FlatKernelBounds.iteratedDeriv_kernel,t (via kernel),iteratedDeriv n (fun x => kernel c j b x t) = fun x => ((1 / 2 : ℝ) * Real.exp (-c * t)) * ((Expr.diff^[n]) (kernelExpr j)).eval b x t
NavierStokes/FlatKernelBounds.lean,371,NavierStokes.FlatKernelBounds.kernel_contDiff_x,t (via kernel),ContDiff ℝ ∞ (fun x => kernel c j b x t)
NavierStokes/FlatKernelBounds.lean,377,NavierStokes.FlatKernelBounds.kernel_iteratedDeriv_contDiff_x,t (via kernel),ContDiff ℝ ∞ (iteratedDeriv n (fun x => kernel c j b x t))
NavierStokes/FlatKernelBounds.lean,400,NavierStokes.FlatKernelBounds.kernel_iteratedDeriv_bound_of_jetBounds,R (via kernel),"ℝ, |x| ≤ R → 0 ≤ t → |iteratedDeriv n (fun y => kernel c j b y t) x| ≤ C * (1 + t) ^ N * Real.exp (-c * t)"
NavierStokes/FlatKernelBounds.lean,424,NavierStokes.FlatKernelBounds.kernel_iteratedDeriv_bound,R (via kernel),"ℝ, |x| ≤ R → 0 ≤ t → |iteratedDeriv n (fun y => kernel c j b y t) x| ≤ C * (1 + t) ^ N * Real.exp (-c * t)"
NavierStokes/FlatPrimitive.lean,45,NavierStokes.FlatPrimitive.primitive_hasDerivAt,x (via integrand),HasDerivAt (primitive c j b) (integrand c j b x) x
NavierStokes/FlatPrimitive.lean,103,NavierStokes.FlatPrimitive.integral_derivativePolynomial,x (via polynomialEdge),"(∫ u in (0 : ℝ)..x, polynomialEdge c (derivativePolynomial c p) u) = polynomialEdge c p x"
NavierStokes/FlatPrimitive.lean,112,NavierStokes.FlatPrimitive.edge_hasDerivAt,x (via edge),HasDerivAt (edge c) (2 * c * edge c x / x ^ 3) x
NavierStokes/FlatPrimitive.lean,126,NavierStokes.FlatPrimitive.scale_hasDerivAt,x (via edge),HasDerivAt (scale c j) ((edge c x / x ^ j) * (2 * c + (3 - (j : ℝ)) * x ^ 2)) x
NavierStokes/FlatPrimitive.lean,126,NavierStokes.FlatPrimitive.scale_hasDerivAt,x (via scale),HasDerivAt (scale c j) ((edge c x / x ^ j) * (2 * c + (3 - (j : ℝ)) * x ^ 2)) x
NavierStokes/FlatPrimitive.lean,160,NavierStokes.FlatPrimitive.primitive_sourceCoefficient,x (via scale),primitive c j (sourceCoefficient c j a) x = scale c j x * a x
NavierStokes/FlatPrimitive.lean,178,NavierStokes.FlatPrimitive.primitive_recurrence,x (via scale),(2 * c) * primitive c j b x = scale c j x * b x - primitive c j (sourceCoefficient 0 j b) x
NavierStokes/FlatPrimitive.lean,204,NavierStokes.FlatPrimitive.primitive_three_one,x (via edge),primitive c 3 (fun _ => 1) x = edge c x / (2 * c)
NavierStokes/FlatPrimitive.lean,270,NavierStokes.FlatPrimitive.normalizedPrimitive_factorization,x (via scale),primitive c j b x = scale c j x * normalizedPrimitive c j b x
NavierStokes/FlatPrimitiveFactor.lean,128,NavierStokes.FlatPrimitiveFactor.transformed_integrand,t (via kernel),|-(x ^ 3 / (2 * denominator x t ^ 3))| * integrand c j b (coordinate x t) = scale c j x * kernel c j b x t
NavierStokes/FlatPrimitiveFactor.lean,168,NavierStokes.FlatPrimitiveFactor.kernel_at_zero,t (via kernel),kernel c j b 0 t = (b 0 / 2) * Real.exp (-c * t)
NavierStokes/Flatness.lean,30,NavierStokes.Flatness.fixed_power_loss_bound,x (via scale),|x / scale ^ loss| ≤ C * |scale| ^ n
NavierStokes/GaussianEnvelope.lean,213,NavierStokes.GaussianEnvelope.hasDerivAt_referenceRate,ell (via slotMagnitude),HasDerivAt (referenceRate lam u ell) (referenceSlope lam u (PulseGrowth.slotMagnitude u ell time) * (u / ell)) time
NavierStokes/GaussianTailFlat.lean,90,NavierStokes.GaussianTailFlat.slotCutoff_contDiff,L (via slotCutoff),ContDiff ℝ ∞ (slotCutoff L)
NavierStokes/GaussianTailFlat.lean,93,NavierStokes.GaussianTailFlat.slotCutoff_deriv,L (via slotCutoff),deriv (slotCutoff L) v = L⁻¹ * deriv profile (v / L)
NavierStokes/GaussianTailFlat.lean,168,NavierStokes.GaussianTailFlat.sqrt_edge,x (via edge),Real.sqrt (FlatCutoff.edge c x) = FlatCutoff.edge (c / 2) x
NavierStokes/GaussianTailFlat.lean,392,NavierStokes.GaussianTailFlat.cutoffError_eq_slot,L (via slotCutoff),cutoffError L (fun y => v y / L) u f x = deriv (slotCutoff L) (v x) • u x + (1 - slotCutoff L (v x)) • f x
NavierStokes/GaussianTailFlat.lean,392,NavierStokes.GaussianTailFlat.cutoffError_eq_slot,L (via cutoffError),cutoffError L (fun y => v y / L) u f x = deriv (slotCutoff L) (v x) • u x + (1 - slotCutoff L (v x)) • f x
NavierStokes/GaussianTailFlat.lean,398,NavierStokes.GaussianTailFlat.cutoffError_contDiffOn,L (via cutoffError),ContDiffOn ℝ ∞ (cutoffError L θ u f) U
NavierStokes/GaussianTailFlat.lean,405,NavierStokes.GaussianTailFlat.cutoffError_eventually_zero,L (via cutoffError),cutoffError L θ u f =ᶠ[𝓝 x] fun _ => 0
NavierStokes/GaussianTailFlat.lean,415,NavierStokes.GaussianTailFlat.cutoffError_jet_zero_on_plateau,L (via cutoffError),iteratedFDeriv ℝ j (cutoffError L θ u f) x = 0
NavierStokes/GlobalSlowProfiles.lean,284,NavierStokes.GlobalSlowProfiles.angularField_smooth,C (via angularField),Smooth S (angularField C phi)
NavierStokes/GlobalSlowProfiles.lean,301,NavierStokes.GlobalSlowProfiles.actual_pressureGradient,C (via angularField),PositiveOrderMoments.jointPressureGradient n (fun j => angularField C (phi j)) (fun p => p.1 ^ 2 / 2 * omega p) w = w.1 * pressureSource C phi omega n w
NavierStokes/GlobalSlowProfiles.lean,324,NavierStokes.GlobalSlowProfiles.pressureFromSource_eq_pressureHistory,C (via angularField),(pressureFromSource hS (pressureSource C phi omega n) : Field) = PositiveOrderMoments.pressureHistory n (fun j => angularField C (phi j)) (fun p => p.1 ^ 2 / 2 
NavierStokes/GlobalSlowProfiles.lean,590,NavierStokes.GlobalSlowProfiles.actual_pressureGradient_smooth,C (via angularField),Smooth S (PositiveOrderMoments.jointPressureGradient n (fun j => angularField C (phi j)) (fun p => p.1 ^ 2 / 2 * omega p))
NavierStokes/GlobalSlowProfiles.lean,1045,NavierStokes.GlobalSlowProfiles.profiles_moments,C (via angularField),PositiveOrderMoments.moments n (PositiveOrderMoments.slice (fun j => ((profiles s j).axial : Field)) eta) (PositiveOrderMoments.slice (fun j => angularField C (
NavierStokes/GlobalSlowProfiles.lean,1779,NavierStokes.GlobalSlowProfiles.profiles_pressureCoefficient,C (via pressureCoefficient),SlowExpansionResidual.pressureCoefficient h C (asSlowProfiles s) n w = 0
NavierStokes/GlobalSlowProfiles.lean,1935,NavierStokes.GlobalSlowProfiles.profiles_angular_compactSupport,C (via angularField),"HasCompactSupport (fun R => angularField C (profiles s n).phi (R, eta))"
NavierStokes/GlobalSlowProfiles.lean,1947,NavierStokes.GlobalSlowProfiles.profiles_pressureHistory,C (via angularField),((profiles s n).pressure : Field) = PositiveOrderMoments.pressureHistory n (fun j => angularField C (profiles s j).phi) (fun w => w.1 ^ 2 / 2 * previousOmegaDiv
NavierStokes/GlobalStressSupport.lean,55,NavierStokes.GlobalStressSupport.angularHistory_eq,C (via angularField),angularHistory s n w = angularField C (profiles s n).phi w
NavierStokes/GlobalStressSupport.lean,119,NavierStokes.GlobalStressSupport.pressureGradient_eq,C (via angularField),PositiveOrderMoments.jointPressureGradient n (angularHistory s) (previousOmega s n) w = PositiveOrderMoments.jointPressureGradient n (fun j => angularField C (p
NavierStokes/GlobalStressSupport.lean,288,NavierStokes.GlobalStressSupport.thetaDensity_eq,C (via thetaDensity),EqOn (SlowResidualMatching.thetaDensity h C (asSlowProfiles s) n) (SlowStressSupport.angularDensity h n (fluxHistory s) (axialHistory s) (angularHistory s)) (re
NavierStokes/GlobalStressSupport.lean,324,NavierStokes.GlobalStressSupport.thetaDensity_smooth,C (via thetaDensity),Smooth S (SlowResidualMatching.thetaDensity h C (asSlowProfiles s) n)
NavierStokes/GlobalStressSupport.lean,340,NavierStokes.GlobalStressSupport.thetaDensity_moment_zero,C (via thetaDensity),SlowStressSupport.moment s.B 0 (SlowResidualMatching.thetaDensity h C (asSlowProfiles s) n) eta = 0
NavierStokes/GlobalStressSupport.lean,360,NavierStokes.GlobalStressSupport.thetaDensity_exterior,C (via thetaDensity),SlowStressSupport.exterior s.B S (SlowResidualMatching.thetaDensity h C (asSlowProfiles s) n)
NavierStokes/GlobalStressSupport.lean,374,NavierStokes.GlobalStressSupport.thetaDensity_integrableOn,C (via thetaDensity),"IntegrableOn (fun R => SlowResidualMatching.thetaDensity h C (asSlowProfiles s) n (R, eta)) (Ioi 0)"
NavierStokes/GlobalStressSupport.lean,390,NavierStokes.GlobalStressSupport.thetaDensity_positive_integral_zero,C (via thetaDensity),"(∫ R in Ioi (0 : ℝ), SlowResidualMatching.thetaDensity h C (asSlowProfiles s) n (R, eta)) = 0"
NavierStokes/GlobalStressSupport.lean,408,NavierStokes.GlobalStressSupport.raw_stresses_exterior,C (via thetaDensity),Exterior s.B S (SlowStressSupport.stress 2 (SlowResidualMatching.thetaDensity h C (asSlowProfiles s) n)) ∧ Exterior s.B S (SlowStressSupport.stress 1 (SlowResid
NavierStokes/HarmonicCalculus.lean,645,NavierStokes.HarmonicCalculus.carrier_eq_slot_harmonic,k (via carrier),carrier (k * (j : ℝ)) (PhaseCalculus.phase ε p pz x₀ F G) = PhaseCalculus.harmonic k j ε p pz x₀ F G
NavierStokes/HarmonicCalculus.lean,645,NavierStokes.HarmonicCalculus.carrier_eq_slot_harmonic,ε (via phase),carrier (k * (j : ℝ)) (PhaseCalculus.phase ε p pz x₀ F G) = PhaseCalculus.harmonic k j ε p pz x₀ F G
NavierStokes/HarmonicCalculus.lean,657,NavierStokes.HarmonicCalculus.phaseNormal_eq_slot_normal,ε (via phase),phaseNormal (fun y : PhaseCalculus.Slot => y.1.1) (fun _ => PhaseCalculus.eR) (fun _ => PhaseCalculus.eTheta) (fun _ => ε • PhaseCalculus.eZ) (PhaseCalculus.pha
NavierStokes/HarmonicFields.lean,442,NavierStokes.HarmonicFields.character_eq_carrier,k (via carrier),character j (k * Φ x) = HarmonicCalculus.carrier (k * (j : ℝ)) Φ x
NavierStokes/HarmonicFields.lean,494,NavierStokes.HarmonicFields.wave_differentiate_expansion,k (via carrier),"wave (differentiate V k Φ c) k Φ x = ∑ j ∈ c.support, derivativeCoefficient V k Φ j (c j) x * HarmonicCalculus.carrier (k * (j : ℝ)) Φ x"
NavierStokes/HarmonicMeanInteraction.lean,99,NavierStokes.HarmonicMeanInteraction.transport_constant_left,k (via radius),HarmonicResidual.transport g k Φ kp (HarmonicResidual.constantVector m) a i j x = m x 0 * derivativeCoefficient g.radial k Φ j (a i j) x + (m x 1 / (g.radius x 
NavierStokes/HarmonicMeanInteraction.lean,109,NavierStokes.HarmonicMeanInteraction.transport_constant_right,k (via radius),HarmonicResidual.transport g k Φ kp a (HarmonicResidual.constantVector m) i j x = a 0 j x * along g.radial (fun y => m y i) x + (a 1 j x / (g.radius x : ℂ)) * a
NavierStokes/HarmonicMeanInteraction.lean,585,NavierStokes.HarmonicMeanInteraction.crossCoefficients_field,k (via radius),HarmonicResidual.vectorField (crossCoefficients g k Φ kp m a) k Φ kp x = LinearWaveResidual.transport (fun y => g.radius y.1) (HarmonicResidual.liftDirection g.
NavierStokes/HarmonicResidual.lean,235,NavierStokes.HarmonicResidual.field_scalarLaplacian,k (via radius),field (scalarLaplacian g k Φ kp c) k Φ kp p = cylindricalLaplacian (fun q => g.radius q.1) (liftDirection g.radial) angularDirection (liftDirection g.axial) (fi
NavierStokes/HarmonicResidual.lean,249,NavierStokes.HarmonicResidual.field_vectorLaplacian,k (via radius),vectorField (vectorLaplacian g k Φ kp a) k Φ kp p = cylindricalVectorLaplacian (fun q => g.radius q.1) (liftDirection g.radial) angularDirection (liftDirection 
NavierStokes/HarmonicResidual.lean,270,NavierStokes.HarmonicResidual.field_transport,k (via radius),vectorField (transport g k Φ kp a b) k Φ kp p = LinearWaveResidual.transport (fun q => g.radius q.1) (liftDirection g.radial) angularDirection (liftDirection g.
NavierStokes/HarmonicResidual.lean,289,NavierStokes.HarmonicResidual.field_gradient,k (via radius),vectorField (gradient g k Φ kp c) k Φ kp p = LinearWaveResidual.gradient (fun q => g.radius q.1) (liftDirection g.radial) angularDirection (liftDirection g.axia
NavierStokes/HarmonicResidual.lean,301,NavierStokes.HarmonicResidual.field_linearResidual,k (via radius),vectorField (linearResidual g k Φ kp B a c) k Φ kp p = LinearWaveResidual.linearResidual g.viscosity (fun q => g.radius q.1) (liftDirection g.radial) angularDir
NavierStokes/HarmonicResidual.lean,324,NavierStokes.HarmonicResidual.field_nonlinearResidual,k (via radius),vectorField (nonlinearResidual g k Φ kp B a c) k Φ kp p = LinearWaveResidual.linearResidual g.viscosity (fun q => g.radius q.1) (liftDirection g.radial) angular
NavierStokes/HarmonicWaveInteraction.lean,917,NavierStokes.HarmonicWaveInteraction.field_divergenceCoefficients,k (via radius),field (divergenceCoefficients g k Φ kp a) k Φ kp p = cylindricalDivergence (fun y => g.radius y.1) (HarmonicResidual.liftDirection g.radial) HarmonicResidual.an
NavierStokes/HeatProfileExtension.lean,206,NavierStokes.HeatProfileExtension.iteratedDeriv_scaledProfile,X (via scaledProfile),iteratedDeriv n (scaledProfile a X) ν = (2 / X) ^ n * iteratedDeriv n (extension a) (2 * ν / X)
NavierStokes/HeatSwitchCone.lean,262,NavierStokes.HeatSwitchCone.controls_norm,XR (via controls),‖controls F w eta‖ ≤ max (Real.exp (HeatTailEdit.switchStart F.data)) C / OutgoingDilation.switchRadius F XR
NavierStokes/HeatSwitchCone.lean,554,NavierStokes.HeatSwitchCone.logE_parameter_derivative,XR (via controls),"derivWithin (fun eta => logE F XR w.coefficients (p.1, eta)) HeatedOutgoing.parameterDomain p.2 = parameterJet (freeE F) (controls F w p.2, p)"
NavierStokes/HeatSwitchCone.lean,563,NavierStokes.HeatSwitchCone.logI_parameter_derivative,XR (via controls),"derivWithin (fun eta => logI F XR w.coefficients (p.1, eta)) HeatedOutgoing.parameterDomain p.2 = parameterJet (freeI F) (controls F w p.2, p)"
NavierStokes/HeatSwitchCone.lean,572,NavierStokes.HeatSwitchCone.logS_parameter_derivative,XR (via controls),"derivWithin (fun eta => logS F XR w.coefficients (p.1, eta)) HeatedOutgoing.parameterDomain p.2 = parameterJet (freeS F) (controls F w p.2, p)"
NavierStokes/HeatSwitchCone.lean,581,NavierStokes.HeatSwitchCone.logPi_parameter_derivative,XR (via controls),"derivWithin (fun eta => logPi F XR w.coefficients (p.1, eta)) HeatedOutgoing.parameterDomain p.2 = parameterJet (freePi F) (controls F w p.2, p)"
NavierStokes/HeatSwitchCone.lean,590,NavierStokes.HeatSwitchCone.logE_radial_derivative,XR (via controls),"deriv (fun y => logE F XR w.coefficients (y, p.2)) p.1 = radialJet (freeE F) (controls F w p.2, p)"
NavierStokes/HeatSwitchCone.lean,726,NavierStokes.HeatSwitchCone.logPi_eq_canonical,XR (via Pi),"logPi F XR w.coefficients p = HeatedOutgoing.Pi F XR w.coefficients (XR * Real.exp p.1, p.2)"
NavierStokes/HeatSwitchCone.lean,805,NavierStokes.HeatSwitchCone.Qs_eq_family,XR (via controls),"Qs F XR w.coefficients p = familyQ F (controls F w p.2, p)"
NavierStokes/HeatSwitchCone.lean,823,NavierStokes.HeatSwitchCone.Ns_eq_family,XR (via controls),"Ns F XR w.coefficients p = familyN F (controls F w p.2, p)"
NavierStokes/HeatSwitchCone.lean,831,NavierStokes.HeatSwitchCone.radialA_eq_family,XR (via controls),"radialA F XR w.coefficients p = familyA F (controls F w p.2, p)"
NavierStokes/HeatSwitchCone.lean,845,NavierStokes.HeatSwitchCone.normalized_eq_family,XR (via controls),"radialB F XR w.coefficients p = familyB F (controls F w p.2, p) ∧ ratio F XR w.coefficients p = familyR F (controls F w p.2, p) ∧ sourceC F XR w.coefficients p "
NavierStokes/HeatSwitchCone.lean,887,NavierStokes.HeatSwitchCone.actualObservations_eq,XR (via controls),"actualObservations F XR w.coefficients p = observations F (controls F w p.2, p)"
NavierStokes/HeatSwitchCone.lean,1215,NavierStokes.HeatSwitchCone.changeRow_after_switch,X (via heatRow),HeatedOutgoing.changeRow F XR c eta i X = HeatedOutgoing.heatRow F XR eta i X
NavierStokes/HeatSwitchCone.lean,1215,NavierStokes.HeatSwitchCone.changeRow_after_switch,X (via changeRow),HeatedOutgoing.changeRow F XR c eta i X = HeatedOutgoing.heatRow F XR eta i X
NavierStokes/HeatSwitchCone.lean,1229,NavierStokes.HeatSwitchCone.changeRow_prefix_eq_neg_future_heat,X (via heatRow),"(∫ t in Ioc 0 X, HeatedOutgoing.changeRow F XR w.coefficients eta i t) = -(∫ t in Ioi X, HeatedOutgoing.heatRow F XR eta i t)"
NavierStokes/HeatSwitchCone.lean,1229,NavierStokes.HeatSwitchCone.changeRow_prefix_eq_neg_future_heat,X (via changeRow),"(∫ t in Ioc 0 X, HeatedOutgoing.changeRow F XR w.coefficients eta i t) = -(∫ t in Ioi X, HeatedOutgoing.heatRow F XR eta i t)"
NavierStokes/HeatTailEdit.lean,41,NavierStokes.HeatTailEdit.switch_bounds,K (via switch),0 ≤ switch K X ∧ switch K X ≤ 1
NavierStokes/HeatTailEdit.lean,50,NavierStokes.HeatTailEdit.switch_one,K (via switch),switch K X = 1
NavierStokes/HeatTailEdit.lean,397,NavierStokes.HeatTailEdit.outgoingProfile_pos,K (via outgoingProfile),0 < outgoingProfile d K eta X
NavierStokes/HeatTailHistoryLimits.lean,310,NavierStokes.HeatTailHistoryLimits.canonicalKernel_eq_kernel,X (via canonicalKernel),HeatedOutgoing.canonicalKernel F XR c η X = amplitude F XR ^ 2 * (X ^ (-(2 + 2 * F.data.h)) + tailKernel true F.data.h (2 + 2 * F.data.h) 0 (ParametricHeatTail.
NavierStokes/HeatTailHistoryLimits.lean,372,NavierStokes.HeatTailHistoryLimits.energyHistory_eq_square_future,XR (via E),"energyHistory F XR w.coefficients η X = (1/2 : ℝ) * ∫ u in Ioi X, HeatedOutgoing.E F XR w.coefficients (u,η)^2"
NavierStokes/HeatTailHistoryLimits.lean,434,NavierStokes.HeatTailHistoryLimits.energyHistory_formula,C (via amplitude),energyHistory F XR w.coefficients η X = (amplitude F XR ^ 2 / 2) * (powerTail (1 + 2 * F.data.h) X + etaTail true F.data.h (1 + 2 * F.data.h) X η)
NavierStokes/HeatTailHistoryLimits.lean,481,NavierStokes.HeatTailHistoryLimits.energyHistory_hasDerivAt,C (via amplitude),HasDerivAt (fun t => energyHistory F XR w.coefficients t X) ((amplitude F XR ^ 2 / 2) * deriv (etaTail true F.data.h (1 + 2 * F.data.h) X) η) η
NavierStokes/HeatTailHistoryLimits.lean,661,NavierStokes.HeatTailHistoryLimits.H_hasDerivAt,X (via factorSlope),"HasDerivAt (fun u => HeatedOutgoing.H F XR c (u,η)) (angularAmplitude F XR * X ^ (-F.data.h - 1) * factorSlope F.data.h η X) X"
NavierStokes/HeatTailHistoryLimits.lean,709,NavierStokes.HeatTailHistoryLimits.actual_history_limits,XR (via Pi),Tendsto (fun X => angularHistory F XR w.coefficients η X - powerHistory F XR X) atTop (𝓝 0) ∧ Tendsto (fun X => deriv (fun t => angularHistory F XR w.coefficien
NavierStokes/HeatedOutgoing.lean,390,NavierStokes.HeatedOutgoing.kernel_decomposition,X (via canonicalKernel),canonicalKernel F XR c eta X = OutgoingDilation.canonicalKernel F XR eta X + changeRow F XR c eta 0 X
NavierStokes/HeatedOutgoing.lean,390,NavierStokes.HeatedOutgoing.kernel_decomposition,X (via changeRow),canonicalKernel F XR c eta X = OutgoingDilation.canonicalKernel F XR eta X + changeRow F XR c eta 0 X
NavierStokes/HeatedOutgoing.lean,396,NavierStokes.HeatedOutgoing.energy_decomposition,X (via changeRow),energyDensity F XR c eta X = OutgoingDilation.energyDensity F XR eta X - changeRow F XR c eta 1 X / 2
NavierStokes/HeatedOutgoing.lean,403,NavierStokes.HeatedOutgoing.renormalized_decomposition,X (via changeRow),"H F XR c (X, eta) - OutgoingDilation.powerH F XR X = (OutgoingDilation.H F XR (X, eta) - OutgoingDilation.powerH F XR X) + changeRow F XR c eta 2 X"
NavierStokes/HeatedOutgoing.lean,595,NavierStokes.HeatedOutgoing.freeLogE_eq,XR (via E),"freeLogE F XR ((c eta, eta), y) = E F XR c (Real.exp y, eta)"
NavierStokes/HeatedOutgoing.lean,634,NavierStokes.HeatedOutgoing.canonicalKernel_comp_exp,XR (via E),"|Real.exp y| • canonicalKernel F XR c eta (Real.exp y) = E F XR c (Real.exp y, eta) ^ 2"
NavierStokes/HeatedOutgoing.lean,639,NavierStokes.HeatedOutgoing.Pi_exp,XR (via Pi),"Pi F XR c (Real.exp y, eta) = -(1 / 2 : ℝ) * ∫ t in Ioi y, E F XR c (Real.exp t, eta) ^ 2"
NavierStokes/HeatedOutgoing.lean,639,NavierStokes.HeatedOutgoing.Pi_exp,XR (via E),"Pi F XR c (Real.exp y, eta) = -(1 / 2 : ℝ) * ∫ t in Ioi y, E F XR c (Real.exp t, eta) ^ 2"
NavierStokes/InitialDyadicSource.lean,114,NavierStokes.InitialDyadicSource.flat_curlRemainder,K (via curlRemainder),FlatAt (curlRemainder K R Vr Vθ Vz a) x
NavierStokes/IntegratedMeanBalances.lean,674,NavierStokes.IntegratedMeanBalances.integrated_axial_balance,ε (via pressure),"radialMoment 1 (axialBalance ε γ radialFlux axialFlux pressure virtualFlux) p = ε * fderiv ℝ (radialMoment 1 (fun x => axialFlux x + pressure x)) p (0, 1)"
NavierStokes/IntegratedMeanBalances.lean,735,NavierStokes.IntegratedMeanBalances.integrated_axial_reconstructed,ε (via pressure),radialMoment 1 (axialBalance ε γ radialFlux axialFlux pressure virtualFlux) p = ε * fderiv ℝ (fun q => axialDefect axialFlux gr q + pressureCoefficient ρ q * pr
NavierStokes/IntegratedMeanBalances.lean,810,NavierStokes.IntegratedMeanBalances.axialBalance_supported,ε (via pressure),RadialAlias.RadiallySupported a b (axialBalance ε γ radialFlux axialFlux pressure virtualFlux)
NavierStokes/IntegratedMeanBalances.lean,843,NavierStokes.IntegratedMeanBalances.integrated_axial_positive,ε (via pressure),"(∫ r in Ioi (0 : ℝ), r * axialBalance ε γ radialFlux axialFlux pressure virtualFlux (r, p)) = ε * fderiv ℝ (fun q => axialDefect axialFlux gr q + pressureCoeffi"
NavierStokes/LeadingStressWeights.lean,559,NavierStokes.LeadingStressWeights.shearSize_eq,a (via shearSize),ActivationContinuation.shearSize a b = a + b ^ 2 / a
NavierStokes/LinearWaveResidual.lean,255,NavierStokes.LinearWaveResidual.materialPhaseDefect_slot,ε (via phase),materialPhaseDefect (fun y : PhaseCalculus.Slot => y.1.1) (fun y => b y.1) (fun y => F y.1) (fun y => G y.1) (fun _ => PhaseCalculus.eR) (fun _ => PhaseCalculus
NavierStokes/LocalHeatFormula.lean,69,NavierStokes.LocalHeatFormula.amplitude_formula,C (via amplitude),amplitude C h τ r = r ^ (-1 - 2 * h) * exteriorProfile C h (τ / r ^ 2)
NavierStokes/LocalHeatFormula.lean,82,NavierStokes.LocalHeatFormula.amplitude_heat_equation,C (via amplitude),-deriv (fun τ => amplitude C h τ r) τ = iteratedDeriv 2 (amplitude C h τ) r + deriv (amplitude C h τ) r / r - amplitude C h τ r / r ^ 2
NavierStokes/LocalHeatFormula.lean,95,NavierStokes.LocalHeatFormula.amplitude_eq_heatAmplitude,C (via amplitude),amplitude C h (1 - t) r = TerminalStress.heatAmplitude C (1 + h) t r
NavierStokes/LocalHeatFormula.lean,98,NavierStokes.LocalHeatFormula.heatCoefficient_radius,C (via amplitude),BaseExterior.heatCoefficient C h (TerminalStress.radiusPoint t r z) = amplitude C h (1 - t) r / r
NavierStokes/LocalHeatFormula.lean,106,NavierStokes.LocalHeatFormula.heatVelocity_formula,C (via amplitude),BaseExterior.heatVelocity C h w = (amplitude C h (1 - w.1) (Real.sqrt (2 * AxisymmetricFields.radialEnergy w.2)) / Real.sqrt (2 * AxisymmetricFields.radialEnerg
NavierStokes/LocalHeatFormula.lean,117,NavierStokes.LocalHeatFormula.heatVelocity_eq_angularField,C (via amplitude),BaseExterior.heatVelocity C h w = DirectAngularDiagonal.angularField (fun p => amplitude C h (1 - p.1) p.2.1) w
NavierStokes/LocalHeatFormula.lean,117,NavierStokes.LocalHeatFormula.heatVelocity_eq_angularField,C (via angularField),BaseExterior.heatVelocity C h w = DirectAngularDiagonal.angularField (fun p => amplitude C h (1 - p.1) p.2.1) w
NavierStokes/LocalHeatFormula.lean,128,NavierStokes.LocalHeatFormula.pressure_radius_integral,C (via amplitude),"BaseExterior.heatPressure C h (TerminalStress.radiusPoint (1 - τ) r z) = -(∫ ρ in Ioi r, amplitude C h τ ρ ^ 2 / ρ)"
NavierStokes/LocalHeatFormula.lean,134,NavierStokes.LocalHeatFormula.pressure_integrand_integrable,C (via amplitude),MeasureTheory.IntegrableOn (fun ρ => amplitude C h τ ρ ^ 2 / ρ) (Ioi r)
NavierStokes/LoopMoments.lean,181,NavierStokes.LoopMoments.rephased_moments,v (via phaseDensity),"(∑ i ∈ s, w i * phaseDensity a v (t i) = 1) ∧ avg s (fun i => w i * phaseDensity a v (t i)) (fun i => loopA v (t i)) = a ∧ avg s (fun i => w i * phaseDensity a "
NavierStokes/LoopMoments.lean,244,NavierStokes.LoopMoments.oneSidedPair_probability,p (via oneSidedPair),(oneSidedPair m p d V).IsProbability
NavierStokes/LoopMoments.lean,267,NavierStokes.LoopMoments.oneSidedPair_lower_projection,d (via oneSidedPair),p * ((oneSidedPair m p d V).leftValue - m) = -d
NavierStokes/LoopMoments.lean,272,NavierStokes.LoopMoments.oneSidedPair_upper_projection,d/p (via oneSidedPair),p * ((oneSidedPair m p d V).rightValue - m) = V * p ^ 2 / d
NavierStokes/LoopVariance.lean,618,NavierStokes.LoopVariance.solveScale_mul,d (via solveScale),solveScale d p r * p = inverseRoot (p * (r / d))
NavierStokes/LoopVariance.lean,675,NavierStokes.LoopVariance.solveScale_joint_contDiff,d (via solveScale),ContDiff ℝ ω (fun x : ℝ × ℝ => solveScale d x.1 x.2)
NavierStokes/MatchingConeBounds.lean,566,NavierStokes.MatchingConeBounds.shapeValue_hasDerivAt_x,T (via logarithmicSlope),"HasDerivAt (fun s => shapeValue C T li s eta) (shapeValue C T li X eta * (ShapeTransition.logarithmicSlope T li (Real.log (X / NominalProfile.Xi), eta) - 1) / X"
NavierStokes/MatchingDebtBounds.lean,393,NavierStokes.MatchingDebtBounds.vanishing_le_sum,C (via vanishingDebtBound),ShapeTransition.vanishingDebtBound n B K L BG KA (ShapeTransition.separation T C P) C ≤ vanishingSum N B K L BG KA T P C
NavierStokes/MeanRankUpdate.lean,51,NavierStokes.MeanRankUpdate.scaleField_smooth,ell (via scaleField),ContDiff ℝ ∞ (scaleField ell U f)
NavierStokes/MeanRankUpdate.lean,978,NavierStokes.MeanRankUpdate.normalizedStrip_weight_margin,a (via zeta),"ℝ, 0 < δ ∧ ∀ p ∈ (normalizedStripData coord qlo qhi rlo rhi cL cR hc hc1 hrlo hcL hcR ε S hε hεone hS).domain, p ∈ supportBand a b qlo qhi → δ ≤ (normalizedStri"
NavierStokes/MovingFrameODE.lean,762,NavierStokes.MovingFrameODE.modal_errors_le,h (via modal11),|modal11 a b c h rate| ≤ (1 + 2 * H) * δ + κ ∧ |modal12 a b c h rate| ≤ (1 + 2 * H) * δ + κ ∧ |modal21 a b c h rate| ≤ (1 + 2 * H) * δ + κ ∧ |modal22 a b c h ra
NavierStokes/MovingFrameODE.lean,762,NavierStokes.MovingFrameODE.modal_errors_le,h (via modal12),|modal11 a b c h rate| ≤ (1 + 2 * H) * δ + κ ∧ |modal12 a b c h rate| ≤ (1 + 2 * H) * δ + κ ∧ |modal21 a b c h rate| ≤ (1 + 2 * H) * δ + κ ∧ |modal22 a b c h ra
NavierStokes/MovingFrameODE.lean,762,NavierStokes.MovingFrameODE.modal_errors_le,h (via modal21),|modal11 a b c h rate| ≤ (1 + 2 * H) * δ + κ ∧ |modal12 a b c h rate| ≤ (1 + 2 * H) * δ + κ ∧ |modal21 a b c h rate| ≤ (1 + 2 * H) * δ + κ ∧ |modal22 a b c h ra
NavierStokes/MovingFrameODE.lean,762,NavierStokes.MovingFrameODE.modal_errors_le,h (via modal22),|modal11 a b c h rate| ≤ (1 + 2 * H) * δ + κ ∧ |modal12 a b c h rate| ≤ (1 + 2 * H) * δ + κ ∧ |modal21 a b c h rate| ≤ (1 + 2 * H) * δ + κ ∧ |modal22 a b c h ra
NavierStokes/NaturalAxisBridge.lean,122,NavierStokes.NaturalAxisBridge.profile_radiallyConstant,ε (via weight),"AxisEvaluation.profile I ε A (Y, η) = coefficient I (weight ε) A 0 η"
NavierStokes/NaturalAxisBridge.lean,122,NavierStokes.NaturalAxisBridge.profile_radiallyConstant,ε (via coefficient),"AxisEvaluation.profile I ε A (Y, η) = coefficient I (weight ε) A 0 η"
NavierStokes/NaturalAxisCoefficients.lean,257,NavierStokes.NaturalAxisCoefficients.coefficient_smul,ε (via weight),coefficient I (AxisWeightEstimates.weight ε) (c • a) n x = c * coefficient I (AxisWeightEstimates.weight ε) a n x
NavierStokes/NaturalAxisCoefficients.lean,257,NavierStokes.NaturalAxisCoefficients.coefficient_smul,ε (via coefficient),coefficient I (AxisWeightEstimates.weight ε) (c • a) n x = c * coefficient I (AxisWeightEstimates.weight ε) a n x
NavierStokes/NaturalAxisCoefficients.lean,510,NavierStokes.NaturalAxisCoefficients.AnalyticInputs.realAmplitude_hasDerivAt,C (via realAmplitude),HasDerivAt (realAmplitude h j σ Λ C) ((Λ * realGradient h j σ x) * realAmplitude h j σ Λ C x) x
NavierStokes/NaturalAxisJointAnalytic.lean,51,NavierStokes.NaturalEntrance.amplitude_analytic,C (via realAmplitude),AnalyticOnNhd ℝ (realAmplitude h j σ Λ C) (Ioo window.left window.right)
NavierStokes/NaturalAxisJointAnalytic.lean,63,NavierStokes.NaturalEntrance.pullback_analytic,Λ (via domain),AnalyticOnNhd ℝ (pullback Λ F) (domain Λ)
NavierStokes/NaturalAxisJointAnalytic.lean,70,NavierStokes.NaturalEntrance.affineProfile_analytic,Λ (via domain),AnalyticOnNhd ℝ (affineProfile b c Λ F) (domain Λ)
NavierStokes/NaturalAxisJointAnalytic.lean,78,NavierStokes.NaturalEntrance.angularProfile_analytic,Λ (via domain),AnalyticOnNhd ℝ (angularProfile a Λ Φ) (domain Λ)
NavierStokes/NaturalAxisJointAnalytic.lean,87,NavierStokes.NaturalEntrance.CoefficientProfile.natural_analytic,Λ (via domain),AnalyticOnNhd ℝ F.family.f (domain Λ) ∧ AnalyticOnNhd ℝ F.family.U (domain Λ) ∧ AnalyticOnNhd ℝ F.family.Ubar (domain Λ) ∧ AnalyticOnNhd ℝ F.family.Pi (domain Λ
NavierStokes/NaturalAxisJointAnalytic.lean,87,NavierStokes.NaturalEntrance.CoefficientProfile.natural_analytic,Λ (via U),AnalyticOnNhd ℝ F.family.f (domain Λ) ∧ AnalyticOnNhd ℝ F.family.U (domain Λ) ∧ AnalyticOnNhd ℝ F.family.Ubar (domain Λ) ∧ AnalyticOnNhd ℝ F.family.Pi (domain Λ
NavierStokes/NaturalAxisJointAnalytic.lean,87,NavierStokes.NaturalEntrance.CoefficientProfile.natural_analytic,Λ (via Ubar),AnalyticOnNhd ℝ F.family.f (domain Λ) ∧ AnalyticOnNhd ℝ F.family.U (domain Λ) ∧ AnalyticOnNhd ℝ F.family.Ubar (domain Λ) ∧ AnalyticOnNhd ℝ F.family.Pi (domain Λ
NavierStokes/NaturalAxisJointAnalytic.lean,87,NavierStokes.NaturalEntrance.CoefficientProfile.natural_analytic,Λ (via Pi),AnalyticOnNhd ℝ F.family.f (domain Λ) ∧ AnalyticOnNhd ℝ F.family.U (domain Λ) ∧ AnalyticOnNhd ℝ F.family.Ubar (domain Λ) ∧ AnalyticOnNhd ℝ F.family.Pi (domain Λ
NavierStokes/NaturalCoefficientBridge.lean,114,NavierStokes.NaturalCoefficientBridge.natural_angular_zero,Λ (via U),angularCoefficient h (naturalProfiles h C f U V P) 0 w = 0
NavierStokes/NaturalCoefficientBridge.lean,140,NavierStokes.NaturalCoefficientBridge.natural_axial_zero,Λ (via U),axialCoefficient h (naturalProfiles h C f U V P) 0 w = 0
NavierStokes/NaturalCoefficientBridge.lean,169,NavierStokes.NaturalCoefficientBridge.natural_average_eq,Λ (via U),V w = ProfileHistories.average U w
NavierStokes/NaturalCoefficientBridge.lean,183,NavierStokes.NaturalCoefficientBridge.naturalFlux_eq_radialFlux,Λ (via U),naturalFlux h U V w = SlowDivergence.radialFlux h 0 U w
NavierStokes/NaturalCoefficientBridge.lean,201,NavierStokes.NaturalCoefficientBridge.natural_pressure_zero,Λ (via U),pressureCoefficient h C (naturalProfiles h C f U V P) 0 w = 0
NavierStokes/NaturalCoefficientBridge.lean,265,NavierStokes.NaturalCoefficientBridge.initialCore_open,Λ (via initialCore),IsOpen (initialCore Λ)
NavierStokes/NaturalCoefficientBridge.lean,268,NavierStokes.NaturalCoefficientBridge.initialCore_subset_band,Λ (via initialBand),initialCore Λ ⊆ initialBand Λ
NavierStokes/NaturalCoefficientBridge.lean,268,NavierStokes.NaturalCoefficientBridge.initialCore_subset_band,Λ (via initialCore),initialCore Λ ⊆ initialBand Λ
NavierStokes/NaturalCore.lean,122,NavierStokes.NaturalCore.radial_segment_mem_domain,Λ (via domain),"(p.1 * r, p.2) ∈ NaturalProfile.domain Λ"
NavierStokes/NaturalCore.lean,166,NavierStokes.NaturalCore.radialPrimitive_contDiffOn,Λ (via domain),ContDiffOn ℝ ∞ (radialPrimitive f) (NaturalProfile.domain Λ)
NavierStokes/NaturalCore.lean,188,NavierStokes.NaturalCore.radial_interval_mem_domain,Λ (via domain),"(r, p.2) ∈ NaturalProfile.domain Λ"
NavierStokes/NaturalCore.lean,323,NavierStokes.NaturalCore.coreVelocity_axial,Λ (via U),"coreVelocity h f V (t, x) 2 = physicalQ h (profilePoint t x) ^ (-NaturalAxisData.A h) * U (similarityPoint h (profilePoint t x))"
NavierStokes/NaturalEntrance.lean,45,NavierStokes.NaturalEntrance.Sq_eq_radial,Λ (via U),Sq h f U V p = -2 * NaturalAxisData.L h p.2 * radialDifferential 2 f p / f p
NavierStokes/NaturalEntrance.lean,585,NavierStokes.NaturalEntrance.physical_mem_domain,Λ (via domain),"(X, η) ∈ domain Λ"
NavierStokes/NaturalEntrance.lean,779,NavierStokes.NaturalEntrance.ns_separated,Λ (via axialField),δ / 2 < |ns (axialField j Λ x) p|
NavierStokes/NaturalEntrance.lean,867,NavierStokes.NaturalEntrance.angularField_small,C (via angularField),100 * Λ * angularField h j σ Λ C x p ≤ δ
NavierStokes/NaturalEntrance.lean,949,NavierStokes.NaturalEntrance.CoefficientProfile.f_eq,C (via angularField),F.family.f = angularField h j σ Λ C F.coefficients
NavierStokes/NaturalEntrance.lean,954,NavierStokes.NaturalEntrance.CoefficientProfile.U_eq,Λ (via axialField),F.family.U = axialField j Λ F.coefficients
NavierStokes/NaturalEntrance.lean,954,NavierStokes.NaturalEntrance.CoefficientProfile.U_eq,Λ (via U),F.family.U = axialField j Λ F.coefficients
NavierStokes/NaturalEntrance.lean,959,NavierStokes.NaturalEntrance.CoefficientProfile.Ubar_eq,Λ (via averageField),F.family.Ubar = averageField j Λ d.coefficients.epsilon_pos F.coefficients
NavierStokes/NaturalEntrance.lean,959,NavierStokes.NaturalEntrance.CoefficientProfile.Ubar_eq,Λ (via Ubar),F.family.Ubar = averageField j Λ d.coefficients.epsilon_pos F.coefficients
NavierStokes/NaturalEntrance.lean,1291,NavierStokes.NaturalEntrance.Sn_eq_radial,Λ (via U),Sn h U V Pr p = -2 * NaturalAxisData.L h p.2 * radialDifferential 1 U p
NavierStokes/NaturalProfile.lean,37,NavierStokes.NaturalProfile.domain_isOpen,Λ (via domain),IsOpen (domain Λ)
NavierStokes/NaturalProfile.lean,40,NavierStokes.NaturalProfile.pullback_smooth,Λ (via domain),ContDiffOn ℝ ∞ (pullback Λ F) (domain Λ)
NavierStokes/NaturalProfile.lean,45,NavierStokes.NaturalProfile.affineProfile_smooth,Λ (via domain),ContDiffOn ℝ ∞ (affineProfile b c Λ F) (domain Λ)
NavierStokes/NaturalProfile.lean,52,NavierStokes.NaturalProfile.angularProfile_smooth,Λ (via domain),ContDiffOn ℝ ∞ (angularProfile a Λ Φ) (domain Λ)
NavierStokes/NaturalProfile.lean,241,NavierStokes.NaturalProfile.amplitude_smooth,C (via realAmplitude),ContDiffOn ℝ ∞ (realAmplitude h j σ Λ C) (Ioo window.left window.right)
NavierStokes/NaturalProfile.lean,265,NavierStokes.NaturalProfile.transportW_reconstruct,Λ (via U),transportW h (affineProfile (NaturalAxisData.U j) (1 / Λ) Λ B) p = reconstructedW (actualData h j σ P0) (1 / Λ) B (rescalePoint Λ p)
NavierStokes/NaturalProfile.lean,276,NavierStokes.NaturalProfile.transportH_reconstruct,Λ (via U),transportH h (affineProfile (NaturalAxisData.U j) (1 / Λ) Λ u) p = reconstructedH (actualData h j σ P0) (1 / Λ) u (rescalePoint Λ p)
NavierStokes/NominalProfile.lean,115,NavierStokes.NominalProfile.AxisStage.activation_initial,T (via activation),(A.activation δ hδ hδsmall).physicalF T κ w₁ w₂ p = A.natural.profile.family.f p ∧ (A.activation δ hδ hδsmall).physicalU T κ w₁ p = A.natural.profile.family.U p
NavierStokes/OscillatoryCurl.lean,118,NavierStokes.OscillatoryCurl.carrier_contDiff,k (via carrier),ContDiff ℝ ∞ (carrier k)
NavierStokes/OscillatoryCurl.lean,285,NavierStokes.OscillatoryCurl.strippedRemainder_jet_bound,k (via strippedRemainder),‖iteratedFDeriv ℝ m (strippedRemainder k B) z‖ ≤ (‖SpatialCurl.curlLinear.comp (ResidualStability.spaceRestriction Space)‖ / |k|) * ‖iteratedFDeriv ℝ (m + 1) B 
NavierStokes/OscillatoryCurl.lean,302,NavierStokes.OscillatoryCurl.strippedRemainder_finiteJetBound,k (via strippedRemainder),JetBounds.FiniteJetBound m (strippedRemainder k B) U ((‖SpatialCurl.curlLinear.comp (ResidualStability.spaceRestriction Space)‖ / |k|) * C)
NavierStokes/OutgoingDilation.lean,97,NavierStokes.OutgoingDilation.canonicalKernel_scaling,X (via canonicalKernel),canonicalKernel F XR eta X = XR⁻¹ * F.canonicalKernel eta (X / XR)
NavierStokes/OutgoingDilation.lean,139,NavierStokes.OutgoingDilation.positive,XR (via E),0 < E F XR p
NavierStokes/OutgoingDilation.lean,248,NavierStokes.OutgoingDilation.canonicalKernel_integral,X (via canonicalKernel),"(∫ u in Ioi X, canonicalKernel F XR eta u) = ∫ u in Ioi (X / XR), F.canonicalKernel eta u"
NavierStokes/OutgoingHistories.lean,1198,NavierStokes.OutgoingHistories.physicalM_eq_integral,XR (via U),"physicalM XR d Amp (y, eta) = ∫ t in Iic y, physicalX XR (t, eta) * U d Amp (t, eta)"
NavierStokes/OutgoingHistories.lean,1221,NavierStokes.OutgoingHistories.physicalJ_eq_integral,XR (via U),"physicalJ XR w Amp (y, eta) = ∫ t in Iic y, physicalX XR (t, eta) * (U d Amp (t, eta) * physicalH XR w (t, eta))"
NavierStokes/OutgoingHistories.lean,1236,NavierStokes.OutgoingHistories.physicalS_eq_integral,XR (via U),"physicalS XR w Amp (y, eta) = ∫ t in Iic y, physicalX XR (t, eta) * (U d Amp (t, eta) ^ 2 - E w (t, eta) ^ 2 / 2)"
NavierStokes/OutgoingHistories.lean,1236,NavierStokes.OutgoingHistories.physicalS_eq_integral,XR (via E),"physicalS XR w Amp (y, eta) = ∫ t in Iic y, physicalX XR (t, eta) * (U d Amp (t, eta) ^ 2 - E w (t, eta) ^ 2 / 2)"
NavierStokes/OutgoingPulseBounds.lean,890,NavierStokes.OutgoingPulseBounds.affineDebt_normalized_bound,A (via normalizedDebt),|normalizedDebt c (affineDebt c q A) i| ≤ (debtBound c.P c.m i / c.lam) * Real.exp (-(1 / (2 * c.lam))) * (|q| + |A|)
NavierStokes/OutgoingSchedule.lean,29,NavierStokes.OutgoingSchedule.sigma_denom_pos,x (via edge),0 < FlatCutoff.edge 1 x + FlatCutoff.edge 1 (1 - x)
NavierStokes/OutgoingSchedule.lean,210,NavierStokes.OutgoingSchedule.dropCoefficient_early,m (via dropCoefficient),dropCoefficient m y = 4
NavierStokes/OutgoingSchedule.lean,243,NavierStokes.OutgoingSchedule.dropCoefficient_bounds,m (via dropCoefficient),0 ≤ dropCoefficient m y ∧ dropCoefficient m y ≤ 4
NavierStokes/OutgoingTail.lean,23,NavierStokes.OutgoingTail.edge_derivative_nonneg,x (via edge),0 ≤ 2 * FlatCutoff.edge 1 x / x ^ 3
NavierStokes/ParametricHeatTail.lean,198,NavierStokes.ParametricHeatTail.correctionJet_zero,X (via multiplier),correctionJet h K 0 ν X = multiplier h ν K X - 1
NavierStokes/ParametricHeatTail.lean,299,NavierStokes.ParametricHeatTail.squareCorrectionJet_zero,X (via multiplier),squareCorrectionJet h K 0 ν X = multiplier h ν K X ^ 2 - 1
NavierStokes/ParametricHeatTail.lean,418,NavierStokes.ParametricHeatTail.weightedJet_bound,X (via weightedKernel),‖weightedJet W square h K q n ν X‖ ≤ (B * editBound square h L n) * weightedKernel K p q X
NavierStokes/ParametricHeatTail.lean,900,NavierStokes.ParametricHeatTail.multiplier_zero,X (via multiplier),multiplier h 0 K X = 1
NavierStokes/ParametricKernelBounds.lean,317,NavierStokes.ParametricKernelBounds.kernel_eq_raw,t (via kernel),kernel c j b y t = ((1 / 2 : ℝ) * Real.exp (-c * t)) * rawKernel j b y t
NavierStokes/ParametricKernelBounds.lean,324,NavierStokes.ParametricKernelBounds.kernel_iteratedFDeriv_bound_of_jetBounds,R (via kernel),"ℝ, ‖y‖ ≤ R → 0 ≤ t → ‖iteratedFDeriv ℝ n (fun z => kernel c j b z t) y‖ ≤ C * (1 + t) ^ N * Real.exp (-c * t)"
NavierStokes/ParametricTerminalCompensation.lean,250,NavierStokes.ParametricTerminalCompensation.radiusRatio_derivWithin,q (via radiusRatioCLM),derivWithin (fun θ => radiusRatioCLM q (v θ)) S η = radiusRatioCLM q (derivWithin v S η)
NavierStokes/ParametricTerminalCompensation.lean,441,NavierStokes.ParametricTerminalCompensation.physicalDebt_eq_actual,K (via outgoingProfile),"physicalDebt T K η = ![HeatTailEdit.pressureDebt (HeatTailEdit.outgoingProfile T K η) T.h (1 - η ^ 2) K, HeatTailEdit.energyDebt (HeatTailEdit.outgoingProfile T"
NavierStokes/PartitionedCovariance.lean,161,NavierStokes.PartitionedCovariance.cosine_actual_phase,ε (via phase),"Real.cos (k * PhaseCalculus.phase ε p pz x0 F G (s, θ, v Y)) = Real.cos ((mode : ℝ) * θ + k * ((pz / ε) * s.2.1 + x0 * s.1 - v Y * (p * F s + pz * G s)))"
NavierStokes/PartitionedCovariance.lean,1022,NavierStokes.PartitionedCovariance.cosine_rounded_phase,ε (via roundedPhaseRemainder),"Real.cos (k * PhaseCalculus.phase ε (PhaseEstimates.roundedFrequency k target) pz x0 F G (s, θ, v Y)) = Real.cos ((PhaseEstimates.nonzeroRound (k * target) : ℝ)"
NavierStokes/PartitionedCovariance.lean,1022,NavierStokes.PartitionedCovariance.cosine_rounded_phase,ε (via phase),"Real.cos (k * PhaseCalculus.phase ε (PhaseEstimates.roundedFrequency k target) pz x0 F G (s, θ, v Y)) = Real.cos ((PhaseEstimates.nonzeroRound (k * target) : ℝ)"
NavierStokes/PartitionedCovariance.lean,1030,NavierStokes.PartitionedCovariance.rounded_phase_cos_sq_mean,ε (via phase),"SmoothLoop.angularMean (fun θ => Real.cos (k * PhaseCalculus.phase ε (PhaseEstimates.roundedFrequency k target) pz x0 F G (s, θ, v Y)) ^ 2) = 1 / 2"
NavierStokes/PeriodicPhaseAssembly.lean,28,NavierStokes.PeriodicPhaseAssembly.intervalCutoff_contDiff,d (via intervalCutoff),ContDiff ℝ ∞ (intervalCutoff a b d)
NavierStokes/PeriodicPhaseAssembly.lean,363,NavierStokes.PeriodicPhaseAssembly.carrier_periodic,K (via phase),"HarmonicCalculus.carrier K (angularLift (phase g χ A B) angular) ((p, θ), Y + latticePoint n) = HarmonicCalculus.carrier K (angularLift (phase g χ A B) angular)"
NavierStokes/PeriodicPhaseAssembly.lean,370,NavierStokes.PeriodicPhaseAssembly.fullMode_periodic,K (via phase),"HarmonicCalculus.mode K (angularLift (phase g χ A B) angular) a ((p, θ), Y + latticePoint n) = HarmonicCalculus.mode K (angularLift (phase g χ A B) angular) a ("
NavierStokes/PeriodicPhaseAssembly.lean,422,NavierStokes.PeriodicPhaseAssembly.profilePhase_eq_literal,ε (via phase),"angularLift (profilePhase g χ ε p pz x0 F G) p x = PhaseCalculus.phase ε p pz x0 (fun s => F (s.1, (s.2.2, s.2.1))) (fun s => G (s.1, (s.2.2, s.2.1))) (slowSwap"
NavierStokes/PeriodicPhaseAssembly.lean,431,NavierStokes.PeriodicPhaseAssembly.profilePhase_germ,ε (via phase),"angularLift (profilePhase g w.cutoff ε p pz x0 F G) p =ᶠ[𝓝 x] (fun y => PhaseCalculus.phase ε p pz x0 (fun s => F (s.1, (s.2.2, s.2.1))) (fun s => G (s.1, (s.2."
NavierStokes/PeriodicPhaseAssembly.lean,431,NavierStokes.PeriodicPhaseAssembly.profilePhase_germ,ε (via coordinates),"angularLift (profilePhase g w.cutoff ε p pz x0 F G) p =ᶠ[𝓝 x] (fun y => PhaseCalculus.phase ε p pz x0 (fun s => F (s.1, (s.2.2, s.2.1))) (fun s => G (s.1, (s.2."
NavierStokes/PeriodicPhaseAssembly.lean,446,NavierStokes.PeriodicPhaseAssembly.profilePhase_jets,ε (via phase),"iteratedFDeriv ℝ m (angularLift (profilePhase g w.cutoff ε p pz x0 F G) p) x = iteratedFDeriv ℝ m (fun y => PhaseCalculus.phase ε p pz x0 (fun s => F (s.1, (s.2"
NavierStokes/PeriodicPhaseAssembly.lean,446,NavierStokes.PeriodicPhaseAssembly.profilePhase_jets,ε (via coordinates),"iteratedFDeriv ℝ m (angularLift (profilePhase g w.cutoff ε p pz x0 F G) p) x = iteratedFDeriv ℝ m (fun y => PhaseCalculus.phase ε p pz x0 (fun s => F (s.1, (s.2"
NavierStokes/PeriodicPhaseAssembly.lean,491,NavierStokes.PeriodicPhaseAssembly.transportPhase_contDiff,K (via transportPhase),ContDiff ℝ ∞ (transportPhase Φ φ gap K Kr)
NavierStokes/PeriodicPhaseAssembly.lean,498,NavierStokes.PeriodicPhaseAssembly.transportPhase_periodic,K (via transportPhase),"transportPhase Φ φ gap K Kr (p, Y + latticePoint k) = transportPhase Φ φ gap K Kr (p, Y)"
NavierStokes/PeriodicPhaseAssembly.lean,507,NavierStokes.PeriodicPhaseAssembly.transportPhase_eq_refined,K (via transportPhase),transportPhase (phase g χ A B) φ gap K Kr = phase (CopySolveCompatibility.refineGeometry g gap) χ (fun p => (Kr / K) * A (φ p)) (fun p => (Kr / K) * B (φ p))
NavierStokes/PeriodicPhaseAssembly.lean,507,NavierStokes.PeriodicPhaseAssembly.transportPhase_eq_refined,K (via phase),transportPhase (phase g χ A B) φ gap K Kr = phase (CopySolveCompatibility.refineGeometry g gap) χ (fun p => (Kr / K) * A (φ p)) (fun p => (Kr / K) * B (φ p))
NavierStokes/PeriodicPhaseAssembly.lean,519,NavierStokes.PeriodicPhaseAssembly.transportPhase_eq_scaled_clock,K (via transportPhase),transportPhase (phase g χ A B) φ gap K Kr = phase (CopySolveCompatibility.transportGeometry g gap 0 rate hrate) (χ ∘ CopySolveCompatibility.nativeTimeMap 0 rate
NavierStokes/PeriodicPhaseAssembly.lean,519,NavierStokes.PeriodicPhaseAssembly.transportPhase_eq_scaled_clock,K (via phase),transportPhase (phase g χ A B) φ gap K Kr = phase (CopySolveCompatibility.transportGeometry g gap 0 rate hrate) (χ ∘ CopySolveCompatibility.nativeTimeMap 0 rate
NavierStokes/PeriodicPhaseAssembly.lean,534,NavierStokes.PeriodicPhaseAssembly.transportPhase_native_germ,K (via transportPhase),transportPhase (phase g w.cutoff A B) φ gap K Kr =ᶠ[𝓝 z] nativePhase (CopySolveCompatibility.transportGeometry g gap shift rate hrate) (fun p => (Kr / K) * (A (
NavierStokes/PeriodicPhaseAssembly.lean,534,NavierStokes.PeriodicPhaseAssembly.transportPhase_native_germ,K (via phase),transportPhase (phase g w.cutoff A B) φ gap K Kr =ᶠ[𝓝 z] nativePhase (CopySolveCompatibility.transportGeometry g gap shift rate hrate) (fun p => (Kr / K) * (A (
NavierStokes/PeriodicPhaseAssembly.lean,534,NavierStokes.PeriodicPhaseAssembly.transportPhase_native_germ,K (via nativePhase),transportPhase (phase g w.cutoff A B) φ gap K Kr =ᶠ[𝓝 z] nativePhase (CopySolveCompatibility.transportGeometry g gap shift rate hrate) (fun p => (Kr / K) * (A (
NavierStokes/PeriodicPhaseAssembly.lean,566,NavierStokes.PeriodicPhaseAssembly.transportPhase_native_jets,K (via transportPhase),iteratedFDeriv ℝ m (transportPhase (phase g w.cutoff A B) φ gap K Kr) z = iteratedFDeriv ℝ m (nativePhase (CopySolveCompatibility.transportGeometry g gap shift 
NavierStokes/PeriodicPhaseAssembly.lean,566,NavierStokes.PeriodicPhaseAssembly.transportPhase_native_jets,K (via phase),iteratedFDeriv ℝ m (transportPhase (phase g w.cutoff A B) φ gap K Kr) z = iteratedFDeriv ℝ m (nativePhase (CopySolveCompatibility.transportGeometry g gap shift 
NavierStokes/PeriodicPhaseAssembly.lean,566,NavierStokes.PeriodicPhaseAssembly.transportPhase_native_jets,K (via nativePhase),iteratedFDeriv ℝ m (transportPhase (phase g w.cutoff A B) φ gap K Kr) z = iteratedFDeriv ℝ m (nativePhase (CopySolveCompatibility.transportGeometry g gap shift 
NavierStokes/PeriodicPhaseAssembly.lean,721,NavierStokes.PeriodicPhaseAssembly.transportPhase_contDiffOn,K (via transportPhase),ContDiffOn ℝ ∞ (transportPhase Φ φ gap K Kr) (V ×ˢ univ)
NavierStokes/PeriodicPhaseAssembly.lean,733,NavierStokes.PeriodicPhaseAssembly.transportPhase_path,K (via transportPhase),"transportPhase (phase g w.cutoff A B) φ gap K Kr (p, (CopySolveCompatibility.transportGeometry g gap shift rate hrate).path copy Y t) = (Kr / K) * (A (φ p) - (s"
NavierStokes/PeriodicPhaseAssembly.lean,733,NavierStokes.PeriodicPhaseAssembly.transportPhase_path,K (via phase),"transportPhase (phase g w.cutoff A B) φ gap K Kr (p, (CopySolveCompatibility.transportGeometry g gap shift rate hrate).path copy Y t) = (Kr / K) * (A (φ p) - (s"
NavierStokes/PeriodizedWaveBounds.lean,662,NavierStokes.PeriodizedWaveBounds.curlCorrection_germ,K (via curlRemainder),curlRemainder K R Vr Vθ Vz (coefficient R Vr Vθ Vz Φ a) =ᶠ[𝓝 x] curlRemainder K R Vr Vθ Vz (coefficient R Vr Vθ Vz Φ b)
NavierStokes/PeriodizedWaveBounds.lean,701,NavierStokes.PeriodizedWaveBounds.curlRemainder_zero,K (via curlRemainder),curlRemainder K R Vr Vθ Vz (fun _ => 0) = fun _ => 0
NavierStokes/PhaseCalculus.lean,49,NavierStokes.PhaseCalculus.fderiv_phase_apply,ε (via phase),fderiv ℝ (phase ε p pz x0 F G) q w = p * w.2.1 + (pz / ε) * w.1.2.1 + x0 * w.1.1 - (w.2.2 * (p * F q.1 + pz * G q.1) + q.2.2 * (p * fderiv ℝ F q.1 w.1 + pz * fd
NavierStokes/PhaseCalculus.lean,70,NavierStokes.PhaseCalculus.phase_dR,ε (via phase),fderiv ℝ (phase ε p pz x0 F G) q eR = x0 - q.2.2 * (p * slowR F q.1 + pz * slowR G q.1)
NavierStokes/PhaseCalculus.lean,76,NavierStokes.PhaseCalculus.phase_dTheta,ε (via phase),fderiv ℝ (phase ε p pz x0 F G) q eTheta = p
NavierStokes/PhaseCalculus.lean,83,NavierStokes.PhaseCalculus.phase_dZ,ε (via phase),fderiv ℝ (phase ε p pz x0 F G) q eZ = pz / ε - q.2.2 * (p * slowZ F q.1 + pz * slowZ G q.1)
NavierStokes/PhaseCalculus.lean,89,NavierStokes.PhaseCalculus.phase_dT,ε (via phase),fderiv ℝ (phase ε p pz x0 F G) q eT = -q.2.2 * (p * slowT F q.1 + pz * slowT G q.1)
NavierStokes/PhaseCalculus.lean,95,NavierStokes.PhaseCalculus.phase_dV,ε (via phase),fderiv ℝ (phase ε p pz x0 F G) q eV = -(p * F q.1 + pz * G q.1)
NavierStokes/PhaseCalculus.lean,123,NavierStokes.PhaseCalculus.contDiff_phase,ε (via phase),ContDiff ℝ n (phase ε p pz x0 F G)
NavierStokes/PhaseCalculus.lean,180,NavierStokes.PhaseCalculus.phase_angularShift,ε (via phase),phase ε p pz x0 F G (angularShift h q) = phase ε p pz x0 F G q + p * h
NavierStokes/PhaseEstimates.lean,114,NavierStokes.PhaseEstimates.radial_reference_identity,L (via signedSlot),sigma * B * u / 2 - v * (-sigma * B * u / L) = B * signedSlot sigma u L v
NavierStokes/PhaseEstimates.lean,245,NavierStokes.PhaseEstimates.normal_error_from_components,R (via explicitNormal),‖explicitNormal ε p pz (sigma * B * u / 2) R v FR GR FZ GZ - referenceNormal B sigma u L v K‖ ≤ |v| * radial + angular + axial + |ε| * |v| * shear
NavierStokes/PhaseEstimates.lean,428,NavierStokes.PhaseEstimates.phaseError_le_four_div,k (via phaseError),phaseError S ε k ≤ 4 / S
NavierStokes/PhysicalGraphBounds.lean,931,NavierStokes.PhysicalGraphBounds.norm_phaseLinear_le,ε (via phaseLinear),‖phaseLinear ε p pz x0‖ ≤ |p| + |pz / ε| + |x0|
NavierStokes/PhysicalGraphBounds.lean,949,NavierStokes.PhysicalGraphBounds.phase_slot_jet_bound,ε (via phase),"∀ k ≤ m, ‖iteratedFDeriv ℝ k (PhaseCalculus.phase ε p pz x0 F G) q‖ ≤ (|p| + |pz / ε| + |x0|) * M + (2 : ℝ) ^ m * M * ((|p| + |pz|) * B)"
NavierStokes/PhysicalGraphBounds.lean,1086,NavierStokes.PhysicalGraphBounds.norm_slotLinear_le,ci (via slotLinear),‖slotLinear ci‖ ≤ 1 + |ci⁻¹| * ‖etaCoordinate‖
NavierStokes/PhysicalGraphBounds.lean,1424,NavierStokes.PhysicalGraphBounds.character_phase_eq_harmonic,ε (via phase),character (k * (j : ℝ)) (PhaseCalculus.phase ε p pz x0 F G s) = PhaseCalculus.harmonic k j ε p pz x0 F G s
NavierStokes/PhysicalParticularWave.lean,214,NavierStokes.PhysicalParticularWave.chartChange_apply,Qr (via ratioPower),"chartChange h Q Qr gap x = (ratioPower Q Qr (1 / 2) * x.1, ((ratioPower Q Qr (CoordinateAlgebra.D h) * x.2.1.1, ratioPower Q Qr 1 * x.2.1.2), coverPower gap x.2"
NavierStokes/PhysicalSignedWave.lean,167,NavierStokes.PhysicalSignedWave.ReferencePhase.phase_affine,K (via phase),"CopyAngularInvariance.AffinePhase (0, 1) (C.angularMode / K) (C.phase K)"
NavierStokes/PhysicalSignedWave.lean,175,NavierStokes.PhysicalSignedWave.ReferencePhase.phase_periodic,K (via phase),C.phase K (fastTranslate x k) = C.phase K x
NavierStokes/PhysicalSignedWave.lean,182,NavierStokes.PhysicalSignedWave.ReferencePhase.phase_native_germ,K (via phase),C.phase K =ᶠ[𝓝 x] C.nativePhase K copy
NavierStokes/PhysicalSignedWave.lean,182,NavierStokes.PhysicalSignedWave.ReferencePhase.phase_native_germ,K (via nativePhase),C.phase K =ᶠ[𝓝 x] C.nativePhase K copy
NavierStokes/PhysicalSignedWave.lean,193,NavierStokes.PhysicalSignedWave.ReferencePhase.phase_native_jets,K (via phase),iteratedFDeriv ℝ m (C.phase K) x = iteratedFDeriv ℝ m (C.nativePhase K copy) x
NavierStokes/PhysicalSignedWave.lean,193,NavierStokes.PhysicalSignedWave.ReferencePhase.phase_native_jets,K (via nativePhase),iteratedFDeriv ℝ m (C.phase K) x = iteratedFDeriv ℝ m (C.nativePhase K copy) x
NavierStokes/PhysicalSignedWave.lean,201,NavierStokes.PhysicalSignedWave.ReferencePhase.phase_smooth,K (via phase),ContDiff ℝ ∞ (C.phase K)
NavierStokes/PositiveAxisExistence.lean,709,NavierStokes.PositiveAxisExistence.profileSystem_lowerHistoryData,r (via ProfileSystem),"ProfileSystem h lam C r eta (realBase (lowerHistoryData h n phi u beta omegaQuotient) (r ^ 2, eta)) (realSource (lowerHistoryData h n phi u beta omegaQuotient) "
NavierStokes/PositiveOrderMoments.lean,93,NavierStokes.PositiveOrderMoments.rowDensity_increment,R (via linearDensity),rowDensity n (increment u n du) (increment e n de) omega R = rowDensity n u e omega R + linearDensity (u 0) (e 0) du de R
NavierStokes/PositiveOrderMoments.lean,111,NavierStokes.PositiveOrderMoments.linearDensity_on_patch,R (via linearDensity),linearDensity u₀ e₀ du de R = weightedDensity lam A du de R
NavierStokes/PositiveOrderMoments.lean,172,NavierStokes.PositiveOrderMoments.repairU_moment,A (via axialDebt),"(∫ R, R ^ FiveRowRank.axialPowers lam i * repairU lam A a b d R) = axialDebt A d i"
NavierStokes/PositiveOrderMoments.lean,179,NavierStokes.PositiveOrderMoments.repairE_moment,A (via angularDebt),"(∫ R, R ^ FiveRowRank.angularPowers lam i * repairE lam A a b d R) = angularDebt A d i"
NavierStokes/PositiveOrderMoments.lean,355,NavierStokes.PositiveOrderMoments.pressureGradient_increment_of_zero,R (via pressureGradient),pressureGradient n (increment e n de) omega R = pressureGradient n e omega R
NavierStokes/PositiveOrderMoments.lean,362,NavierStokes.PositiveOrderMoments.pressure_primitive_repair_before_patch,R (via pressureGradient),"(∫ t in (0 : ℝ)..R, pressureGradient n (increment e n (repairE lam A a b d)) omega t) = ∫ t in (0 : ℝ)..R, pressureGradient n e omega t"
NavierStokes/PrimaryFieldAssembly.lean,350,NavierStokes.PrimaryFieldAssembly.actual_phase_identification,ε (via phase),"k * PhaseCalculus.phase ε p pz x0 F G (s, θ, v Y) = (m : ℝ) * θ + k * ((pz / ε) * s.2.1 + x0 * s.1 - v Y * (p * F s + pz * G s))"
NavierStokes/PrimaryFieldAssembly.lean,362,NavierStokes.PrimaryFieldAssembly.rounded_phase_identification,ε (via roundedPhaseRemainder),"k * PhaseCalculus.phase ε (PhaseEstimates.roundedFrequency k target) pz x0 F G (s, θ, v Y) = (PhaseEstimates.nonzeroRound (k * target) : ℝ) * θ + roundedPhaseRe"
NavierStokes/PrimaryFieldAssembly.lean,362,NavierStokes.PrimaryFieldAssembly.rounded_phase_identification,ε (via phase),"k * PhaseCalculus.phase ε (PhaseEstimates.roundedFrequency k target) pz x0 F G (s, θ, v Y) = (PhaseEstimates.nonzeroRound (k * target) : ℝ) * θ + roundedPhaseRe"
NavierStokes/PrimaryMaterialDefect.lean,125,NavierStokes.PrimaryMaterialDefect.differentiableAt_phase,ε (via phase),DifferentiableAt ℝ (PhaseCalculus.phase ε p pz x0 F G) q
NavierStokes/PrimaryODE.lean,736,NavierStokes.PrimaryODE.hasDerivAt_referenceProfile,ell (via referenceProfileRate),HasDerivAt (referenceProfile c₀ u ell) (referenceProfileRate u ell v * referenceProfile c₀ u ell v) v
NavierStokes/PrimaryTargetBounds.lean,117,NavierStokes.PrimaryTargetBounds.modelSet_compact,M (via modelSet),IsCompact (modelSet M u eta)
NavierStokes/PrimaryTargetBounds.lean,690,NavierStokes.PrimaryTargetBounds.edge_double,x (via edge),FlatCutoff.edge c (2*x) = FlatCutoff.edge (c/4) x
NavierStokes/PulseAmplitude.lean,832,NavierStokes.PulseAmplitude.prefixBoundConstant_pos,P (via prefixBoundConstant),0 < prefixBoundConstant P m
NavierStokes/PulseCovariance.lean,46,NavierStokes.PulseCovariance.gaussian_pos,r (via gaussian),0 < gaussian b m r v
NavierStokes/PulseCovariance.lean,48,NavierStokes.PulseCovariance.gaussian_eq_length,r (via gaussian),gaussian b m r v = Real.exp (-b * (v - m) ^ 2 / r ^ 2)
NavierStokes/PulseCovariance.lean,518,NavierStokes.PulseCovariance.affineSlope_midpoint,r (via affineSlope),affineSlope s₀ slope r (r ^ 2 / 2) = s₀
NavierStokes/PulseCovariance.lean,521,NavierStokes.PulseCovariance.hasDerivAt_affineSlope,r (via affineSlope),HasDerivAt (affineSlope s₀ slope r) (slope / r ^ 2) v
NavierStokes/PulseCovariance.lean,527,NavierStokes.PulseCovariance.affineSlope_deriv_bound,r (via affineSlope),|deriv (affineSlope s₀ slope r) v| ≤ C / r ^ 2
NavierStokes/PulseCovariance.lean,532,NavierStokes.PulseCovariance.affineSlope_distance,r (via affineSlope),|affineSlope s₀ slope r v - s₀| = |slope| * |v - r ^ 2 / 2| / r ^ 2
NavierStokes/PulseCovariance.lean,537,NavierStokes.PulseCovariance.modelDirection_affine_drift,r (via affineSlope),|modelDirection c₀ (affineSlope s₀ slope r v) i - modelDirection c₀ s₀ i| ≤ ((|c₀| + 1) * |slope|) * |v - r ^ 2 / 2| / r ^ 2
NavierStokes/PulseLag.lean,30,NavierStokes.PulseLag.kernel_pos,t (via kernel),0 < kernel β y t
NavierStokes/PulseLag.lean,35,NavierStokes.PulseLag.kernel_hasDerivAt,t (via kernel),HasDerivAt (kernel β y) (β * kernel β y t) t
NavierStokes/R3CutoffSobolev.lean,26,NavierStokes.R3CutoffSobolev.cutoff_contDiff,R (via cutoff),ContDiff ℝ ∞ (cutoff R)
NavierStokes/R3CutoffSobolev.lean,33,NavierStokes.R3CutoffSobolev.cutoff_range,R (via cutoff),cutoff R x ∈ Icc (0 : ℝ) 1
NavierStokes/R3PressureKernel.lean,121,NavierStokes.R3PressureKernel.kernel_measurable,R (via kernel),Measurable (kernel R)
NavierStokes/R3PressureNearKernel.lean,73,NavierStokes.R3PressureNearKernel.scaled_measurable,R (via scaled),Measurable (scaled R f)
NavierStokes/R3RieszKernel.lean,339,NavierStokes.R3RieszKernel.fourier_intervalKernel,hi (via scaleFactor),𝓕 (intervalKernel lo hi i j) ξ = R3PressureFourier.rieszSymbol i j ξ * (scaleFactor lo hi ξ : ℂ)
NavierStokes/R3RieszKernel.lean,368,NavierStokes.R3RieszKernel.scaleFactor_mem_Icc,hi (via scaleFactor),scaleFactor lo hi ξ ∈ Icc (0 : ℝ) 1
NavierStokes/R3StressPressureEstimate.lean,30,NavierStokes.R3StressPressureEstimate.rawBound_nonneg,R (via rawBound),0 ≤ rawBound R L M V B
NavierStokes/R3StressPressureEstimate.lean,38,NavierStokes.R3StressPressureEstimate.regularized_flux_bound,R (via rawBound),"Space, powerCutoff φ x * regularized n i j g x * h x‖ ≤ rawBound R L M V B"
NavierStokes/RadialModulation.lean,47,NavierStokes.RadialModulation.modulatedE_contDiffAt,n (via modulatedE),"ContDiffAt ℝ ∞ (Function.uncurry (modulatedE n E A)) (X, η)"
NavierStokes/RadialModulation.lean,56,NavierStokes.RadialModulation.modulatedU_contDiffAt,n (via modulatedU),"ContDiffAt ℝ ∞ (Function.uncurry (modulatedU n U B)) (X, η)"
NavierStokes/RadialModulation.lean,116,NavierStokes.RadialModulation.modulatedE_hasDerivAt_eta,n (via modulatedE),HasDerivAt (modulatedE n E A X) (deriv (E X) η * Real.exp (A (phasePoint n X η) / n) + E X η * (Real.exp (A (phasePoint n X η) / n) * (partialEta A (phasePoint 
NavierStokes/RadialModulation.lean,126,NavierStokes.RadialModulation.modulatedU_hasDerivAt_eta,n (via modulatedU),HasDerivAt (modulatedU n U B X) (deriv (U X) η + partialEta B (phasePoint n X η) / n) η
NavierStokes/RadialPullback.lean,77,NavierStokes.RadialPullback.inverseChart_contDiff,d (via inverseChart),ContDiff ℝ ∞ (inverseChart d a)
NavierStokes/RadialPullback.lean,85,NavierStokes.RadialPullback.inverseChart_pos,d (via inverseChart),0 < inverseChart d a U
NavierStokes/RadialPullback.lean,96,NavierStokes.RadialPullback.inverseChart_eq,d (via inverseChart),inverseChart d a U = U ^ d⁻¹
NavierStokes/RadialSchedule.lean,227,NavierStokes.RadialSchedule.lag_solution_initial,a (via lagSolution),lagSolution a c q₀ 0 = q₀
NavierStokes/RadialSchedule.lean,230,NavierStokes.RadialSchedule.lag_solution_hasDerivAt,a (via lagSolution),HasDerivAt (lagSolution a c q₀) (-(a * (q₀ - c / a) * Real.exp (-a * y))) y
NavierStokes/RankStateBounds.lean,162,NavierStokes.RankStateBounds.fixed_weight_margin,a (via zeta),"ℝ, 0 < δ ∧ ∀ p ∈ (PhysicalMeanDomain.localStripData lo hi cL cR hlo hcL hcR ε L hε hεone hL U hU).domain, p ∈ MeanRankUpdate.supportBand a b qlo qhi → δ ≤ (Phys"
NavierStokes/ReferenceBounds.lean,689,NavierStokes.ReferenceBounds.natural_average_eq,Λ (via U),ProfileHistories.average U p = V p
NavierStokes/ReferenceBounds.lean,699,NavierStokes.ReferenceBounds.natural_average_eventuallyEq,Λ (via U),ProfileHistories.average U =ᶠ[𝓝 p] V
NavierStokes/ReferenceBounds.lean,955,NavierStokes.ReferenceBounds.pressureJets_small,Λ (via pressureJets),‖pressureJets P Λ p‖ < ε
NavierStokes/ReferenceBounds.lean,1134,NavierStokes.ReferenceBounds.normalized_history_bounds,Λ (via U),|Λ * (P.Ubar p - NaturalAxisData.U j p.2)| ≤ B ∧ |Λ * (average (parameterPartial P.U) p - 4)| ≤ B
NavierStokes/ReferenceBounds.lean,1134,NavierStokes.ReferenceBounds.normalized_history_bounds,Λ (via Ubar),|Λ * (P.Ubar p - NaturalAxisData.U j p.2)| ≤ B ∧ |Λ * (average (parameterPartial P.U) p - 4)| ≤ B
NavierStokes/ReferencePath.lean,41,NavierStokes.ReferencePath.slopeCutoff_smooth,δ (via slopeCutoff),ContDiff ℝ ∞ (slopeCutoff δ)
NavierStokes/ReferencePath.lean,45,NavierStokes.ReferencePath.slopeCutoff_mem,δ (via slopeCutoff),slopeCutoff δ t ∈ Icc (0 : ℝ) 1
NavierStokes/RenormalizedHeatMoment.lean,756,NavierStokes.RenormalizedHeatMoment.heated_nominal_axial_viscosity,XR (via E),"IntegrableOn (fun r => r ^ 2 * deriv (deriv (uTheta P.data.h E t r)) z) (Ioi 0) ∧ (∫ r in Ioi (0 : ℝ), r ^ 2 * deriv (deriv (uTheta P.data.h E t r)) z) = 0"
NavierStokes/ReservedPatches.lean,359,NavierStokes.ReservedPatches.witness_fields,XR (via U),"HeatedOutgoing.U F XR (X, eta) = 0 ∧ HeatedOutgoing.E F XR w.coefficients (X, eta) = xAmplitude F XR eta * X ^ (-(1 / 2 + F.data.core.lam))"
NavierStokes/ReservedPatches.lean,359,NavierStokes.ReservedPatches.witness_fields,XR (via E),"HeatedOutgoing.U F XR (X, eta) = 0 ∧ HeatedOutgoing.E F XR w.coefficients (X, eta) = xAmplitude F XR eta * X ^ (-(1 / 2 + F.data.core.lam))"
NavierStokes/ReservedPatches.lean,558,NavierStokes.ReservedPatches.radial_witness_fields,XR (via U),"HeatedOutgoing.U F XR (R ^ 2 / 2, eta) = 0 ∧ HeatedOutgoing.E F XR w.coefficients (R ^ 2 / 2, eta) = FiveRowRank.background F.data.core.lam (radialAmplitude F X"
NavierStokes/ReservedPatches.lean,558,NavierStokes.ReservedPatches.radial_witness_fields,XR (via E),"HeatedOutgoing.U F XR (R ^ 2 / 2, eta) = 0 ∧ HeatedOutgoing.E F XR w.coefficients (R ^ 2 / 2, eta) = FiveRowRank.background F.data.core.lam (radialAmplitude F X"
NavierStokes/ScaledActualParticularControl.lean,548,NavierStokes.ScaledActualParticularControl.normalWeight_harmonic,K (via normalWeight),PhysicalParticularWave.normalWeight Q Qr ((j:ℝ)*K) ((j:ℝ)*Kr) = PhysicalParticularWave.normalWeight Q Qr K Kr
NavierStokes/ScaledTangentTransport.lean,64,NavierStokes.ScaledTangentTransport.finite_transported_copy_cutoffs,R (via cutoff),"Frequency, copy ∉ I → (cutoff ∘ CopySolveCompatibility.nativeTimeMap shift rate) ((CopySolveCompatibility.transportGeometry g gap shift rate hrate).coordinates "
NavierStokes/SchwartzCompactApproximation.lean,28,NavierStokes.SchwartzCompactApproximation.cutoff_contDiff,R (via cutoff),ContDiff ℝ ∞ (cutoff (E := E) R)
NavierStokes/SeedHandbackJets.lean,141,NavierStokes.SeedHandbackJets.basis_pairBound,X (via basis),"∀ i, PairBound k (basis h X p i) (basis h X q i) (inputBounds k D X₀ X₁ T L i) (differenceBounds ((2:ℝ)^k*((2:ℝ)^k*1*T)*T) i) ε"
NavierStokes/ShapeTransition.lean,46,NavierStokes.ShapeTransition.blend_contDiff,T (via blend),ContDiff ℝ ∞ (blend T li)
NavierStokes/ShapeTransition.lean,155,NavierStokes.ShapeTransition.logProfile_hasDerivAt,T (via logarithmicSlope),"HasDerivAt (fun s => logProfile C T li (s, eta)) (logarithmicSlope T li (y, eta) - 1 / 2) y"
NavierStokes/ShapeTransition.lean,167,NavierStokes.ShapeTransition.logarithmicSlope_eq,T (via logarithmicSlope),"logarithmicSlope T li (y, eta) = 1 / 2 + deriv (fun s => logProfile C T li (s, eta)) y"
NavierStokes/ShapeTransition.lean,173,NavierStokes.ShapeTransition.logarithmicSlope_eq_actual,T (via logarithmicSlope),"logarithmicSlope T li (y, eta) = 1 / 2 + deriv (fun s => Real.log (angular C T li (s, eta))) y"
NavierStokes/ShapeTransition.lean,209,NavierStokes.ShapeTransition.blend_abs_le,T (via blend),"|blend T li (y, eta)| ≤ B"
NavierStokes/ShapeTransition.lean,234,NavierStokes.ShapeTransition.blend_iteratedDeriv,T (via blend),"iteratedDeriv n (fun e => blend T li (y, e)) eta = (1 - OutgoingSchedule.sigma (y / T)) * iteratedDeriv n li eta + OutgoingSchedule.sigma (y / T) * iteratedDeri"
NavierStokes/ShapeTransition.lean,261,NavierStokes.ShapeTransition.blend_jet_bound,T (via blend),"|iteratedDeriv n (fun e => blend T li (y, e)) eta| ≤ B"
NavierStokes/SignedStressPrimitive.lean,1014,NavierStokes.SignedStressPrimitive.axial_bump_identity,ε (via pressure),bumpCorrection P 1 (axialBalance ε γ radialFlux axialFlux pressure virtualFlux) z = momentDensity P 1 z.1 * (ε * fderiv ℝ (axialMomentPotential axialFlux gr ρ) 
NavierStokes/SlowBorelBase.lean,1140,NavierStokes.SlowBorelBase.coefficientBundle_smooth,C (via coefficientBundle),ContDiff ℝ ∞ (coefficientBundle C d j)
NavierStokes/SlowBorelBase.lean,1530,NavierStokes.SlowBorelBase.normalized_tangential_bounds,C (via normalizedSwirl),"ℝ, 0 < q → q ≤ 1 → ∀ w ∈ innerBox lo hi, ‖blownJet m (fun y => normalizedSwirl a h C d y - leadingSwirl C d y.2) (q, w)‖ ≤ B * q ^ (2 * h) ∧ ‖blownJet m (fun y "
NavierStokes/SlowBorelBase.lean,1530,NavierStokes.SlowBorelBase.normalized_tangential_bounds,C (via leadingSwirl),"ℝ, 0 < q → q ≤ 1 → ∀ w ∈ innerBox lo hi, ‖blownJet m (fun y => normalizedSwirl a h C d y - leadingSwirl C d y.2) (q, w)‖ ≤ B * q ^ (2 * h) ∧ ‖blownJet m (fun y "
NavierStokes/SlowBorelBase.lean,1586,NavierStokes.SlowBorelBase.angularMoment_eq_normalizedSwirl,C (via normalizedSwirl),"-x 1 * baseVelocity a h C d (t, x) 0 + x 0 * baseVelocity a h C d (t, x) 1 = Real.sqrt (2 * AxisymmetricFields.radialEnergy x) * (cartesianChart h (t, x)).1 ^ ("
NavierStokes/SlowExpansionResidual.lean,581,NavierStokes.SlowExpansionResidual.angular_finite_expansion,C (via slowSwirl),transportResidual 1 2 (slowFlux N h f) (slowAxial N h f) (slowSwirl N h C f) (fun _ => 0) p = C⁻¹ * (finiteSeries N (SimilarityProfile.q h p) h (angularExponent
NavierStokes/SlowExpansionResidual.lean,733,NavierStokes.SlowExpansionResidual.pressure_finite_expansion,C (via slowSwirl),RadialFluxResidual.fluxResidual (slowFlux N h f) (slowSwirl N h C f) (slowAxial N h f) (slowPressure N h f) p = 2 * (SimilarityProfile.inner h p).1 * finiteSeri
NavierStokes/SlowExpansionResidual.lean,733,NavierStokes.SlowExpansionResidual.pressure_finite_expansion,C (via pressureCoefficient),RadialFluxResidual.fluxResidual (slowFlux N h f) (slowSwirl N h C f) (slowAxial N h f) (slowPressure N h f) p = 2 * (SimilarityProfile.inner h p).1 * finiteSeri
NavierStokes/SlowExpansionResidual.lean,733,NavierStokes.SlowExpansionResidual.pressure_finite_expansion,C (via pressureTail),RadialFluxResidual.fluxResidual (slowFlux N h f) (slowSwirl N h C f) (slowAxial N h f) (slowPressure N h f) p = 2 * (SimilarityProfile.inner h p).1 * finiteSeri
NavierStokes/SlowExpansionResidual.lean,829,NavierStokes.SlowExpansionResidual.pressureCoefficient_eq_zero_iff,C (via pressureCoefficient),pressureCoefficient h C f n w = 0 ↔ partialX (f.pressure n) w = C⁻¹ ^ 2 * convolution (fun i j => f.phi i w * f.phi j w) n - previous (fun j => omegaCoefficient
NavierStokes/SlowExpansionResidual.lean,863,NavierStokes.SlowExpansionResidual.slowVelocity_components,C (via slowSwirl),"slowVelocity N h C f (t, x) = AxisymmetricResidual.pack (x 0 * (slowFlux N h f (profilePoint t x) / (2 * radialEnergy x)) - x 1 * slowSwirl N h C f (profilePoin"
NavierStokes/SlowExpansionResidual.lean,1016,NavierStokes.SlowExpansionResidual.navierStokesResidual_slowVelocity_of_coefficients,C (via truncationResidual),ProblemStatement.navierStokesResidual (slowVelocity N h C f) (slowPressureField N h f) t x = truncationResidual N h C f t x
NavierStokes/SlowFirstOrderEdge.lean,40,NavierStokes.SlowFirstOrderEdge.taperSecond_factorization,x (via edge),deriv (tailShapeDeriv d) (3 - x) = (FlatCutoff.edge 4 x / x ^ 6) * taperSecondFactor d x
NavierStokes/SlowResidualMatching.lean,152,NavierStokes.SlowResidualMatching.positiveOrder_pressure_coefficient,C (via pressureCoefficient),pressureCoefficient h C (ofBeta phi axial beta pressure) n w = 0
NavierStokes/SlowResidualMatching.lean,325,NavierStokes.SlowResidualMatching.pressureTailSize_nonneg,C (via pressureTailSize),0 ≤ pressureTailSize N h C f w
NavierStokes/SlowResidualMatching.lean,333,NavierStokes.SlowResidualMatching.pressureTail_bound,C (via pressureTail),|pressureTail N q h C f w| ≤ pressureTailSize N h C f w * q ^ (pressureExponent h + slowOrder h (N + 1))
NavierStokes/SlowResidualMatching.lean,333,NavierStokes.SlowResidualMatching.pressureTail_bound,C (via pressureTailSize),|pressureTail N q h C f w| ≤ pressureTailSize N h C f w * q ^ (pressureExponent h + slowOrder h (N + 1))
NavierStokes/SlowResidualMatching.lean,587,NavierStokes.SlowResidualMatching.navierStokesResidual_eq_stress_add_tails,C (via truncationResidual),ProblemStatement.navierStokesResidual (slowVelocity N h C f) (slowPressureField N h f) t x = tangentialStressForce (physicalThetaStress N h C f) (physicalZStres
NavierStokes/SlowResidualMatching.lean,618,NavierStokes.SlowResidualMatching.navierStokesResidual_eq_stress_add_truncation,C (via truncationResidual),ProblemStatement.navierStokesResidual (slowVelocity N h C f) (slowPressureField N h f) t x = tangentialStressForce (physicalThetaStress N h C f) (physicalZStres
NavierStokes/SlowResidualMatching.lean,671,NavierStokes.SlowResidualMatching.partialX_swirlRadius,C (via swirlRadius),partialX (swirlRadius C f) w = f (radiusPoint w) / C + w.1 ^ 2 / C * partialX f (radiusPoint w)
NavierStokes/SlowResidualMatching.lean,685,NavierStokes.SlowResidualMatching.partialEta_swirlRadius,C (via swirlRadius),partialEta (swirlRadius C f) w = w.1 / C * partialEta f (radiusPoint w)
NavierStokes/SlowResidualMatching.lean,737,NavierStokes.SlowResidualMatching.timeOp_swirlRadius,C (via swirlRadius),SlowStressSupport.timeOp h b (swirlRadius C f) w = w.1 / C * T h (b - 1 / 2) f (radiusPoint w)
NavierStokes/SlowResidualMatching.lean,749,NavierStokes.SlowResidualMatching.axialOp_swirlRadius,C (via swirlRadius),SlowStressSupport.axialOp h b (swirlRadius C f) w = w.1 / C * Z h (b - 1 / 2) f (radiusPoint w)
NavierStokes/SlowResidualMatching.lean,782,NavierStokes.SlowResidualMatching.axialOp2_swirlRadius,C (via swirlRadius),SlowStressSupport.axialOp2 h b (swirlRadius C f) w = w.1 / C * Z2 h (b - 1 / 2) f (radiusPoint w)
NavierStokes/SlowResidualMatching.lean,801,NavierStokes.SlowResidualMatching.partialXX_swirlRadius,C (via swirlRadius),partialX (partialX (swirlRadius C f)) w = 3 * w.1 / C * partialX f (radiusPoint w) + w.1 ^ 3 / C * partialX (partialX f) (radiusPoint w)
NavierStokes/SlowResidualMatching.lean,967,NavierStokes.SlowResidualMatching.pressureTail_eq_finite_monomials,C (via pressureTail),"pressureTail N q h C f w = ∑ i ∈ pressureIndices N, q ^ pressurePower N h i * pressureTerm N h C f i w"
NavierStokes/SlowResidualMatching.lean,1042,NavierStokes.SlowResidualMatching.radialTail_eq_finite_monomials,C (via pressureTail),"pressureTail N (SimilarityProfile.q h p) h C f (SimilarityProfile.inner h p) / (2 * p.2.1) = ∑ i ∈ pressureIndices N, SimilarityProfile.q h p ^ (pressurePower N"
NavierStokes/SlowResidualMatching.lean,1371,NavierStokes.SlowResidualMatching.thetaStress_eq_canonical,C (via swirlRadius),thetaStress h C f n w = fromRadius (SlowStressSupport.angularStress h n (fun j => toRadius (f.flux j)) (fun j => toRadius (f.axial j)) (fun j => swirlRadius C (
NavierStokes/SlowResidualMatching.lean,1524,NavierStokes.SlowResidualMatching.hierarchy_pressure_coefficient,C (via pressureCoefficient),"pressureCoefficient h C (hierarchyProfiles A) n (X, eta) = 0"
NavierStokes/SlowStressSupport.lean,827,NavierStokes.SlowStressSupport.interior_quotient_smooth,a (via zeta),Smooth S (fun w => f w / zeta w.1)
NavierStokes/SlowStressSupport.lean,845,NavierStokes.SlowStressSupport.interior_weighted_jets,a (via zeta),"ℝ, 0 ≤ C ∧ ∀ R ∈ Ioo l r, ∀ eta ∈ K, ‖iteratedFDeriv ℝ k f (R, eta)‖ ≤ C * zeta R"
NavierStokes/SlowStressSupport.lean,1101,NavierStokes.SlowStressSupport.logFlatWeight_pos,R (via logFlatWeight),0 < logFlatWeight l r cL cR R
NavierStokes/SmoothLoop.lean,283,NavierStokes.SmoothLoop.expTilt_contDiff,p (via expTilt),ContDiff ℝ (∞ : WithTop ℕ∞) (expTilt m d μ p)
NavierStokes/SmoothLoop.lean,287,NavierStokes.SmoothLoop.expTilt_periodic,p (via expTilt),Function.Periodic (expTilt m d μ p) (2 * Real.pi)
NavierStokes/SmoothLoop.lean,292,NavierStokes.SmoothLoop.expTilt_mean,p (via expTilt),angularMean (expTilt m d μ p) = m
NavierStokes/SmoothLoop.lean,301,NavierStokes.SmoothLoop.expTilt_variance,p (via expTilt),angularMean (fun θ => (expTilt m d μ p θ - m) ^ 2) = (d / p) ^ 2 * (expNormalizer (2 * (μ * p)) / expNormalizer (μ * p) ^ 2 - 1)
NavierStokes/SquaredPartition.lean,176,NavierStokes.SquaredPartition.gridMask_nonneg,δ (via gridMask),0 ≤ gridMask δ k x
NavierStokes/SquaredPartition.lean,179,NavierStokes.SquaredPartition.gridMask_smooth,δ (via gridMask),ContDiff ℝ ∞ (gridMask δ k)
NavierStokes/SquaredPartition.lean,182,NavierStokes.SquaredPartition.gridMask_sum_sq,δ (via gridMask),"(∑ᶠ k : ℤ, gridMask δ k x ^ 2) = 1"
NavierStokes/SquaredPartition.lean,203,NavierStokes.SquaredPartition.gridMask_locallyFinite,δ (via gridMask),LocallyFinite fun k => support (gridMask δ k)
NavierStokes/SquaredPartition.lean,235,NavierStokes.SquaredPartition.productMask_support,δ (via gridMask),"support (productMask δ k) = ⋂ j, (fun x => x j) ⁻¹' support (gridMask δ (k j))"
NavierStokes/StressActivation.lean,34,NavierStokes.StressActivation.activation_smooth,T (via activation),ContDiff ℝ ∞ (activation T κ)
NavierStokes/StressActivation.lean,40,NavierStokes.StressActivation.activation_nonneg,T (via activation),0 ≤ activation T κ y
NavierStokes/StressActivation.lean,43,NavierStokes.StressActivation.activation_le_one,T (via activation),activation T κ y ≤ 1
NavierStokes/StressActivation.lean,78,NavierStokes.StressActivation.weightedPrimitive_hasDerivAt,T (via activation),"HasDerivAt (fun x => weightedPrimitive T κ B (x, η)) (activation T κ y * B (y, η)) y"
NavierStokes/StressActivation.lean,193,NavierStokes.StressActivation.stepDenominator_pos,T (via stepDenominator),0 < stepDenominator T y
NavierStokes/StressActivation.lean,196,NavierStokes.StressActivation.stepDenominator_smooth,T (via stepDenominator),ContDiff ℝ ∞ (stepDenominator T)
NavierStokes/TailCone.lean,1475,NavierStokes.TailCone.actualP2_eq,XR (via E),"OutgoingHistories.p2 XR w Amp (y, eta) = OutgoingHistories.p1 XR w Amp (y, eta) * (OutgoingHistories.Ns w Amp (y, eta) / (OutgoingHistories.E w (y, eta) * Outgo"
NavierStokes/TemporalMeanUpdate.lean,1140,NavierStokes.TemporalMeanUpdate.normalizeSource_torusAverage,d (via inverseChart),PressureStream.torusAverage (RadialPullback.normalizeSource d a g) p = RadialPullback.sourceMultiplier d a p.1 * PressureStream.torusAverage g (RadialPullback.i
NavierStokes/TerminalCompensation.lean,593,NavierStokes.TerminalCompensation.normalizedDebt_eq,R (via scaledDebt),normalizedDebt R a d = amplitudeDebt a (scaledDebt R d)
NavierStokes/TerminalCompensation.lean,768,NavierStokes.TerminalCompensation.physicalProfile_eq_clean_outside,R (via physicalProfile),physicalProfile P lam R a c X = cleanProfile lam R a X
NavierStokes/TerminalCompensation.lean,768,NavierStokes.TerminalCompensation.physicalProfile_eq_clean_outside,R (via cleanProfile),physicalProfile P lam R a c X = cleanProfile lam R a X
NavierStokes/TerminalCompensation.lean,794,NavierStokes.TerminalCompensation.mixed_moment_unchanged,R (via physicalProfile),"(∫ X, U X * physicalProfile P lam R a c X) = ∫ X, U X * cleanProfile lam R a X"
NavierStokes/TerminalCompensation.lean,794,NavierStokes.TerminalCompensation.mixed_moment_unchanged,R (via cleanProfile),"(∫ X, U X * physicalProfile P lam R a c X) = ∫ X, U X * cleanProfile lam R a X"
NavierStokes/TerminalCone.lean,566,NavierStokes.TerminalCone.same_witness_full_cone,XR (via U),"HeatedOutgoing.E F XR w.coefficients (XR * Real.exp y, eta) = TerminalEdgeFactor.profileAngularVelocity (normalization F XR) F.data (shift F XR) (profilePoint F"
NavierStokes/TerminalCone.lean,566,NavierStokes.TerminalCone.same_witness_full_cone,XR (via E),"HeatedOutgoing.E F XR w.coefficients (XR * Real.exp y, eta) = TerminalEdgeFactor.profileAngularVelocity (normalization F XR) F.data (shift F XR) (profilePoint F"
NavierStokes/TerminalEdgeFactor.lean,647,NavierStokes.TerminalEdgeFactor.pressureCoefficient_contDiff,C (via pressureCoefficient),ContDiff ℝ ∞ (pressureCoefficient C d y0)
NavierStokes/TerminalEdgeFactor.lean,923,NavierStokes.TerminalEdgeFactor.scale_three,x (via edge),FlatPrimitive.scale c 3 x = FlatCutoff.edge c x
NavierStokes/TerminalEdgeFactor.lean,923,NavierStokes.TerminalEdgeFactor.scale_three,x (via scale),FlatPrimitive.scale c 3 x = FlatCutoff.edge c x
NavierStokes/TerminalEdgeFactor.lean,980,NavierStokes.TerminalEdgeFactor.pressure_density_eq,C (via pressureCoefficient),"physicalHeat C (1 + d.h) (timeOf p, (s, p.2)) ^ 2 * tailShape d (Real.log (s / chartQ d p) - y0) * tailShapeDeriv d (Real.log (s / chartQ d p) - y0) / s = scala"
NavierStokes/TerminalEdgeFactor.lean,994,NavierStokes.TerminalEdgeFactor.pressureGradient_eq_primitive,C (via pressureCoefficient),pressureGradient C d y0 y = chi d y.1 * ParametricFlatFactor.primitive 4 3 (pressureCoefficient C d y0) y
NavierStokes/TerminalEdgeFactor.lean,1183,NavierStokes.TerminalEdgeFactor.pressureCoefficient_normalizedParam,C (via pressureCoefficient),"pressureCoefficient C d y0 (normalizedParam η, x) = profilePressureCoefficient C d y0 (η, x)"
NavierStokes/TerminalHistoryBridge.lean,91,NavierStokes.TerminalHistoryBridge.square_integrable_after_switch,XR (via E),"IntegrableOn (fun u => HeatedOutgoing.E F XR w.coefficients (u,η)^2) (Ioi X)"
NavierStokes/TerminalHistoryBridge.lean,104,NavierStokes.TerminalHistoryBridge.energyHistory_eq_square_future,XR (via E),"energyHistory F XR w.coefficients η X = (1/2 : ℝ) * ∫ u in Ioi X, HeatedOutgoing.E F XR w.coefficients (u,η)^2"
NavierStokes/TerminalHistoryBridge.lean,122,NavierStokes.TerminalHistoryBridge.transport_histories_zero_after_switch,XR (via U),"HeatedOutgoing.U F XR (X,η) = 0 ∧ HeatedOutgoing.M F XR η X = 0 ∧ HeatedOutgoing.J F XR w.coefficients η X = 0"
NavierStokes/TerminalHistoryBridge.lean,608,NavierStokes.TerminalHistoryBridge.logPi_radialLift,XR (via Pi),radialLift XR (logPi F XR w.coefficients) p = HeatedOutgoing.Pi F XR w.coefficients p
NavierStokes/TerminalHistoryBridge.lean,657,NavierStokes.TerminalHistoryBridge.physicalLog_angularResidual,XR (via logPoint),amplitudeOperator (physicalLog F.data.h (-TerminalPressure.amplitudeExponent F.data.h) XR (logE F XR w.coefficients)) p = SimilarityProfile.q F.data.h p^(-Termi
NavierStokes/TerminalHistoryBridge.lean,678,NavierStokes.TerminalHistoryBridge.physicalLog_axialResidual,XR (via logPoint),SimilarityProfile.partialZ (physicalLog F.data.h (-2*TerminalPressure.amplitudeExponent F.data.h) XR (logPi F XR w.coefficients)) p = SimilarityProfile.q F.data
NavierStokes/TerminalHistoryBridge.lean,799,NavierStokes.TerminalHistoryBridge.terminal_angularResidual,XR (via logPoint),TerminalStress.leadingResidual (normalization F XR) F.data.h (TerminalPressure.outgoingTaper F.data (shift F XR)) t r z = SimilarityProfile.q F.data.h (Terminal
NavierStokes/TerminalHistoryBridge.lean,815,NavierStokes.TerminalHistoryBridge.terminal_axialResidual,XR (via logPoint),SimilarityProfile.partialZ (TerminalPressure.outgoingPressure (normalization F XR) F.data (shift F XR)) p = SimilarityProfile.q F.data.h p^(-TerminalPressure.am
NavierStokes/TerminalHistoryBridge.lean,881,NavierStokes.TerminalHistoryBridge.pressure_eta_eq_logPi,XR (via Pi),"deriv (fun t => HeatedOutgoing.Pi F XR w.coefficients (XR*Real.exp y,t)) η = etaDerivative (logPi F XR w.coefficients) (y,η)"
NavierStokes/TerminalHistoryBridge.lean,951,NavierStokes.TerminalHistoryBridge.axialWeight_eq_moments,XR (via Pi),"axialWeight F XR w.coefficients (y,η) = (4*F.data.h*η*energyHistory F XR w.coefficients η (XR*Real.exp y) - StressAlgebra.coordinateFactor η*deriv (fun t => ene"
NavierStokes/TerminalHistoryBridge.lean,1216,NavierStokes.TerminalHistoryBridge.physical_forwardTheta_eq_terminal,XR (via logPoint),SimilarityProfile.q F.data.h (TerminalStress.radiusPoint t r z)^(-TerminalPressure.amplitudeExponent F.data.h-1/2) * forwardTheta F XR w.coefficients (logPoint 
NavierStokes/TerminalHistoryBridge.lean,1246,NavierStokes.TerminalHistoryBridge.physical_forwardAxial_eq_terminal,XR (via logPoint),SimilarityProfile.q F.data.h (TerminalStress.radiusPoint t r z)^(-TerminalPressure.amplitudeExponent F.data.h-1/2) * forwardAxial F XR w.coefficients (logPoint 
NavierStokes/TerminalHistoryBridge.lean,1332,NavierStokes.TerminalHistoryBridge.controls_continuousOn,XR (via controls),ContinuousOn (HeatSwitchCone.controls F w) HeatedOutgoing.parameterDomain
NavierStokes/TerminalPressure.lean,43,NavierStokes.TerminalPressure.heatJet_zero,v (via heatJet),heatJet h 0 ν v = RadialHeatProfile.profile (1 + h) (2 * ν / v)
NavierStokes/TerminalStress.lean,644,NavierStokes.TerminalStress.leadingResidual_eq_time_add,r (via viscousResidual),leadingResidual C h f t r z = timeResidual C h f t z r + viscousResidual (heatAmplitude C (1 + h) t) (radialSlice (flattening h f) t z) r
NavierStokes/TransitionRamp.lean,25,NavierStokes.TransitionRamp.step_smooth,w (via step),ContDiff ℝ ∞ (step b w)
NavierStokes/TransitionRamp.lean,28,NavierStokes.TransitionRamp.step_mem,w (via step),step b w y ∈ Icc (0 : ℝ) 1
NavierStokes/TransitionRamp.lean,497,NavierStokes.TransitionRamp.parameterJet_axialSlope,w (via step),parameterJet n (axialSlope T κ b w stock) p = (1 - step b w p.1) * (-(damping T κ p.1 * parameterJet n stock p) / 2)
NavierStokes/WaveEnvelopeTransport.lean,128,NavierStokes.WaveEnvelopeTransport.cutoff_on_path,L (via slotCutoff),GaussianTailFlat.slotCutoff L (g.coordinates k (g.path k Y s)).2 = GaussianTailFlat.slotCutoff L s
NavierStokes/WaveStageContinuation.lean,1698,NavierStokes.WaveStageContinuation.PhysicalNative.potential_agrees,K (via phase),potential W G e phi slope K scale z = PhysicalCurlCovariance.referencePotential K (phase G phi₀ slope) (fun y => scale • f (point G y)) z
NavierStokes/WaveStageContinuation.lean,1776,NavierStokes.WaveStageContinuation.PhysicalNative.pressure_agrees,K (via phase),pressure W G e phi slope K scale z = PhysicalParticularWave.pressureVector (HarmonicCalculus.mode K (phase G phi₀ slope) (fun y => scale • f (point G y))) z
NavierStokes/WeightedQuotients.lean,182,NavierStokes.WeightedQuotients.normalized_contDiffOn,w (via normalizeAt),ContDiffOn ℝ ∞ (normalizeAt w g) s
NavierStokes/WeightedRadialPrimitive.lean,77,NavierStokes.WeightedRadialPrimitive.edge_le_one,x (via edge),edge c x ≤ 1
NavierStokes/WeightedRadialPrimitive.lean,84,NavierStokes.WeightedRadialPrimitive.singleWeight_nonneg,x (via singleWeight),0 ≤ singleWeight c m x
NavierStokes/ZerothStressIdentity.lean,253,NavierStokes.ZerothStressIdentity.scheme_zero_densities_eq,C (via thetaDensity),"SlowResidualMatching.thetaDensity h C (GlobalSlowProfiles.asSlowProfiles s) 0 (R, eta) = SlowResidualMatching.thetaDensity h C (leadingProfiles P h C) 0 (R, eta"
NavierStokes/R3/ComparisonCutoffs.lean,60,NavierStokesR3.ComparisonCutoffs.cutoff_smooth,R (via cutoff),ContDiff ℝ ∞ (cutoff R)
NavierStokes/R3/ComparisonCutoffs.lean,63,NavierStokesR3.ComparisonCutoffs.cutoff_nonneg,R (via cutoff),0 ≤ cutoff R x
NavierStokes/R3/ComparisonCutoffs.lean,66,NavierStokesR3.ComparisonCutoffs.cutoff_le_one,R (via cutoff),cutoff R x ≤ 1
NavierStokes/R3/ComparisonCutoffs.lean,69,NavierStokesR3.ComparisonCutoffs.cutoff_mem_Icc,R (via cutoff),cutoff R x ∈ Icc (0 : ℝ) 1
NavierStokes/R3/HeatKernelTimeBound.lean,99,NavierStokesR3.Comparison.heatKernelSecondTimeEnvelope_nonneg,s (via heatKernelSecondTimeEnvelope),0 ≤ heatKernelSecondTimeEnvelope r s
NavierStokes/R3/RadialKernelBounds.lean,33,NavierStokesR3.Comparison.radialCommutatorKernel_measurable,R (via radialCommutatorKernel),Measurable (radialCommutatorKernel R)
NavierStokes/R3/RadialKernelBounds.lean,38,NavierStokesR3.Comparison.radialCommutatorKernel_zero,R (via radialCommutatorKernel),radialCommutatorKernel R 0 = 0
Euler/AngleMeanZeroPrimitive.lean,40,EulerAngleMeanZeroPrimitive.primitive_hasDerivAt,P (via primitive),HasDerivAt (primitive P f) (f θ) θ
Euler/AngleMeanZeroPrimitive.lean,45,EulerAngleMeanZeroPrimitive.primitive_continuous,P (via primitive),Continuous (primitive P f)
Euler/AngleMeanZeroPrimitive.lean,61,EulerAngleMeanZeroPrimitive.primitive_periodic,P (via primitive),Function.Periodic (primitive P f) P
Euler/AnglePrimitiveMap.lean,18,EulerAngleMeanZeroPrimitive.primitive_map,P (via primitive),L (primitive P f θ) = primitive P (fun s => L (f s)) θ
Euler/AnglePrimitiveParity.lean,14,EulerAngleMeanZeroPrimitive.primitive_neg,P (via primitive),primitive P (fun θ => -f θ)=fun θ => -primitive P f θ
Euler/AnglePrimitiveSpatialRegularity.lean,32,EulerAngleMeanZeroPrimitive.primitive_joint_contDiff,P (via primitive),"ContDiff ℝ ∞ (fun p : X × ℝ => primitive P (fun θ => F (p.1,θ)) p.2)"
Euler/AnglePrimitiveSpatialRegularity.lean,57,EulerAngleMeanZeroPrimitive.primitive_joint_continuous,P (via primitive),"Continuous (fun p : Y × ℝ => primitive P (fun θ => F (p.1,θ)) p.2)"
Euler/BaseStaticEuler.lean,31,EulerStaticEuler.baseTime_le,C (via amplitude),baseTime P C R hC hR ≤ amplitude P C R hC hR
Euler/CorrectionStabilityConstants.lean,69,EulerCorrectionStabilityConstants.growthConstant_nonneg,c (via growthConstant),0 ≤ growthConstant c Kb Kx Kt V L
Euler/EulerProof.lean,933,EulerInverseRegularity.differenceQuotient_commutator,h (via differenceQuotient),commutator (differenceQuotient τ h) T = h⁻¹ • commutator τ T
Euler/EulerProof.lean,942,EulerInverseRegularity.inverse_differenceQuotient_norm_le,h (via differenceQuotient),‖differenceQuotient τ h (coerciveInverse T c hc hT f)‖ ≤ c⁻¹ * (‖differenceQuotient τ h f‖ + ‖h⁻¹ • commutator τ T (coerciveInverse T c hc hT f)‖)
Euler/EulerProof.lean,11088,EulerGevreyCutoff.complexFlat_disc_bound,z (via complexFlat),‖complexFlat z‖ ≤ Real.exp (-(1 / (8 * x)))
Euler/EulerProof.lean,11982,EulerAnglePartition.partition_contDiff,T (via partition),ContDiff ℝ ∞ (partition T)
Euler/EulerProof.lean,11986,EulerAnglePartition.partition_nonneg,T (via partition),0 ≤ partition T t
Euler/EulerProof.lean,17214,EulerPacketFrameStability.third_ratio_error,N (via velocityThird),|r| ≤ 9 ∧ |-(P₀ * r₀ + Q₀)| ≤ 6 * Θ ^ 2 ∧ |velocityThird P Q N r 1| ≤ 60 * Θ ^ 2 ∧ |velocityThird P Q N r 1 - (-(P₀ * r₀ + Q₀))| ≤ (32 * ρ + 20 * η) * Θ ^ 2
Euler/EulerSpatialRescaling.lean,18,EulerSpatialRescaling.coordinates_apply,ell (via coordinates),"coordinates ell q=(q.1,ell⁻¹ • q.2)"
Euler/EulerSpatialRescaling.lean,28,EulerSpatialRescaling.velocity_hasFDerivAt,ell (via coordinates),HasFDerivAt (velocity ell u) (ell • (fderiv ℝ u (coordinates ell q)).comp (coordinates ell)) q
Euler/EulerTimeRescaling.lean,18,EulerTimeRescaling.coordinates_apply,ε (via coordinates),"coordinates ε q=(ε⁻¹*q.1,q.2)"
Euler/EulerTimeRescaling.lean,28,EulerTimeRescaling.velocity_hasFDerivAt,ε (via coordinates),HasFDerivAt (velocity ε u) (ε⁻¹ • (fderiv ℝ u (coordinates ε q)).comp (coordinates ε)) q
Euler/EulerTimeRescaling.lean,28,EulerTimeRescaling.velocity_hasFDerivAt,ε (via velocity),HasFDerivAt (velocity ε u) (ε⁻¹ • (fderiv ℝ u (coordinates ε q)).comp (coordinates ε)) q
Euler/EulerTimeRescaling.lean,34,EulerTimeRescaling.pressure_gradient,ε (via pressure),"gradient (fun y => pressure ε p (q.1,y)) q.2 = (ε⁻¹)^2 • gradient (fun y => p (ε⁻¹*q.1,y)) q.2"
Euler/EulerTimeRescaling.lean,46,EulerTimeRescaling.momentumResidual_eq,ε (via coordinates),momentumResidual (velocity ε u) (pressure ε p) q = (ε⁻¹)^2 • momentumResidual u p (coordinates ε q)
Euler/EulerTimeRescaling.lean,46,EulerTimeRescaling.momentumResidual_eq,ε (via velocity),momentumResidual (velocity ε u) (pressure ε p) q = (ε⁻¹)^2 • momentumResidual u p (coordinates ε q)
Euler/EulerTimeRescaling.lean,46,EulerTimeRescaling.momentumResidual_eq,ε (via pressure),momentumResidual (velocity ε u) (pressure ε p) q = (ε⁻¹)^2 • momentumResidual u p (coordinates ε q)
Euler/EulerTimeRescaling.lean,60,EulerTimeRescaling.momentumResidual_zero,ε (via velocity),momentumResidual (velocity ε u) (pressure ε p) q=0
Euler/EulerTimeRescaling.lean,60,EulerTimeRescaling.momentumResidual_zero,ε (via pressure),momentumResidual (velocity ε u) (pressure ε p) q=0
Euler/EulerTimeRescaling.lean,68,EulerTimeRescaling.spatial_derivative,ε (via velocity),"fderiv ℝ (fun y => velocity ε u (t,y)) x = ε⁻¹ • fderiv ℝ (fun y => u (ε⁻¹*t,y)) x"
Euler/FiniteEnergyTruncation.lean,362,Euler.ComparatorBridge.scaledCutoff_smooth,R (via scaledCutoff),ContDiff ℝ ∞ (scaledCutoff χ R)
Euler/FiniteEnergyTruncation.lean,370,Euler.ComparatorBridge.scaledCutoff_derivative_position_bound,R (via scaledCutoff),‖fderiv ℝ (scaledCutoff χ R) x‖ * ‖x‖ ≤ C
Euler/FixedEvolutionSobolev.lean,29,EulerFixedEvolutionSobolev.traceCost_nonneg,T (via traceCost),0 ≤ traceCost T
Euler/GevreyGrowthBudget.lean,21,EulerGevreyGrowthCoefficient.growthBase_budget,c (via growthBudgetBase),growthBase period K K' c ≤ growthBudgetBase c D L
Euler/GevreyGrowthBudget.lean,44,EulerGevreyGrowthCoefficient.viscousGrowth_budget,c (via growthBudgetBase),viscousGrowthCoefficient period K K' κ m c ν B ≤ growthBudgetBase c D L+growthBudgetSlope c L*B
Euler/MeanBoundaryDifference.lean,37,EulerMeanBoundary.spatialDifference_apply,h (via spatialDifference),spatialDifference a h z = h⁻¹ • (translation (h • a) z - z)
Euler/MeanBoundaryDifference.lean,43,EulerMeanBoundary.Cutoff.differenceQuotient_field,h (via differenceQuotient),(χ.differenceQuotient a h).field x = h⁻¹ * (χ.field (x + h • a) - χ.field x)
Euler/MeanBoundaryDifference.lean,46,EulerMeanBoundary.spatialDifference_commutator,h (via spatialDifference),(spatialDifference a h).comp A - A.comp (spatialDifference a h) = h⁻¹ • translationCommutator (h • a) A
Euler/MeanBoundaryDifference.lean,56,EulerMeanBoundary.mixedBoundaryOperator_differenceCommutator,h (via differenceQuotient),(spatialDifference a h).comp (mixedBoundaryOperator χ ψ) - (mixedBoundaryOperator χ ψ).comp (spatialDifference a h) = (mixedBoundaryOperator (χ.differenceQuotie
Euler/MeanBoundaryDifference.lean,56,EulerMeanBoundary.mixedBoundaryOperator_differenceCommutator,h (via spatialDifference),(spatialDifference a h).comp (mixedBoundaryOperator χ ψ) - (mixedBoundaryOperator χ ψ).comp (spatialDifference a h) = (mixedBoundaryOperator (χ.differenceQuotie
Euler/MeanBoundaryDifference.lean,68,EulerMeanBoundary.mixedBoundaryOperator_differenceCommutator_norm_le,h (via differenceQuotient),‖(spatialDifference a h).comp (mixedBoundaryOperator χ ψ) - (mixedBoundaryOperator χ ψ).comp (spatialDifference a h)‖ ≤ cutoffBound (χ.differenceQuotient a h) *
Euler/MeanBoundaryDifference.lean,68,EulerMeanBoundary.mixedBoundaryOperator_differenceCommutator_norm_le,h (via spatialDifference),‖(spatialDifference a h).comp (mixedBoundaryOperator χ ψ) - (mixedBoundaryOperator χ ψ).comp (spatialDifference a h)‖ ≤ cutoffBound (χ.differenceQuotient a h) *
Euler/MeanBoundaryDifference.lean,99,EulerMeanBoundary.mixedBoundaryOperator_differenceCommutator_norm_le_invariant,h (via differenceQuotient),‖(spatialDifference a h).comp (mixedBoundaryOperator χ ψ) - (mixedBoundaryOperator χ ψ).comp (spatialDifference a h)‖ ≤ cutoffBound (χ.differenceQuotient a h) *
Euler/MeanBoundaryDifference.lean,99,EulerMeanBoundary.mixedBoundaryOperator_differenceCommutator_norm_le_invariant,h (via spatialDifference),‖(spatialDifference a h).comp (mixedBoundaryOperator χ ψ) - (mixedBoundaryOperator χ ψ).comp (spatialDifference a h)‖ ≤ cutoffBound (χ.differenceQuotient a h) *
Euler/MeanCutoffDifferenceBound.lean,57,EulerMeanBoundary.differenceQuotient_fderiv,h (via differenceQuotient),fderiv ℝ (χ.differenceQuotient a h).field x = h⁻¹ • (fderiv ℝ χ.field (x+h•a) - fderiv ℝ χ.field x)
Euler/MeanCutoffDifferenceBound.lean,69,EulerMeanBoundary.differenceQuotient_support,h (via differenceQuotient),tsupport (χ.differenceQuotient a h).field ⊆ Metric.closedBall (0 : Space) (R+1)
Euler/MeanCutoffDifferenceBound.lean,100,EulerMeanBoundary.cutoffBound_differenceQuotient,h (via differenceQuotient),cutoffBound (χ.differenceQuotient a h) ≤ cutoffDifferenceConstant R M₁ M₂ * ‖a‖
Euler/MeanStrongContinuousGevrey.lean,21,EulerMeanStrongContinuousGevrey.coordinateTraceCost_nonneg,T (via coordinateTraceCost),0 ≤ coordinateTraceCost T
Euler/PacketBeforeTargetSize.lean,16,EulerPacketMovingFrame.physical_ideal_size_comparison_order40,a (via physicalTime),s₀*idealPrimarySize σ Z τ/4 ≤ ‖r (physicalTime t₀ a ε τ)‖*‖w (physicalTime t₀ a ε τ)‖ ∧ ‖r (physicalTime t₀ a ε τ)‖*‖w (physicalTime t₀ a ε τ)‖ ≤ 8*s₀*idealPrim
Euler/PacketBeforeTargetSize.lean,60,EulerPacketMovingFrame.physical_before_target_size_bound,a (via physicalTime),"∀ ξ τ, τ ∈ Icc 1 T → ‖r ξ (physicalTime t₀ a ε τ)‖*‖w ξ (physicalTime t₀ a ε τ)‖ ≤ 64*(‖r center (physicalTime t₀ a ε T)‖*‖w center (physicalTime t₀ a ε T)‖)"
Euler/PacketCorrectionPrimitiveBounds.lean,17,EulerPacketCorrectionPrimitive.correction_envelopes,R (via pressureEnvelope),correctionCoefficientRadius R CI ≤ radiusEnvelope X ∧ correctionPressureEnvelope c R CI ≤ pressureEnvelope X ∧ correctionMetricEnvelope R CI ≤ metricEnvelope X 
Euler/PacketCorrectionSourceData.lean,41,EulerPacketCorrectionCoefficients.correctionDataOfFields_residual,κ (via residual),(correctionDataOfFields D P κ hκ Z G).residual.field = G.path
Euler/PacketEarlyPhysical.lean,52,EulerPacketMovingFrame.early_physical_size_suppression,a (via physicalTime),"0 < ‖r center (physicalTime t₀ a ε T)‖*‖w center (physicalTime t₀ a ε T)‖ ∧ ∀ ξ τ, τ ∈ Icc 0 1 → (‖r ξ (physicalTime t₀ a ε τ)‖*‖w ξ (physicalTime t₀ a ε τ)‖)/ "
Euler/PacketExactEulerianField.lean,39,EulerPacketPhysicalTransform.exact_physicalPressure_gradient,k (via physicalPressure),"gradient (fun y => physicalPressure (S.rawGraphPotential k) Yraw (t,y)) x = κ • (D.FInv.field t (Y t x)).adjoint (S.pressure.pointField t (cylinderGraph P k D.m"
Euler/PacketExactEulerianField.lean,58,EulerPacketPhysicalTransform.exact_physicalPressure_smooth,k (via physicalPressure),"ContDiff ℝ ∞ (fun y => physicalPressure (S.rawGraphPotential k) Yraw (t,y))"
Euler/PacketExactPhysicalEuler.lean,47,EulerPacketPhysicalTransform.exact_source_euler,k (via physicalPressure),"momentumResidual (fun q => u q+physicalVelocity κ k D.m₀ F S.rawVelocity Y q) (fun q => p q+physicalPressure (S.rawGraphPotential k) Y q) (t,X (t,x)) = 0 ∧ dive"
Euler/PacketExactPhysicalMomentum.lean,27,EulerPacketPhysicalTransform.exact_source_momentum,k (via physicalPressure),"momentumResidual (fun q => u q+physicalVelocity κ k D.m₀ F S.rawVelocity Y q) (fun q => p q+physicalPressure (S.rawGraphPotential k) Y q) (t,X (t,x)) = 0"
Euler/PacketFieldPhysicalSobolev.lean,33,EulerPhysicalL2Scaling.physicalDerivativeCost_nonneg,P (via physicalDerivativeCost),0 ≤ physicalDerivativeCost P R C m
Euler/PacketForwardInitialSupport.lean,31,EulerPacketTerminalDatum.forwardInitializedInitialHigh_support,k (via forwardInitializedInitialHigh),tsupport (forwardInitializedInitialHigh M D δ hδ ξ hs α N k) ⊆ Metric.closedBall 0 (M.ℓ/2)
Euler/PacketForwardInitialSupport.lean,41,EulerPacketTerminalDatum.forwardInitializedInitialMean_zero,k (via forwardInitializedInitialMean),forwardInitializedInitialMean M D δ hδ ξ hs α N k = 0
Euler/PacketForwardInitialSupport.lean,55,EulerPacketTerminalDatum.forwardInitializedInitial_split,k (via forwardInitializedInitialHigh),"scale M.ℓ (fun x => forwardInitializedVelocity M D δ hδ ξ hs α N k⁻¹ (0,(x,k*inner ℝ D.m₀ x))) = forwardInitializedInitialHigh M D δ hδ ξ hs α N k + forwardInit"
Euler/PacketForwardInitialSupport.lean,55,EulerPacketTerminalDatum.forwardInitializedInitial_split,k (via forwardInitializedInitialMean),"scale M.ℓ (fun x => forwardInitializedVelocity M D δ hδ ξ hs α N k⁻¹ (0,(x,k*inner ℝ D.m₀ x))) = forwardInitializedInitialHigh M D δ hδ ξ hs α N k + forwardInit"
Euler/PacketForwardInitializedFieldParity.lean,41,EulerPacketTerminalDatum.forwardInitializedNormalizedField_odd,k (via forwardInitializedNormalizedField),(forwardInitializedNormalizedField M D hTime δ hδ ξ hs α N k).ReflectionOdd
Euler/PacketForwardInitializedResidualEquation.lean,68,EulerPacketTerminalDatum.forwardInitializedNormalizedField_path_eq,k (via forwardInitializedNormalizedField),(forwardInitializedNormalizedField M D hTime δ hδ ξ hs α N k).path = (coordinateField D (forwardInitializedVelocityField M D hTime δ hδ ξ hs α N k⁻¹) k).path
Euler/PacketForwardInitializedResidualEquation.lean,73,EulerPacketTerminalDatum.forwardInitializedNormalizedField_tower_eq,k (via forwardInitializedNormalizedField),(forwardInitializedNormalizedField M D hTime δ hδ ξ hs α N k).toFieldTower = (coordinateField D (forwardInitializedVelocityField M D hTime δ hδ ξ hs α N k⁻¹) k)
Euler/PacketForwardInitializedTimeBounds.lean,32,EulerPacketTerminalDatum.forwardInitializedNormalizedField_time,k (via forwardInitializedNormalizedField),TimeDerivative D.T_pos.le (forwardInitializedNormalizedField M D hTime δ hδ ξ hs α N k) (forwardInitializedNormalizedDerivativeField M D hTime δ hδ ξ hs α N k)
Euler/PacketForwardInitializedTimeBounds.lean,32,EulerPacketTerminalDatum.forwardInitializedNormalizedField_time,k (via forwardInitializedNormalizedDerivativeField),TimeDerivative D.T_pos.le (forwardInitializedNormalizedField M D hTime δ hδ ξ hs α N k) (forwardInitializedNormalizedDerivativeField M D hTime δ hδ ξ hs α N k)
Euler/PacketForwardScalarPressureGrade.lean,60,EulerTransversePacketForward.Budget.angular_grade_bound,C (via angularField),((angularField G I).normalized D.T_pos.le (c • L.g) (smul_profile_pos L.g L.positive c hc)).WordBound 6 L.R 1 e
Euler/PacketForwardScalarPressureGrade.lean,112,EulerTransversePacketForward.Budget.primary_scalar_and_angular_grade_bound,C (via angularField),((scalarField (EulerPacketForwardPrimary.forcing D) Y).normalized D.T_pos.le (α • L.g) (smul_profile_pos L.g L.positive α hα)).WordBound 6 L.R 1 (highShift 1) ∧
Euler/PacketGraphHessian.lean,153,EulerPacketGraphHessian.lowerHessian_norm_le,k (via lowerHessian),‖lowerHessian q k m Y J x‖ ≤ |k⁻¹|^2 * ‖fderiv ℝ (slowForce q k m Y J) x‖ + |k⁻¹| * (|angularDerivative q (graphMap k m (Y x))| * ‖fderiv ℝ (transportedNormal m
Euler/PacketHorizonSize.lean,87,EulerPacketMovingFrame.physical_horizon_size_bound,a (via physicalTime),"∀ ξ τ, τ ∈ Icc 1 H → ‖r ξ (physicalTime t₀ a ε τ)‖*‖w ξ (physicalTime t₀ a ε τ)‖ ≤ 64*exp 6*(‖r center (physicalTime t₀ a ε T)‖*‖w center (physicalTime t₀ a ε T"
Euler/PacketInitialSmoothFields.lean,38,EulerPacketTerminalDatum.initializedInitialHighField_field,k (via initializedInitialHighField),(initializedInitialHighField M D hTime τ hτ hτT B δ hδ ξ hs α N k).field= initializedInitialHigh M D τ hτ hτT B δ hδ ξ hs α N k
Euler/PacketInitialSmoothFields.lean,38,EulerPacketTerminalDatum.initializedInitialHighField_field,k (via initializedInitialHigh),(initializedInitialHighField M D hTime τ hτ hτT B δ hδ ξ hs α N k).field= initializedInitialHigh M D τ hτ hτT B δ hδ ξ hs α N k
Euler/PacketInitialSmoothFields.lean,42,EulerPacketTerminalDatum.initializedInitialMeanField_field,k (via initializedInitialMeanField),(initializedInitialMeanField M D hTime τ hτ hτT B δ hδ ξ hs α N k).field= initializedInitialMean M D τ hτ hτT B δ hδ ξ hs α N k
Euler/PacketInitialSmoothFields.lean,42,EulerPacketTerminalDatum.initializedInitialMeanField_field,k (via initializedInitialMean),(initializedInitialMeanField M D hTime τ hτ hτT B δ hδ ξ hs α N k).field= initializedInitialMean M D τ hτ hτT B δ hδ ξ hs α N k
Euler/PacketInitializedFieldParity.lean,43,EulerPacketTerminalDatum.initializedNormalizedField_odd,k (via initializedNormalizedField),(initializedNormalizedField M D hTime τ hτ hτT B δ hδ ξ hs α N k).ReflectionOdd
Euler/PacketInitializedInitial.lean,44,EulerPacketTerminalDatum.initializedInitialHigh_support,k (via initializedInitialHigh),tsupport (initializedInitialHigh M D τ hτ hτT B δ hδ ξ hs α N k) ⊆ Metric.closedBall 0 (M.ℓ/2)
Euler/PacketInitializedInitial.lean,54,EulerPacketTerminalDatum.initializedInitialMean_support,k (via initializedInitialMean),tsupport (initializedInitialMean M D τ hτ hτT B δ hδ ξ hs α N k) ⊆ Metric.closedBall 0 2
Euler/PacketInitializedInitial.lean,65,EulerPacketTerminalDatum.initializedInitial_common_support,k (via initializedInitialHigh),tsupport (initializedInitialHigh M D τ hτ hτT B δ hδ ξ hs α N k) ⊆ Metric.closedBall 0 2 ∧ tsupport (initializedInitialMean M D τ hτ hτT B δ hδ ξ hs α N k) ⊆ Me
Euler/PacketInitializedInitial.lean,65,EulerPacketTerminalDatum.initializedInitial_common_support,k (via initializedInitialMean),tsupport (initializedInitialHigh M D τ hτ hτT B δ hδ ξ hs α N k) ⊆ Metric.closedBall 0 2 ∧ tsupport (initializedInitialMean M D τ hτ hτT B δ hδ ξ hs α N k) ⊆ Me
Euler/PacketInitializedInitial.lean,74,EulerPacketTerminalDatum.initializedInitialMean_zero,k (via initializedInitialMean),initializedInitialMean M D τ hτ hτT B δ hδ ξ hs α N k = 0
Euler/PacketInitializedInitialExact.lean,22,EulerPacketTerminalDatum.initializedInitial_split,k (via initializedInitialHigh),"scale M.ℓ (fun x => initializedVelocity M D τ hτ hτT B δ hδ ξ hs α N k⁻¹ (0,(x,k*inner ℝ D.m₀ x))) = initializedInitialHigh M D τ hτ hτT B δ hδ ξ hs α N k + ini"
Euler/PacketInitializedInitialExact.lean,22,EulerPacketTerminalDatum.initializedInitial_split,k (via initializedInitialMean),"scale M.ℓ (fun x => initializedVelocity M D τ hτ hτT B δ hδ ξ hs α N k⁻¹ (0,(x,k*inner ℝ D.m₀ x))) = initializedInitialHigh M D τ hτ hτT B δ hδ ξ hs α N k + ini"
Euler/PacketInitializedInitialExact.lean,36,EulerPacketTerminalDatum.initializedInitialHigh_memLp,k (via initializedInitialHigh),MemLp (iteratedFDeriv ℝ n (initializedInitialHigh M D τ hτ hτT B δ hδ ξ hs α N k)) 2 volume
Euler/PacketInitializedInitialExact.lean,45,EulerPacketTerminalDatum.initializedInitialMean_memLp,k (via initializedInitialMean),MemLp (iteratedFDeriv ℝ n (initializedInitialMean M D τ hτ hτT B δ hδ ξ hs α N k)) 2 volume
Euler/PacketInitializedInitialExact.lean,54,EulerPacketTerminalDatum.initializedInitial_compact,k (via initializedInitialHigh),HasCompactSupport (initializedInitialHigh M D τ hτ hτT B δ hδ ξ hs α N k) ∧ HasCompactSupport (initializedInitialMean M D τ hτ hτT B δ hδ ξ hs α N k)
Euler/PacketInitializedInitialExact.lean,54,EulerPacketTerminalDatum.initializedInitial_compact,k (via initializedInitialMean),HasCompactSupport (initializedInitialHigh M D τ hτ hτT B δ hδ ξ hs α N k) ∧ HasCompactSupport (initializedInitialMean M D τ hτ hτT B δ hδ ξ hs α N k)
Euler/PacketInitializedResidualEquation.lean,69,EulerPacketTerminalDatum.initializedNormalizedField_path_eq,k (via initializedNormalizedField),(initializedNormalizedField M D hTime τ hτ hτT B δ hδ ξ hs α N k).path = (coordinateField D (initializedVelocityField M D hTime τ hτ hτT B δ hδ ξ hs α N k⁻¹) k)
Euler/PacketInitializedResidualEquation.lean,74,EulerPacketTerminalDatum.initializedNormalizedField_tower_eq,k (via initializedNormalizedField),(initializedNormalizedField M D hTime τ hτ hτT B δ hδ ξ hs α N k).toFieldTower = (coordinateField D (initializedVelocityField M D hTime τ hτ hτT B δ hδ ξ hs α N
Euler/PacketInitializedTimeBounds.lean,33,EulerPacketTerminalDatum.initializedNormalizedField_time,k (via initializedNormalizedField),TimeDerivative D.T_pos.le (initializedNormalizedField M D hTime τ hτ hτT B δ hδ ξ hs α N k) (initializedNormalizedDerivativeField M D hTime τ hτ hτT B δ hδ ξ hs
Euler/PacketInitializedTimeBounds.lean,33,EulerPacketTerminalDatum.initializedNormalizedField_time,k (via initializedNormalizedDerivativeField),TimeDerivative D.T_pos.le (initializedNormalizedField M D hTime τ hτ hτT B δ hδ ξ hs α N k) (initializedNormalizedDerivativeField M D hTime τ hτ hτT B δ hδ ξ hs
Euler/PacketKnownTermSums.lean,18,EulerPacketCylinderField.angleMean_congr_at,P (via angleMean),"angleMean P f (t,(x,θ)) = angleMean P g (t,(x,θ))"
Euler/PacketLiftedCoefficientBounds.lean,47,EulerAllOrderDriftCorrection.liftedInputRadius_error,ρ (via liftedInputRadius),‖coordinateEquiv.symm.toContinuousLinearMap‖ * ρ⁻¹ ≤ liftedInputRadius R ρ
Euler/PacketLiftedSmallness.lean,28,EulerPacketSourceFrequency.liftedAmplitude_nonneg,k (via liftedAmplitude),0 ≤ liftedAmplitude C E k
Euler/PacketMatrixContinuity.lean,37,EulerPacketMovingFrame.scaledRayEntry_continuousOn,a (via scaledRayEntry),"∀ i j, ContinuousOn (fun τ => scaledRayEntry a ε (M τ) (S τ) i j) U"
Euler/PacketMatrixContinuity.lean,45,EulerPacketMovingFrame.scaledVelocityEntry_continuousOn,a (via scaledVelocityEntry),"∀ i j, ContinuousOn (fun τ => scaledVelocityEntry a ε (M τ) i j) U"
Euler/PacketParentFlowDifferentiation.lean,62,EulerPacketPhysicalTransform.physical_euler_momentum_of_flow,k (via physicalPressure),"momentumResidual (fun q => u q+physicalVelocity κ k m F z Y q) (fun q => p q+physicalPressure Q Y q) (t,X (t,x)) = 0"
Euler/PacketParentFlowDifferentiation.lean,62,EulerPacketPhysicalTransform.physical_euler_momentum_of_flow,κ (via momentumResidual),"momentumResidual (fun q => u q+physicalVelocity κ k m F z Y q) (fun q => p q+physicalPressure Q Y q) (t,X (t,x)) = 0"
Euler/PacketParentNormalBudget.lean,22,EulerPacketParentNormalBudget.amplitude_nonneg,C (via amplitude),0 ≤ amplitude C C₁
Euler/PacketParentTransverseCosts.lean,120,EulerPacketParentTransverseCosts.inverseRadius_bound,c (via gramCost),2*EulerTimeLpGramGevrey.gramCost c C 1*(R+1) ≤ inverseRadius R C
Euler/PacketPhysicalCompression.lean,68,EulerPacketMovingFrame.physical_target_compression,a (via physicalTime),normalizedCoupling M (r (physicalTime t₀ a ε τ)) (r (physicalTime t₀ a ε τ)) ≤ -(h*ε)/(10*τ)+3*(‖B‖+‖E‖) ∧ (30*(‖B‖+‖E‖)*τ < h*ε → normalizedCoupling M (r (phys
Euler/PacketPhysicalEulerTransform.lean,127,EulerPacketPhysicalTransform.physical_euler_momentum,k (via physicalPressure),"momentumResidual (fun q => u q+physicalVelocity κ k m F z Y q) (fun q => p q+physicalPressure Q Y q) (t,X (t,x)) = 0"
Euler/PacketPhysicalEulerTransform.lean,127,EulerPacketPhysicalTransform.physical_euler_momentum,κ (via momentumResidual),"momentumResidual (fun q => u q+physicalVelocity κ k m F z Y q) (fun q => p q+physicalPressure Q Y q) (t,X (t,x)) = 0"
Euler/PacketPhysicalNormBounds.lean,31,EulerPacketMovingFrame.scaledRay_norm_le_norm3,a (via physicalTime),‖r (physicalTime t₀ a ε τ)‖ ≤ s₀*norm3 (scaledRay m v r s₀ t₀ a ε τ 0) (scaledRay m v r s₀ t₀ a ε τ 1) (scaledRay m v r s₀ t₀ a ε τ 2)
Euler/PacketPhysicalNormBounds.lean,51,EulerPacketMovingFrame.scaledVelocity_norm_le_norm3,a (via physicalTime),‖w (physicalTime t₀ a ε τ)‖ ≤ norm3 (scaledVelocity m v w t₀ a ε τ 0) (scaledVelocity m v w t₀ a ε τ 1) (scaledVelocity m v w t₀ a ε τ 2)
Euler/PacketPhysicalNormBounds.lean,71,EulerPacketMovingFrame.physical_size_ge_second,a (via physicalTime),s₀*scaledVelocity m v w t₀ a ε τ 1/2 ≤ ‖r (physicalTime t₀ a ε τ)‖*‖w (physicalTime t₀ a ε τ)‖
Euler/PacketPhysicalNormBounds.lean,99,EulerPacketMovingFrame.physical_size_le_scaled_state,a (via physicalTime),‖r (physicalTime t₀ a ε τ)‖*‖w (physicalTime t₀ a ε τ)‖ ≤ 49*s₀*Θ^4*(|scaledVelocity m v w t₀ a ε τ 0|+|scaledVelocity m v w t₀ a ε τ 1|)
Euler/PacketPhysicalSign.lean,17,EulerPacketMovingFrame.controlled_pressure_ratio_lower,N (via velocityThird),σ^2/2 ≤ velocityNumerator A P Q N r 1 (velocityThird P Q N r 1)
Euler/PacketPhysicalSize.lean,50,EulerPacketMovingFrame.scaledRay_norm_sq,a (via physicalTime),‖r (physicalTime t₀ a ε τ)‖^2 = s₀^2* rayDenominator ε (scaledRay m v r s₀ t₀ a ε τ 0) (scaledRay m v r s₀ t₀ a ε τ 1) (scaledRay m v r s₀ t₀ a ε τ 2)
Euler/PacketPhysicalSize.lean,60,EulerPacketMovingFrame.scaledRay_norm,a (via physicalTime),‖r (physicalTime t₀ a ε τ)‖ = |s₀| * Real.sqrt (rayDenominator ε (scaledRay m v r s₀ t₀ a ε τ 0) (scaledRay m v r s₀ t₀ a ε τ 1) (scaledRay m v r s₀ t₀ a ε τ 2)
Euler/PacketPhysicalSize.lean,72,EulerPacketMovingFrame.scaledVelocity_norm_sq,a (via physicalTime),‖w (physicalTime t₀ a ε τ)‖^2 = ε^2*(scaledVelocity m v w t₀ a ε τ 0)^2+ (scaledVelocity m v w t₀ a ε τ 1)^2+ε^2*(scaledVelocity m v w t₀ a ε τ 2)^2
Euler/PacketPhysicalSize.lean,84,EulerPacketMovingFrame.scaledVelocity_norm_ratio_sq,a (via physicalTime),‖w (physicalTime t₀ a ε τ)‖^2 = (scaledVelocity m v w t₀ a ε τ 1)^2* velocityDenominator ε (scaledVelocity m v w t₀ a ε τ 0/scaledVelocity m v w t₀ a ε τ 1) (sc
Euler/PacketPhysicalSize.lean,96,EulerPacketMovingFrame.scaledVelocity_norm_ratio,a (via physicalTime),‖w (physicalTime t₀ a ε τ)‖ = |scaledVelocity m v w t₀ a ε τ 1| * Real.sqrt (velocityDenominator ε (scaledVelocity m v w t₀ a ε τ 0/scaledVelocity m v w t₀ a ε 
Euler/PacketPointJets.lean,103,EulerPacketPointJets.momentumResidual_formula,κ (via momentumResidual),momentumResidual κ FInv M m u p z = fderiv ℝ u z timeDirection + M (u z) + FInv.adjoint ((toDual ℝ Space).symm ((fderiv ℝ p z).comp spatialInjection)) + κ⁻¹ • (
Euler/PacketPressureFastHessian.lean,49,EulerPacketGraphHessian.fastHessianRemainder_norm_le,k (via fastHessianRemainder),‖fastHessianRemainder a k m Y J x‖ ≤ |k⁻¹| * (|a (graphMap k m (Y x))| * ‖fderiv ℝ (transportedNormal m J) x‖ + ‖fderiv ℝ a (graphMap k m (Y x))‖ * ‖J x‖ * ‖tra
Euler/PacketPrimaryGlobalShear.lean,39,EulerPacketPrimaryShear.slowGraphDerivative_norm_le,k (via slowGraphDerivative),‖slowGraphDerivative q k m Y J x‖ ≤ |k⁻¹| * ‖fderiv ℝ q (graphMap k m (Y x))‖ * ‖J‖
Euler/PacketPrimaryScaling.lean,60,EulerPacketPrimaryShear.scaled_terminal_wave_eq,k (via fullWave),"(fun x : Space => k⁻¹ • vector τ hτ hτT B (initialData D δ hδ (a • ξ) hs) (t,(x,k*⟪D.m₀,x⟫_ℝ))) = fullWave τ hτ hτT B δ hδ ξ hs a k t"
Euler/PacketScalarPressureGrade.lean,197,EulerTransversePacketPrimary.Budget.angular_grade_bound,C (via angularField),((angularField τ hτ hτT B Y).normalized D.T_pos.le (α • L.fullProfile) (smul_profile_pos L.fullProfile L.fullProfile_pos α hα)).WordBound 6 L.R 1 (highShift 1)
Euler/PacketScaledRay.lean,14,EulerPacketMovingFrame.physicalTime_hasDerivAt,a (via physicalTime),HasDerivAt (physicalTime t₀ a ε) (ε/a) τ
Euler/PacketScaledVelocity.lean,21,EulerPacketMovingFrame.scaledRay_restore,a (via physicalTime),s₀*rayScale ε i*scaledRay m v r s₀ t₀ a ε τ i = movingRay m v r (physicalTime t₀ a ε τ) i
Euler/PacketScaledVelocity.lean,27,EulerPacketMovingFrame.scaledVelocity_restore,a (via physicalTime),velocityScale ε i*scaledVelocity m v w t₀ a ε τ i = movingVelocity m v w (physicalTime t₀ a ε τ) i
Euler/PacketScaledVelocity.lean,40,EulerPacketMovingFrame.movingDenominator_scaling,a (via physicalTime),movingDenominator m v r (physicalTime t₀ a ε τ) = s₀^2 * rayDenominator ε (scaledRay m v r s₀ t₀ a ε τ 0) (scaledRay m v r s₀ t₀ a ε τ 1) (scaledRay m v r s₀ t₀
Euler/PacketSizeComparison.lean,45,EulerPacketMovingFrame.physical_size_comparison_order40,a (via physicalTime),s₀*Real.sqrt (1+P₀^2)*Z/4 ≤ ‖r (physicalTime t₀ a ε τ)‖*‖w (physicalTime t₀ a ε τ)‖ ∧ ‖r (physicalTime t₀ a ε τ)‖*‖w (physicalTime t₀ a ε τ)‖ ≤ 8*s₀*Real.sqrt (
Euler/PacketTangentInvariant.lean,24,EulerPacketMovingFrame.rescaled_tangentPairing_zero,a (via physicalTime),"∀ τ ∈ Icc 0 T, ⟪r (physicalTime t₀ a ε τ),w (physicalTime t₀ a ε τ)⟫_ℝ = 0"
Euler/PacketTangentNorm.lean,12,EulerPacketMovingFrame.scaled_pair_le_physical_norm,a (via physicalTime),|scaledVelocity m v w t₀ a ε τ 0|+|scaledVelocity m v w t₀ a ε τ 1| ≤ (2/ε)*‖w (physicalTime t₀ a ε τ)‖
Euler/PacketTangentNorm.lean,38,EulerPacketMovingFrame.physical_velocity_le_scaled_state,a (via physicalTime),‖w (physicalTime t₀ a ε τ)‖ ≤ 7*Θ^2*(|scaledVelocity m v w t₀ a ε τ 0|+|scaledVelocity m v w t₀ a ε τ 1|)
Euler/PacketTargetAmplification.lean,41,EulerPacketMovingFrame.physical_target_exponential_lower,a (via physicalTime),0 < ‖r (physicalTime t₀ a ε T)‖*‖w (physicalTime t₀ a ε T)‖ ∧ s₀*exp (1/(4*σ)) ≤ 4*Θ*(‖r (physicalTime t₀ a ε T)‖*‖w (physicalTime t₀ a ε T)‖)
Euler/ParentChoiceInitialSupport.lean,20,EulerPacketTerminalDatum.forwardInitializedInitialMean_support,k (via forwardInitializedInitialMean),tsupport (forwardInitializedInitialMean M D δ hδ ξ hs α N k) ⊆ Metric.closedBall 0 2
Euler/ParentChoiceInitialSupport.lean,28,EulerPacketTerminalDatum.forwardInitializedInitial_common_support,k (via forwardInitializedInitialHigh),tsupport (forwardInitializedInitialHigh M D δ hδ ξ hs α N k) ⊆ Metric.closedBall 0 2 ∧ tsupport (forwardInitializedInitialMean M D δ hδ ξ hs α N k) ⊆ Metric.clo
Euler/ParentChoiceInitialSupport.lean,28,EulerPacketTerminalDatum.forwardInitializedInitial_common_support,k (via forwardInitializedInitialMean),tsupport (forwardInitializedInitialHigh M D δ hδ ξ hs α N k) ⊆ Metric.closedBall 0 2 ∧ tsupport (forwardInitializedInitialMean M D δ hδ ξ hs α N k) ⊆ Metric.clo
Euler/ParentPacketBadRatioPolynomial.lean,17,EulerTransverseHistoryBounds.historyCost_le_differenceCost,c (via historyCost),historyCost T c q q1 d a r ≤ historyDifferenceCost T c q q1 d a r x y z
Euler/ParentPacketBadRatioPolynomial.lean,17,EulerTransverseHistoryBounds.historyCost_le_differenceCost,c (via historyDifferenceCost),historyCost T c q q1 d a r ≤ historyDifferenceCost T c q q1 d a r x y z
Euler/ParentStageHorizon.lean,79,EulerParentStageHorizon.physical_target_identity,a (via physicalTime),physicalTime τ a (sqrt (a/h)) (x/sqrt β)=τ+x/sqrt (β*a*h)
Euler/PhysicalL2Scaling.lean,50,EulerPhysicalL2Scaling.scale_contDiff,ell (via scale),ContDiff ℝ ∞ (scale ell f)
Euler/PhysicalL2Scaling.lean,54,EulerPhysicalL2Scaling.iteratedFDeriv_scale,ell (via scale),iteratedFDeriv ℝ n (scale ell f) x = (ell*(ell⁻¹)^n) • iteratedFDeriv ℝ n f (ell⁻¹ • x)
Euler/StaticEulerCorrection.lean,37,EulerStaticEuler.amplitude_pos,C (via amplitude),0 < amplitude P C R hC hR
Euler/StaticEulerCorrection.lean,40,EulerStaticEuler.amplitude_le_one,C (via amplitude),amplitude P C R hC hR ≤ 1
Euler/TransverseHistoryLipschitz.lean,15,EulerTransverseHistoryBounds.historyDifferenceCost_linear,c (via historyDifferenceCost),historyDifferenceCost T c q q₁ d a r x y z = historyDifferenceCost T c q q₁ d a r 1 0 0 * x + historyDifferenceCost T c q q₁ d a r 0 1 0 * y + historyDifference
Euler/TransverseHistoryLipschitz.lean,24,EulerTransverseHistoryBounds.historyDifferenceCost_nonneg,c (via historyDifferenceCost),0 ≤ historyDifferenceCost T c q q₁ d a r x y z
Euler/TransverseHistoryLipschitz.lean,33,EulerTransverseHistoryBounds.historyDifferenceCost_le_scale,c (via historyDifferenceCost),historyDifferenceCost T c q q₁ d a r x y z ≤ historyDifferenceCost T c q q₁ d a r L₀ L₁ LH * s
Euler/WholeSpaceGaussian.lean,40,EulerWholeSpaceGaussian.kernel_smooth,t (via kernel),ContDiff ℝ ∞ (kernel t)
Euler/WholeSpaceGaussianKernel.lean,22,EulerWholeSpaceGaussian.firstKernel_smooth,t (via firstKernel),ContDiff ℝ ∞ (firstKernel t a)
Euler/WholeSpaceGaussianKernel.lean,26,EulerWholeSpaceGaussian.secondKernel_smooth,t (via secondKernel),ContDiff ℝ ∞ (secondKernel t a b)
Euler/WholeSpaceGaussianKernel.lean,32,EulerWholeSpaceGaussian.kernel_fderiv,t (via kernel),fderiv ℝ (kernel t) x a = firstKernel t a x
Euler/WholeSpaceGaussianKernel.lean,32,EulerWholeSpaceGaussian.kernel_fderiv,t (via firstKernel),fderiv ℝ (kernel t) x a = firstKernel t a x
Euler/WholeSpaceGaussianKernel.lean,42,EulerWholeSpaceGaussian.firstKernel_fderiv,t (via firstKernel),fderiv ℝ (firstKernel t a) x b = secondKernel t a b x
Euler/WholeSpaceGaussianKernel.lean,42,EulerWholeSpaceGaussian.firstKernel_fderiv,t (via secondKernel),fderiv ℝ (firstKernel t a) x b = secondKernel t a b x
Euler/WholeSpaceGaussianTimeKernel.lean,36,EulerWholeSpaceGaussian.timeKernel_continuous,t (via timeKernel),Continuous (timeKernel t)
Euler/WholeSpaceGaussianTimeKernel.lean,41,EulerWholeSpaceGaussian.timeKernel_second_sum,t (via secondKernel),"Fin 3, secondKernel t (EuclideanSpace.single i 1) (EuclideanSpace.single i 1) y"
